Timestamp,RoverID,RoverType,SensorType,Value,Status
2055-10-12T08:00:00Z,R-05,Tracked,Temperature,-40.3,OK
2055-10-12T08:00:05Z,R-04,Hover,Atmosphere,98.2,OK
2055-10-12T08:00:07Z,R-05,Tracked,Atmosphere,96.9,OK
2055-10-12T08:00:08Z,R-02,Hover,Atmosphere,96.6,OK
2055-10-12T08:00:10Z,R-05,Tracked,Temperature,-50.0,OK
2055-10-12T08:00:11Z,R-05,Tracked,Atmosphere,94.3,OK
2055-10-12T08:00:13Z,R-05,Tracked,Temperature,-43.3,WARNING
2055-10-12T08:00:16Z,R-05,Tracked,Atmosphere,95.4,OK
2055-10-12T08:00:19Z,R-04,Hover,Radiation,91.7,OK
2055-10-12T08:00:22Z,R-01,Tracked,Radiation,243.7,OK
2055-10-12T08:00:27Z,R-02,Hover,Radiation,183.3,OK
2055-10-12T08:00:29Z,R-04,Hover,Atmosphere,94.6,OK
2055-10-12T08:00:32Z,R-05,Tracked,Radiation,141.6,OK
2055-10-12T08:00:35Z,R-05,Tracked,Radiation,89.4,OK
2055-10-12T08:00:38Z,R-03,Walker,Radiation,160.8,OK
2055-10-12T08:00:43Z,R-05,Tracked,Temperature,-24.0,OK
2055-10-12T08:00:47Z,R-01,Tracked,Atmosphere,91.5,OK
2055-10-12T08:00:49Z,R-02,Hover,Temperature,ERR,ERROR
2055-10-12T08:00:50Z,R-02,Hover,Temperature,-44.1,OK
2055-10-12T08:00:55Z,R-05,Tracked,Radiation,140.7,OK
2055-10-12T08:00:57Z,R-01,Tracked,Radiation,108.5,OK
2055-10-12T08:01:02Z,R-04,Hover,Atmosphere,98.5,OK
2055-10-12T08:01:04Z,R-03,Walker,Atmosphere,93.7,WARNING
2055-10-12T08:01:08Z,R-01,Tracked,Radiation,111.5,OK
2055-10-12T08:01:12Z,R-04,Hover,Atmosphere,93.1,OK
2055-10-12T08:01:16Z,R-01,Tracked,Radiation,264.6,OK
2055-10-12T08:01:19Z,R-02,Hover,Radiation,144.0,OK
2055-10-12T08:01:23Z,R-02,Hover,Atmosphere,,ERROR
2055-10-12T08:01:27Z,R-02,Hover,Atmosphere,95.4,OK
2055-10-12T08:01:31Z,R-04,Hover,Atmosphere,98.0,WARNING
2055-10-12T08:01:36Z,R-01,Tracked,Atmosphere,NULL,ERROR
2055-10-12T08:01:39Z,R-04,Hover,Atmosphere,93.5,OK
2055-10-12T08:01:41Z,R-01,Tracked,Atmosphere,98.0,OK
2055-10-12T08:01:44Z,R-03,Walker,Temperature,-27.2,OK
2055-10-12T08:01:49Z,R-02,Hover,Temperature,-68.2,OK
2055-10-12T08:01:51Z,R-05,Tracked,Temperature,-17.3,OK
2055-10-12T08:01:53Z,R-05,Tracked,Atmosphere,93.1,OK
2055-10-12T08:01:55Z,R-04,Hover,Radiation,-100.0,ERROR
2055-10-12T08:01:57Z,R-01,Tracked,Temperature,-63.0,OK
2055-10-12T08:01:59Z,R-04,Hover,Atmosphere,98.4,ERROR
2055-10-12T08:02:04Z,R-01,Tracked,Radiation,ERR,ERROR
2055-10-12T08:02:05Z,R-04,Hover,Radiation,243.8,OK
2055-10-12T08:02:10Z,R-03,Walker,Atmosphere,93.8,OK
2055-10-12T08:02:11Z,R-03,Walker,Radiation,129.5,OK
2055-10-12T08:02:15Z,R-04,Hover,Atmosphere,91.6,OK
2055-10-12T08:02:16Z,R-05,Tracked,Radiation,451.4,WARNING
2055-10-12T08:02:18Z,R-02,Hover,Temperature,,ERROR
2055-10-12T08:02:19Z,R-02,Hover,Temperature,-37.4,OK
2055-10-12T08:02:20Z,R-04,Hover,Atmosphere,95.4,OK
2055-10-12T08:02:21Z,R-02,Hover,Atmosphere,98.1,OK
2055-10-12T08:02:24Z,R-02,Hover,Radiation,238.3,OK
2055-10-12T08:02:29Z,R-03,Walker,Temperature,-14.1,OK
2055-10-12T08:02:34Z,R-03,Walker,Temperature,-70.8,OK
2055-10-12T08:02:39Z,R-04,Hover,Radiation,248.4,OK
2055-10-12T08:02:41Z,R-04,Hover,Atmosphere,98.3,OK
2055-10-12T08:02:46Z,R-02,Hover,Radiation,75.6,OK
2055-10-12T08:02:47Z,R-03,Walker,Radiation,273.8,OK
2055-10-12T08:02:51Z,R-05,Tracked,Temperature,NULL,ERROR
2055-10-12T08:02:56Z,R-03,Walker,Radiation,419.4,WARNING
2055-10-12T08:02:57Z,R-02,Hover,Temperature,-38.8,OK
2055-10-12T08:03:01Z,R-02,Hover,Radiation,152.2,OK
2055-10-12T08:03:03Z,R-05,Tracked,Radiation,247.9,OK
2055-10-12T08:03:08Z,R-02,Hover,Atmosphere,92.5,WARNING
2055-10-12T08:03:09Z,R-04,Hover,Temperature,-43.7,OK
2055-10-12T08:03:10Z,R-02,Hover,Atmosphere,95.5,OK
2055-10-12T08:03:13Z,R-01,Tracked,Temperature,-36.1,OK
2055-10-12T08:03:17Z,R-03,Walker,Temperature,-47.8,OK
2055-10-12T08:03:22Z,R-03,Walker,Atmosphere,90.7,OK
2055-10-12T08:03:27Z,R-04,Hover,Radiation,163.7,OK
2055-10-12T08:03:28Z,R-04,Hover,Temperature,-43.4,OK
2055-10-12T08:03:33Z,R-01,Tracked,Radiation,109.6,OK
2055-10-12T08:03:37Z,R-01,Tracked,Atmosphere,96.0,OK
2055-10-12T08:03:42Z,R-03,Walker,Temperature,-33.9,OK
2055-10-12T08:03:44Z,R-01,Tracked,Radiation,111.4,OK
2055-10-12T08:03:46Z,R-05,Tracked,Temperature,-24.8,OK
2055-10-12T08:03:47Z,R-02,Hover,Temperature,-21.3,OK
2055-10-12T08:03:52Z,R-05,Tracked,Temperature,NULL,ERROR
2055-10-12T08:03:57Z,R-03,Walker,Atmosphere,93.1,OK
2055-10-12T08:03:58Z,R-04,Hover,Radiation,#VALUE!,ERROR
2055-10-12T08:04:01Z,R-02,Hover,Radiation,417.5,WARNING
2055-10-12T08:04:02Z,R-03,Walker,Atmosphere,96.9,OK
2055-10-12T08:04:04Z,R-04,Hover,Temperature,-29.1,OK
2055-10-12T08:04:08Z,R-01,Tracked,Temperature,-72.4,OK
2055-10-12T08:04:11Z,R-05,Tracked,Temperature,-48.2,OK
2055-10-12T08:04:15Z,R-05,Tracked,Temperature,-34.7,OK
2055-10-12T08:04:17Z,R-05,Tracked,Radiation,280.9,OK
2055-10-12T08:04:21Z,R-03,Walker,Atmosphere,99.4,OK
2055-10-12T08:04:25Z,R-02,Hover,Atmosphere,96.7,OK
2055-10-12T08:04:26Z,R-03,Walker,Radiation,99999.0,ERROR
2055-10-12T08:04:28Z,R-01,Tracked,Temperature,-17.8,OK
2055-10-12T08:04:33Z,R-03,Walker,Temperature,-32.2,OK
2055-10-12T08:04:35Z,R-05,Tracked,Radiation,166.3,OK
2055-10-12T08:04:40Z,R-04,Hover,Atmosphere,93.5,OK
2055-10-12T08:04:45Z,R-04,Hover,Atmosphere,95.0,OK
2055-10-12T08:04:46Z,R-02,Hover,Atmosphere,95.3,OK
2055-10-12T08:04:48Z,R-01,Tracked,Radiation,67.0,OK
2055-10-12T08:04:50Z,R-05,Tracked,Temperature,-35.1,OK
2055-10-12T08:04:53Z,R-05,Tracked,Temperature,-22.7,OK
2055-10-12T08:04:56Z,R-02,Hover,Temperature,-55.4,OK
2055-10-12T08:04:57Z,R-04,Hover,Atmosphere,96.3,OK
2055-10-12T08:04:58Z,R-01,Tracked,Atmosphere,91.2,OK
2055-10-12T08:05:03Z,R-03,Walker,Temperature,-80.0,OK
2055-10-12T08:05:07Z,R-04,Hover,Temperature,-76.2,OK
2055-10-12T08:05:12Z,R-03,Walker,Radiation,177.1,OK
2055-10-12T08:05:16Z,R-03,Walker,Temperature,-20.2,OK
2055-10-12T08:05:19Z,R-02,Hover,Atmosphere,92.8,OK
2055-10-12T08:05:23Z,R-03,Walker,Atmosphere,93.2,OK
2055-10-12T08:05:28Z,R-02,Hover,Radiation,438.6,WARNING
2055-10-12T08:05:29Z,R-05,Tracked,Atmosphere,98.2,OK
2055-10-12T08:05:33Z,R-05,Tracked,Atmosphere,92.8,OK
2055-10-12T08:05:35Z,R-02,Hover,Radiation,107.0,OK
2055-10-12T08:05:39Z,R-04,Hover,Temperature,-73.8,WARNING
2055-10-12T08:05:40Z,R-04,Hover,Radiation,152.3,OK
2055-10-12T08:05:41Z,R-01,Tracked,Temperature,-26.7,OK
2055-10-12T08:05:45Z,R-05,Tracked,Temperature,-12.9,OK
2055-10-12T08:05:47Z,R-02,Hover,Temperature,-9999.0,ERROR
2055-10-12T08:05:49Z,R-01,Tracked,Atmosphere,91.9,WARNING
2055-10-12T08:05:51Z,R-05,Tracked,Atmosphere,93.5,OK
2055-10-12T08:05:56Z,R-04,Hover,Atmosphere,98.0,OK
2055-10-12T08:05:59Z,R-02,Hover,Radiation,-100.0,ERROR
2055-10-12T08:06:01Z,R-04,Hover,Temperature,-67.1,OK
2055-10-12T08:06:06Z,R-04,Hover,Radiation,53.0,OK
2055-10-12T08:06:07Z,R-01,Tracked,Atmosphere,97.5,OK
2055-10-12T08:06:10Z,R-03,Walker,Atmosphere,96.8,OK
2055-10-12T08:06:14Z,R-02,Hover,Temperature,-71.6,OK
2055-10-12T08:06:17Z,R-02,Hover,Temperature,-68.2,OK
2055-10-12T08:06:20Z,R-01,Tracked,Radiation,274.1,OK
2055-10-12T08:06:25Z,R-05,Tracked,Atmosphere,95.9,OK
2055-10-12T08:06:30Z,R-03,Walker,Atmosphere,93.0,OK
2055-10-12T08:06:35Z,R-03,Walker,Atmosphere,,ERROR
2055-10-12T08:06:39Z,R-02,Hover,Temperature,-50.0,OK
2055-10-12T08:06:42Z,R-01,Tracked,Temperature,-11.2,OK
2055-10-12T08:06:45Z,R-04,Hover,Temperature,,ERROR
2055-10-12T08:06:50Z,R-05,Tracked,Temperature,-76.5,OK
2055-10-12T08:06:55Z,R-05,Tracked,Temperature,5000.0,ERROR
2055-10-12T08:06:57Z,R-02,Hover,Radiation,280.7,OK
2055-10-12T08:06:58Z,R-05,Tracked,Radiation,70.3,OK
2055-10-12T08:07:02Z,R-02,Hover,Atmosphere,NaN,ERROR
2055-10-12T08:07:03Z,R-04,Hover,Temperature,5000.0,ERROR
2055-10-12T08:07:06Z,R-05,Tracked,Radiation,150.5,OK
2055-10-12T08:07:11Z,R-01,Tracked,Temperature,-58.5,OK
2055-10-12T08:07:15Z,R-02,Hover,Atmosphere,,ERROR
2055-10-12T08:07:16Z,R-02,Hover,Atmosphere,93.2,OK
2055-10-12T08:07:17Z,R-04,Hover,Temperature,-67.0,OK
2055-10-12T08:07:20Z,R-02,Hover,Temperature,-42.8,OK
2055-10-12T08:07:24Z,R-04,Hover,Temperature,-47.7,OK
2055-10-12T08:07:26Z,R-04,Hover,Temperature,-74.3,OK
2055-10-12T08:07:28Z,R-04,Hover,Radiation,-100.0,ERROR
2055-10-12T08:07:33Z,R-03,Walker,Radiation,116.9,OK
2055-10-12T08:07:35Z,R-05,Tracked,Temperature,-30.9,OK
2055-10-12T08:07:36Z,R-03,Walker,Atmosphere,92.1,OK
2055-10-12T08:07:39Z,R-05,Tracked,Radiation,181.3,OK
2055-10-12T08:07:43Z,R-01,Tracked,Temperature,-23.2,OK
2055-10-12T08:07:48Z,R-04,Hover,Radiation,488.9,WARNING
2055-10-12T08:07:52Z,R-02,Hover,Atmosphere,99.9,OK
2055-10-12T08:07:56Z,R-01,Tracked,Temperature,-13.6,OK
2055-10-12T08:08:00Z,R-02,Hover,Radiation,144.0,OK
2055-10-12T08:08:05Z,R-04,Hover,Atmosphere,97.7,OK
2055-10-12T08:08:08Z,R-05,Tracked,Radiation,283.8,OK
2055-10-12T08:08:09Z,R-04,Hover,Temperature,-16.4,OK
2055-10-12T08:08:13Z,R-04,Hover,Atmosphere,90.7,OK
2055-10-12T08:08:18Z,R-03,Walker,Radiation,52.2,OK
2055-10-12T08:08:19Z,R-01,Tracked,Radiation,154.0,OK
2055-10-12T08:08:20Z,R-04,Hover,Radiation,241.5,OK
2055-10-12T08:08:24Z,R-02,Hover,Temperature,-70.2,OK
2055-10-12T08:08:28Z,R-05,Tracked,Atmosphere,97.6,OK
2055-10-12T08:08:31Z,R-01,Tracked,Temperature,-35.8,OK
2055-10-12T08:08:34Z,R-03,Walker,Atmosphere,95.8,OK
2055-10-12T08:08:39Z,R-03,Walker,Temperature,-77.2,OK
2055-10-12T08:08:44Z,R-03,Walker,Radiation,208.5,OK
2055-10-12T08:08:49Z,R-05,Tracked,Radiation,210.9,OK
2055-10-12T08:08:53Z,R-02,Hover,Temperature,-37.7,OK
2055-10-12T08:08:57Z,R-02,Hover,Atmosphere,94.6,OK
2055-10-12T08:09:02Z,R-04,Hover,Temperature,-25.6,OK
2055-10-12T08:09:06Z,R-04,Hover,Temperature,-27.2,OK
2055-10-12T08:09:07Z,R-01,Tracked,Atmosphere,94.2,OK
2055-10-12T08:09:09Z,R-05,Tracked,Temperature,-61.1,OK
2055-10-12T08:09:10Z,R-03,Walker,Atmosphere,97.0,OK
2055-10-12T08:09:11Z,R-04,Hover,Radiation,196.0,OK
2055-10-12T08:09:15Z,R-02,Hover,Temperature,-68.4,OK
2055-10-12T08:09:20Z,R-01,Tracked,Atmosphere,99.6,OK
2055-10-12T08:09:21Z,R-01,Tracked,Radiation,114.4,OK
2055-10-12T08:09:25Z,R-01,Tracked,Atmosphere,97.6,OK
2055-10-12T08:09:29Z,R-04,Hover,Atmosphere,99.8,OK
2055-10-12T08:09:32Z,R-02,Hover,Temperature,-64.9,OK
2055-10-12T08:09:37Z,R-02,Hover,Temperature,-58.8,OK
2055-10-12T08:09:39Z,R-01,Tracked,Temperature,-65.6,OK
2055-10-12T08:09:44Z,R-05,Tracked,Atmosphere,94.4,OK
2055-10-12T08:09:47Z,R-04,Hover,Radiation,80.5,OK
2055-10-12T08:09:50Z,R-02,Hover,Radiation,231.6,OK
2055-10-12T08:09:51Z,R-03,Walker,Temperature,-26.5,OK
2055-10-12T08:09:52Z,R-05,Tracked,Atmosphere,96.6,OK
2055-10-12T08:09:55Z,R-04,Hover,Temperature,-10.7,OK
2055-10-12T08:09:59Z,R-04,Hover,Atmosphere,90.4,OK
2055-10-12T08:10:00Z,R-04,Hover,Radiation,62.2,OK
2055-10-12T08:10:05Z,R-05,Tracked,Radiation,247.9,OK
2055-10-12T08:10:06Z,R-01,Tracked,Temperature,-66.3,OK
2055-10-12T08:10:07Z,R-03,Walker,Radiation,259.9,OK
2055-10-12T08:10:12Z,R-02,Hover,Temperature,-35.9,OK
2055-10-12T08:10:17Z,R-03,Walker,Temperature,-21.4,OK
2055-10-12T08:10:22Z,R-04,Hover,Atmosphere,93.7,OK
2055-10-12T08:10:24Z,R-02,Hover,Temperature,-50.5,OK
2055-10-12T08:10:29Z,R-03,Walker,Atmosphere,97.2,OK
2055-10-12T08:10:33Z,R-03,Walker,Temperature,-39.1,OK
2055-10-12T08:10:35Z,R-01,Tracked,Temperature,-30.4,OK
2055-10-12T08:10:39Z,R-04,Hover,Atmosphere,92.2,OK
2055-10-12T08:10:40Z,R-03,Walker,Radiation,262.9,OK
2055-10-12T08:10:45Z,R-04,Hover,Temperature,-31.5,OK
2055-10-12T08:10:49Z,R-02,Hover,Radiation,71.4,OK
2055-10-12T08:10:52Z,R-02,Hover,Temperature,-73.6,OK
2055-10-12T08:10:57Z,R-02,Hover,Radiation,185.7,OK
2055-10-12T08:11:00Z,R-02,Hover,Temperature,-51.2,OK
2055-10-12T08:11:01Z,R-05,Tracked,Atmosphere,N/A,ERROR
2055-10-12T08:11:04Z,R-02,Hover,Atmosphere,NaN,ERROR
2055-10-12T08:11:06Z,R-05,Tracked,Atmosphere,91.4,OK
2055-10-12T08:11:08Z,R-04,Hover,Radiation,107.4,OK
2055-10-12T08:11:10Z,R-02,Hover,Radiation,55.6,OK
2055-10-12T08:11:13Z,R-03,Walker,Temperature,-35.7,OK
2055-10-12T08:11:17Z,R-04,Hover,Radiation,54.3,OK
2055-10-12T08:11:21Z,R-05,Tracked,Radiation,92.3,OK
2055-10-12T08:11:22Z,R-01,Tracked,Atmosphere,90.9,OK
2055-10-12T08:11:25Z,R-01,Tracked,Atmosphere,97.2,OK
2055-10-12T08:11:29Z,R-03,Walker,Radiation,103.7,OK
2055-10-12T08:11:33Z,R-02,Hover,Atmosphere,90.6,WARNING
2055-10-12T08:11:36Z,R-01,Tracked,Temperature,-76.2,OK
2055-10-12T08:11:38Z,R-05,Tracked,Radiation,203.4,OK
2055-10-12T08:11:41Z,R-01,Tracked,Radiation,72.9,OK
2055-10-12T08:11:42Z,R-02,Hover,Temperature,-9999.0,ERROR
2055-10-12T08:11:46Z,R-03,Walker,Atmosphere,92.3,OK
2055-10-12T08:11:48Z,R-05,Tracked,Temperature,-9999.0,ERROR
2055-10-12T08:11:50Z,R-01,Tracked,Atmosphere,94.1,OK
2055-10-12T08:11:51Z,R-04,Hover,Radiation,53.7,OK
2055-10-12T08:11:52Z,R-02,Hover,Radiation,269.3,OK
2055-10-12T08:11:53Z,R-05,Tracked,Atmosphere,93.6,OK
2055-10-12T08:11:55Z,R-02,Hover,Temperature,-10.4,OK
2055-10-12T08:11:59Z,R-02,Hover,Temperature,-58.9,OK
2055-10-12T08:12:01Z,R-03,Walker,Atmosphere,90.9,ERROR
2055-10-12T08:12:02Z,R-03,Walker,Temperature,-19.2,OK
2055-10-12T08:12:05Z,R-01,Tracked,Temperature,-18.0,OK
2055-10-12T08:12:08Z,R-03,Walker,Atmosphere,97.1,WARNING
2055-10-12T08:12:13Z,R-04,Hover,Atmosphere,99.2,OK
2055-10-12T08:12:17Z,R-01,Tracked,Temperature,-22.1,WARNING
2055-10-12T08:12:22Z,R-04,Hover,Atmosphere,98.5,OK
2055-10-12T08:12:26Z,R-02,Hover,Radiation,,ERROR
2055-10-12T08:12:29Z,R-01,Tracked,Temperature,-45.9,OK
2055-10-12T08:12:31Z,R-02,Hover,Radiation,226.8,OK
2055-10-12T08:12:34Z,R-03,Walker,Temperature,-51.1,OK
2055-10-12T08:12:38Z,R-03,Walker,Radiation,235.3,OK
2055-10-12T08:12:42Z,R-03,Walker,Radiation,84.4,OK
2055-10-12T08:12:43Z,R-04,Hover,Radiation,114.1,OK
2055-10-12T08:12:47Z,R-05,Tracked,Radiation,103.2,OK
2055-10-12T08:12:48Z,R-01,Tracked,Atmosphere,94.8,OK
2055-10-12T08:12:52Z,R-05,Tracked,Atmosphere,96.4,OK
2055-10-12T08:12:56Z,R-04,Hover,Atmosphere,91.5,OK
2055-10-12T08:13:00Z,R-02,Hover,Radiation,298.2,OK
2055-10-12T08:13:04Z,R-04,Hover,Atmosphere,94.5,OK
2055-10-12T08:13:05Z,R-02,Hover,Temperature,-9999.0,ERROR
2055-10-12T08:13:06Z,R-05,Tracked,Temperature,-79.8,OK
2055-10-12T08:13:08Z,R-02,Hover,Temperature,-13.8,OK
2055-10-12T08:13:11Z,R-05,Tracked,Temperature,-16.0,OK
2055-10-12T08:13:12Z,R-04,Hover,Radiation,124.5,OK
2055-10-12T08:13:16Z,R-02,Hover,Atmosphere,99.0,OK
2055-10-12T08:13:20Z,R-05,Tracked,Temperature,-24.9,OK
2055-10-12T08:13:24Z,R-03,Walker,Radiation,263.8,OK
2055-10-12T08:13:27Z,R-05,Tracked,Atmosphere,98.9,OK
2055-10-12T08:13:29Z,R-02,Hover,Atmosphere,97.0,OK
2055-10-12T08:13:31Z,R-02,Hover,Temperature,-24.9,ERROR
2055-10-12T08:13:35Z,R-03,Walker,Temperature,-49.4,OK
2055-10-12T08:13:37Z,R-05,Tracked,Atmosphere,93.4,OK
2055-10-12T08:13:41Z,R-05,Tracked,Temperature,-48.9,OK
2055-10-12T08:13:42Z,R-03,Walker,Temperature,-15.2,OK
2055-10-12T08:13:47Z,R-05,Tracked,Temperature,-26.1,OK
2055-10-12T08:13:48Z,R-05,Tracked,Atmosphere,91.9,ERROR
2055-10-12T08:13:51Z,R-05,Tracked,Temperature,-53.4,OK
2055-10-12T08:13:56Z,R-01,Tracked,Temperature,-33.4,OK
2055-10-12T08:13:58Z,R-02,Hover,Atmosphere,99.1,OK
2055-10-12T08:13:59Z,R-04,Hover,Radiation,216.4,OK
2055-10-12T08:14:00Z,R-01,Tracked,Temperature,-66.2,OK
2055-10-12T08:14:05Z,R-01,Tracked,Temperature,-65.0,OK
2055-10-12T08:14:07Z,R-02,Hover,Atmosphere,96.5,OK
2055-10-12T08:14:11Z,R-02,Hover,Radiation,206.9,OK
2055-10-12T08:14:12Z,R-02,Hover,Atmosphere,99.8,OK
2055-10-12T08:14:16Z,R-02,Hover,Temperature,5000.0,ERROR
2055-10-12T08:14:20Z,R-04,Hover,Atmosphere,95.8,OK
2055-10-12T08:14:23Z,R-02,Hover,Radiation,175.9,OK
2055-10-12T08:14:27Z,R-03,Walker,Radiation,480.7,WARNING
2055-10-12T08:14:29Z,R-01,Tracked,Atmosphere,97.1,OK
2055-10-12T08:14:33Z,R-03,Walker,Temperature,,ERROR
2055-10-12T08:14:35Z,R-01,Tracked,Radiation,210.2,OK
2055-10-12T08:14:37Z,R-01,Tracked,Radiation,96.7,OK
2055-10-12T08:14:40Z,R-04,Hover,Radiation,237.5,OK
2055-10-12T08:14:41Z,R-02,Hover,Temperature,-18.3,OK
2055-10-12T08:14:46Z,R-05,Tracked,Temperature,-66.9,OK
2055-10-12T08:14:48Z,R-02,Hover,Radiation,150.4,OK
2055-10-12T08:14:52Z,R-01,Tracked,Radiation,99999.0,ERROR
2055-10-12T08:14:57Z,R-03,Walker,Atmosphere,95.9,OK
2055-10-12T08:15:01Z,R-05,Tracked,Temperature,-75.2,OK
2055-10-12T08:15:03Z,R-05,Tracked,Atmosphere,96.6,OK
2055-10-12T08:15:08Z,R-02,Hover,Atmosphere,91.2,OK
2055-10-12T08:15:09Z,R-01,Tracked,Atmosphere,94.0,OK
2055-10-12T08:15:12Z,R-01,Tracked,Radiation,237.8,OK
2055-10-12T08:15:15Z,R-02,Hover,Temperature,-40.1,OK
2055-10-12T08:15:17Z,R-05,Tracked,Radiation,94.7,OK
2055-10-12T08:15:20Z,R-04,Hover,Atmosphere,93.3,OK
2055-10-12T08:15:25Z,R-01,Tracked,Radiation,60.8,OK
2055-10-12T08:15:28Z,R-04,Hover,Radiation,157.5,OK
2055-10-12T08:15:31Z,R-03,Walker,Radiation,ERR,ERROR
2055-10-12T08:15:32Z,R-03,Walker,Temperature,-27.7,OK
2055-10-12T08:15:35Z,R-04,Hover,Radiation,N/A,ERROR
2055-10-12T08:15:36Z,R-01,Tracked,Radiation,#VALUE!,ERROR
2055-10-12T08:15:37Z,R-04,Hover,Temperature,-62.3,WARNING
2055-10-12T08:15:39Z,R-02,Hover,Temperature,,ERROR
2055-10-12T08:15:44Z,R-04,Hover,Radiation,77.6,OK
2055-10-12T08:15:46Z,R-01,Tracked,Atmosphere,93.2,OK
2055-10-12T08:15:51Z,R-03,Walker,Temperature,-71.3,OK
2055-10-12T08:15:56Z,R-04,Hover,Temperature,-78.3,OK
2055-10-12T08:16:00Z,R-01,Tracked,Radiation,99999.0,ERROR
2055-10-12T08:16:01Z,R-03,Walker,Temperature,-31.9,OK
2055-10-12T08:16:06Z,R-02,Hover,Radiation,103.0,OK
2055-10-12T08:16:10Z,R-04,Hover,Radiation,205.4,OK
2055-10-12T08:16:13Z,R-02,Hover,Radiation,NULL,ERROR
2055-10-12T08:16:15Z,R-02,Hover,Temperature,-20.6,OK
2055-10-12T08:16:20Z,R-01,Tracked,Temperature,-41.0,OK
2055-10-12T08:16:22Z,R-02,Hover,Radiation,NaN,ERROR
2055-10-12T08:16:27Z,R-05,Tracked,Temperature,-65.8,OK
2055-10-12T08:16:32Z,R-03,Walker,Temperature,,ERROR
2055-10-12T08:16:33Z,R-01,Tracked,Atmosphere,90.3,OK
2055-10-12T08:16:36Z,R-02,Hover,Temperature,-36.7,OK
2055-10-12T08:16:40Z,R-05,Tracked,Atmosphere,97.6,OK
2055-10-12T08:16:42Z,R-04,Hover,Radiation,267.3,OK
2055-10-12T08:16:47Z,R-01,Tracked,Temperature,-45.9,OK
2055-10-12T08:16:50Z,R-02,Hover,Radiation,178.2,OK
2055-10-12T08:16:55Z,R-03,Walker,Radiation,170.5,OK
2055-10-12T08:16:56Z,R-04,Hover,Temperature,-52.1,OK
2055-10-12T08:16:59Z,R-02,Hover,Temperature,-68.1,OK
2055-10-12T08:17:00Z,R-04,Hover,Temperature,-27.2,OK
2055-10-12T08:17:01Z,R-01,Tracked,Temperature,-26.2,OK
2055-10-12T08:17:06Z,R-03,Walker,Temperature,-76.2,OK
2055-10-12T08:17:11Z,R-04,Hover,Temperature,-39.8,OK
2055-10-12T08:17:13Z,R-03,Walker,Radiation,168.1,OK
2055-10-12T08:17:16Z,R-03,Walker,Atmosphere,91.7,OK
2055-10-12T08:17:21Z,R-05,Tracked,Temperature,-13.3,OK
2055-10-12T08:17:26Z,R-04,Hover,Temperature,NaN,ERROR
2055-10-12T08:17:31Z,R-03,Walker,Atmosphere,99.8,OK
2055-10-12T08:17:32Z,R-01,Tracked,Temperature,-64.4,ERROR
2055-10-12T08:17:34Z,R-02,Hover,Temperature,-25.7,OK
2055-10-12T08:17:39Z,R-01,Tracked,Temperature,-17.2,OK
2055-10-12T08:17:42Z,R-04,Hover,Atmosphere,99.9,OK
2055-10-12T08:17:46Z,R-04,Hover,Temperature,ERR,ERROR
2055-10-12T08:17:51Z,R-03,Walker,Temperature,-75.2,WARNING
2055-10-12T08:17:53Z,R-02,Hover,Temperature,-79.7,OK
2055-10-12T08:17:54Z,R-02,Hover,Temperature,-59.2,OK
2055-10-12T08:17:55Z,R-02,Hover,Temperature,-32.8,OK
2055-10-12T08:17:56Z,R-03,Walker,Atmosphere,94.4,OK
2055-10-12T08:18:01Z,R-04,Hover,Atmosphere,90.8,OK
2055-10-12T08:18:05Z,R-05,Tracked,Temperature,-68.5,OK
2055-10-12T08:18:10Z,R-03,Walker,Radiation,226.1,OK
2055-10-12T08:18:13Z,R-03,Walker,Radiation,145.8,OK
2055-10-12T08:18:18Z,R-05,Tracked,Temperature,-24.9,OK
2055-10-12T08:18:21Z,R-01,Tracked,Radiation,272.6,OK
2055-10-12T08:18:26Z,R-03,Walker,Atmosphere,92.4,OK
2055-10-12T08:18:28Z,R-04,Hover,Temperature,-17.5,OK
2055-10-12T08:18:32Z,R-03,Walker,Atmosphere,99.2,OK
2055-10-12T08:18:33Z,R-04,Hover,Atmosphere,97.8,OK
2055-10-12T08:18:35Z,R-04,Hover,Atmosphere,97.9,OK
2055-10-12T08:18:36Z,R-03,Walker,Atmosphere,95.4,OK
2055-10-12T08:18:38Z,R-04,Hover,Temperature,-69.1,OK
2055-10-12T08:18:43Z,R-05,Tracked,Radiation,128.5,OK
2055-10-12T08:18:48Z,R-05,Tracked,Atmosphere,NaN,ERROR
2055-10-12T08:18:51Z,R-04,Hover,Temperature,-50.8,OK
2055-10-12T08:18:55Z,R-03,Walker,Radiation,250.3,OK
2055-10-12T08:18:57Z,R-01,Tracked,Radiation,60.2,OK
2055-10-12T08:19:01Z,R-02,Hover,Temperature,-47.9,OK
2055-10-12T08:19:02Z,R-02,Hover,Atmosphere,95.9,OK
2055-10-12T08:19:05Z,R-04,Hover,Radiation,249.5,OK
2055-10-12T08:19:07Z,R-02,Hover,Radiation,121.9,OK
2055-10-12T08:19:12Z,R-05,Tracked,Temperature,-24.4,OK
2055-10-12T08:19:14Z,R-03,Walker,Atmosphere,99.5,OK
2055-10-12T08:19:19Z,R-01,Tracked,Temperature,-56.3,OK
2055-10-12T08:19:20Z,R-03,Walker,Atmosphere,95.7,OK
2055-10-12T08:19:22Z,R-01,Tracked,Atmosphere,92.3,OK
2055-10-12T08:19:24Z,R-03,Walker,Temperature,-46.3,OK
2055-10-12T08:19:29Z,R-05,Tracked,Atmosphere,96.5,OK
2055-10-12T08:19:31Z,R-05,Tracked,Temperature,-77.3,OK
2055-10-12T08:19:36Z,R-01,Tracked,Atmosphere,99.0,OK
2055-10-12T08:19:41Z,R-04,Hover,Radiation,191.3,OK
2055-10-12T08:19:42Z,R-03,Walker,Atmosphere,96.5,WARNING
2055-10-12T08:19:44Z,R-01,Tracked,Radiation,244.6,ERROR
2055-10-12T08:19:45Z,R-02,Hover,Temperature,-37.0,ERROR
2055-10-12T08:19:46Z,R-04,Hover,Atmosphere,94.3,WARNING
2055-10-12T08:19:48Z,R-05,Tracked,Temperature,-32.5,OK
2055-10-12T08:19:52Z,R-03,Walker,Atmosphere,97.9,OK
2055-10-12T08:19:55Z,R-02,Hover,Radiation,173.2,OK
2055-10-12T08:19:56Z,R-04,Hover,Radiation,,ERROR
2055-10-12T08:19:57Z,R-01,Tracked,Atmosphere,91.4,OK
2055-10-12T08:19:58Z,R-04,Hover,Atmosphere,90.4,OK
2055-10-12T08:19:59Z,R-02,Hover,Atmosphere,92.7,OK
2055-10-12T08:20:00Z,R-05,Tracked,Temperature,-66.9,OK
2055-10-12T08:20:02Z,R-03,Walker,Atmosphere,92.3,OK
2055-10-12T08:20:05Z,R-01,Tracked,Atmosphere,92.4,OK
2055-10-12T08:20:06Z,R-05,Tracked,Temperature,-30.0,OK
2055-10-12T08:20:07Z,R-02,Hover,Atmosphere,95.9,OK
2055-10-12T08:20:12Z,R-05,Tracked,Radiation,112.6,OK
2055-10-12T08:20:15Z,R-05,Tracked,Atmosphere,90.6,WARNING
2055-10-12T08:20:18Z,R-03,Walker,Temperature,-22.3,OK
2055-10-12T08:20:23Z,R-04,Hover,Radiation,246.7,OK
2055-10-12T08:20:26Z,R-02,Hover,Temperature,-55.7,OK
2055-10-12T08:20:30Z,R-02,Hover,Atmosphere,90.5,OK
2055-10-12T08:20:34Z,R-05,Tracked,Radiation,285.6,OK
2055-10-12T08:20:39Z,R-04,Hover,Temperature,-51.2,OK
2055-10-12T08:20:44Z,R-02,Hover,Radiation,56.8,OK
2055-10-12T08:20:45Z,R-02,Hover,Temperature,-76.5,OK
2055-10-12T08:20:47Z,R-05,Tracked,Radiation,180.8,OK
2055-10-12T08:20:51Z,R-05,Tracked,Temperature,-25.9,OK
2055-10-12T08:20:54Z,R-05,Tracked,Radiation,,ERROR
2055-10-12T08:20:57Z,R-04,Hover,Atmosphere,96.5,OK
2055-10-12T08:21:02Z,R-01,Tracked,Atmosphere,96.3,OK
2055-10-12T08:21:06Z,R-03,Walker,Atmosphere,95.5,OK
2055-10-12T08:21:09Z,R-02,Hover,Atmosphere,96.5,OK
2055-10-12T08:21:13Z,R-05,Tracked,Atmosphere,97.7,OK
2055-10-12T08:21:16Z,R-05,Tracked,Atmosphere,95.8,OK
2055-10-12T08:21:18Z,R-04,Hover,Radiation,68.2,OK
2055-10-12T08:21:19Z,R-05,Tracked,Atmosphere,97.0,OK
2055-10-12T08:21:21Z,R-01,Tracked,Atmosphere,90.9,OK
2055-10-12T08:21:25Z,R-01,Tracked,Radiation,265.4,OK
2055-10-12T08:21:30Z,R-02,Hover,Atmosphere,100.0,OK
2055-10-12T08:21:32Z,R-04,Hover,Radiation,261.7,OK
2055-10-12T08:21:33Z,R-05,Tracked,Radiation,,ERROR
2055-10-12T08:21:34Z,R-03,Walker,Temperature,-15.0,OK
2055-10-12T08:21:39Z,R-05,Tracked,Temperature,-24.5,OK
2055-10-12T08:21:43Z,R-01,Tracked,Radiation,68.0,OK
2055-10-12T08:21:46Z,R-02,Hover,Radiation,118.4,ERROR
2055-10-12T08:21:48Z,R-01,Tracked,Radiation,277.9,ERROR
2055-10-12T08:21:49Z,R-02,Hover,Radiation,205.8,OK
2055-10-12T08:21:52Z,R-01,Tracked,Atmosphere,99.6,OK
2055-10-12T08:21:56Z,R-01,Tracked,Radiation,-100.0,ERROR
2055-10-12T08:21:57Z,R-01,Tracked,Atmosphere,100.0,WARNING
2055-10-12T08:21:58Z,R-02,Hover,Temperature,-64.3,OK
2055-10-12T08:22:02Z,R-01,Tracked,Temperature,-60.2,OK
2055-10-12T08:22:07Z,R-02,Hover,Radiation,97.6,OK
2055-10-12T08:22:09Z,R-01,Tracked,Atmosphere,98.4,OK
2055-10-12T08:22:11Z,R-04,Hover,Temperature,-52.9,OK
2055-10-12T08:22:14Z,R-05,Tracked,Radiation,243.7,OK
2055-10-12T08:22:16Z,R-04,Hover,Temperature,-23.5,OK
2055-10-12T08:22:17Z,R-01,Tracked,Temperature,-17.2,ERROR
2055-10-12T08:22:22Z,R-04,Hover,Radiation,NaN,ERROR
2055-10-12T08:22:23Z,R-03,Walker,Atmosphere,93.3,WARNING
2055-10-12T08:22:27Z,R-01,Tracked,Atmosphere,98.9,OK
2055-10-12T08:22:28Z,R-02,Hover,Temperature,-72.5,ERROR
2055-10-12T08:22:32Z,R-01,Tracked,Temperature,-32.2,OK
2055-10-12T08:22:35Z,R-01,Tracked,Atmosphere,96.7,OK
2055-10-12T08:22:39Z,R-02,Hover,Temperature,-78.2,OK
2055-10-12T08:22:40Z,R-04,Hover,Temperature,-50.7,OK
2055-10-12T08:22:44Z,R-02,Hover,Atmosphere,98.4,OK
2055-10-12T08:22:45Z,R-01,Tracked,Radiation,N/A,ERROR
2055-10-12T08:22:50Z,R-02,Hover,Temperature,-50.5,OK
2055-10-12T08:22:51Z,R-05,Tracked,Radiation,261.8,OK
2055-10-12T08:22:55Z,R-04,Hover,Temperature,-38.0,OK
2055-10-12T08:23:00Z,R-02,Hover,Temperature,-51.0,OK
2055-10-12T08:23:03Z,R-05,Tracked,Temperature,-26.2,OK
2055-10-12T08:23:04Z,R-03,Walker,Radiation,229.4,OK
2055-10-12T08:23:05Z,R-03,Walker,Atmosphere,95.0,OK
2055-10-12T08:23:08Z,R-02,Hover,Radiation,,ERROR
2055-10-12T08:23:13Z,R-02,Hover,Atmosphere,91.8,OK
2055-10-12T08:23:17Z,R-03,Walker,Atmosphere,97.5,OK
2055-10-12T08:23:22Z,R-05,Tracked,Temperature,5000.0,ERROR
2055-10-12T08:23:23Z,R-01,Tracked,Temperature,5000.0,ERROR
2055-10-12T08:23:24Z,R-02,Hover,Temperature,N/A,ERROR
2055-10-12T08:23:25Z,R-03,Walker,Temperature,-62.2,OK
2055-10-12T08:23:29Z,R-03,Walker,Radiation,157.8,OK
2055-10-12T08:23:31Z,R-01,Tracked,Temperature,-42.9,OK
2055-10-12T08:23:36Z,R-01,Tracked,Atmosphere,,ERROR
2055-10-12T08:23:38Z,R-02,Hover,Atmosphere,91.3,OK
2055-10-12T08:23:39Z,R-01,Tracked,Atmosphere,92.5,OK
2055-10-12T08:23:40Z,R-02,Hover,Atmosphere,93.4,OK
2055-10-12T08:23:45Z,R-02,Hover,Temperature,-71.6,OK
2055-10-12T08:23:46Z,R-05,Tracked,Radiation,155.1,OK
2055-10-12T08:23:51Z,R-03,Walker,Radiation,227.9,OK
2055-10-12T08:23:52Z,R-05,Tracked,Temperature,-39.6,OK
2055-10-12T08:23:56Z,R-01,Tracked,Temperature,-18.2,OK
2055-10-12T08:24:00Z,R-03,Walker,Radiation,58.6,OK
2055-10-12T08:24:04Z,R-02,Hover,Atmosphere,94.6,OK
2055-10-12T08:24:08Z,R-05,Tracked,Temperature,-66.1,OK
2055-10-12T08:24:10Z,R-02,Hover,Atmosphere,#VALUE!,ERROR
2055-10-12T08:24:11Z,R-01,Tracked,Atmosphere,97.6,OK
2055-10-12T08:24:15Z,R-02,Hover,Temperature,-68.7,OK
2055-10-12T08:24:16Z,R-02,Hover,Temperature,-32.3,OK
2055-10-12T08:24:17Z,R-02,Hover,Atmosphere,92.9,OK
2055-10-12T08:24:22Z,R-03,Walker,Atmosphere,100.0,ERROR
2055-10-12T08:24:26Z,R-03,Walker,Radiation,298.1,OK
2055-10-12T08:24:31Z,R-02,Hover,Radiation,,ERROR
2055-10-12T08:24:32Z,R-04,Hover,Temperature,-50.1,OK
2055-10-12T08:24:34Z,R-02,Hover,Temperature,-77.9,OK
2055-10-12T08:24:39Z,R-04,Hover,Radiation,-100.0,ERROR
2055-10-12T08:24:43Z,R-03,Walker,Temperature,-24.0,OK
2055-10-12T08:24:45Z,R-03,Walker,Atmosphere,91.1,OK
2055-10-12T08:24:48Z,R-04,Hover,Temperature,,ERROR
2055-10-12T08:24:50Z,R-05,Tracked,Atmosphere,99.5,OK
2055-10-12T08:24:55Z,R-01,Tracked,Temperature,-69.1,OK
2055-10-12T08:24:57Z,R-05,Tracked,Temperature,-36.8,OK
2055-10-12T08:24:59Z,R-04,Hover,Temperature,-57.7,OK
2055-10-12T08:25:03Z,R-03,Walker,Temperature,-46.2,OK
2055-10-12T08:25:07Z,R-05,Tracked,Temperature,5000.0,ERROR
2055-10-12T08:25:08Z,R-02,Hover,Temperature,-22.7,OK
2055-10-12T08:25:11Z,R-05,Tracked,Radiation,431.7,WARNING
2055-10-12T08:25:15Z,R-03,Walker,Atmosphere,,ERROR
2055-10-12T08:25:16Z,R-03,Walker,Atmosphere,96.9,OK
2055-10-12T08:25:17Z,R-04,Hover,Radiation,113.6,OK
2055-10-12T08:25:21Z,R-02,Hover,Temperature,-72.2,OK
2055-10-12T08:25:24Z,R-04,Hover,Atmosphere,,ERROR
2055-10-12T08:25:25Z,R-01,Tracked,Radiation,NULL,ERROR
2055-10-12T08:25:26Z,R-05,Tracked,Atmosphere,94.3,OK
2055-10-12T08:25:28Z,R-03,Walker,Temperature,-31.9,OK
2055-10-12T08:25:31Z,R-05,Tracked,Atmosphere,90.7,OK
2055-10-12T08:25:33Z,R-05,Tracked,Atmosphere,98.0,OK
2055-10-12T08:25:35Z,R-04,Hover,Radiation,95.1,OK
2055-10-12T08:25:40Z,R-02,Hover,Radiation,112.6,OK
2055-10-12T08:25:42Z,R-05,Tracked,Atmosphere,90.5,OK
2055-10-12T08:25:47Z,R-01,Tracked,Radiation,216.1,OK
2055-10-12T08:25:48Z,R-04,Hover,Temperature,#VALUE!,ERROR
2055-10-12T08:25:50Z,R-05,Tracked,Temperature,-79.7,OK
2055-10-12T08:25:52Z,R-04,Hover,Temperature,-36.7,OK
2055-10-12T08:25:56Z,R-02,Hover,Temperature,-56.2,OK
2055-10-12T08:25:57Z,R-05,Tracked,Atmosphere,98.6,OK
2055-10-12T08:26:01Z,R-01,Tracked,Temperature,-22.5,OK
2055-10-12T08:26:02Z,R-03,Walker,Radiation,106.0,OK
2055-10-12T08:26:03Z,R-01,Tracked,Temperature,-70.8,OK
2055-10-12T08:26:06Z,R-02,Hover,Radiation,N/A,ERROR
2055-10-12T08:26:10Z,R-02,Hover,Radiation,159.5,OK
2055-10-12T08:26:13Z,R-01,Tracked,Temperature,-39.0,OK
2055-10-12T08:26:15Z,R-01,Tracked,Atmosphere,97.9,OK
2055-10-12T08:26:16Z,R-03,Walker,Atmosphere,90.9,OK
2055-10-12T08:26:20Z,R-01,Tracked,Atmosphere,100.0,WARNING
2055-10-12T08:26:25Z,R-05,Tracked,Atmosphere,95.1,OK
2055-10-12T08:26:29Z,R-03,Walker,Radiation,195.0,OK
2055-10-12T08:26:31Z,R-02,Hover,Temperature,,ERROR
2055-10-12T08:26:34Z,R-04,Hover,Temperature,-73.1,OK
2055-10-12T08:26:36Z,R-01,Tracked,Radiation,265.5,OK
2055-10-12T08:26:38Z,R-05,Tracked,Temperature,-60.8,ERROR
2055-10-12T08:26:41Z,R-02,Hover,Atmosphere,97.9,OK
2055-10-12T08:26:44Z,R-05,Tracked,Radiation,#VALUE!,ERROR
2055-10-12T08:26:47Z,R-04,Hover,Atmosphere,95.7,OK
2055-10-12T08:26:50Z,R-03,Walker,Radiation,205.7,OK
2055-10-12T08:26:55Z,R-03,Walker,Atmosphere,N/A,ERROR
2055-10-12T08:26:58Z,R-02,Hover,Temperature,-9999.0,ERROR
2055-10-12T08:27:03Z,R-01,Tracked,Temperature,-54.7,OK
2055-10-12T08:27:07Z,R-01,Tracked,Temperature,-28.3,OK
2055-10-12T08:27:10Z,R-04,Hover,Atmosphere,97.1,OK
2055-10-12T08:27:12Z,R-05,Tracked,Atmosphere,96.6,WARNING
2055-10-12T08:27:16Z,R-01,Tracked,Radiation,197.9,OK
2055-10-12T08:27:18Z,R-05,Tracked,Atmosphere,91.9,OK
2055-10-12T08:27:19Z,R-02,Hover,Radiation,64.3,OK
2055-10-12T08:27:20Z,R-02,Hover,Temperature,-10.7,OK
2055-10-12T08:27:24Z,R-05,Tracked,Temperature,-19.6,OK
2055-10-12T08:27:29Z,R-01,Tracked,Radiation,210.0,OK
2055-10-12T08:27:34Z,R-05,Tracked,Atmosphere,NULL,ERROR
2055-10-12T08:27:38Z,R-04,Hover,Atmosphere,94.8,OK
2055-10-12T08:27:40Z,R-04,Hover,Atmosphere,96.0,OK
2055-10-12T08:27:43Z,R-02,Hover,Radiation,243.0,OK
2055-10-12T08:27:44Z,R-05,Tracked,Temperature,5000.0,ERROR
2055-10-12T08:27:48Z,R-03,Walker,Atmosphere,NaN,ERROR
2055-10-12T08:27:50Z,R-02,Hover,Radiation,114.2,OK
2055-10-12T08:27:52Z,R-03,Walker,Atmosphere,97.4,OK
2055-10-12T08:27:53Z,R-01,Tracked,Temperature,-28.1,OK
2055-10-12T08:27:55Z,R-05,Tracked,Temperature,-79.5,OK
2055-10-12T08:27:57Z,R-02,Hover,Radiation,265.9,OK
2055-10-12T08:28:00Z,R-05,Tracked,Radiation,186.2,OK
2055-10-12T08:28:05Z,R-03,Walker,Radiation,211.1,OK
2055-10-12T08:28:06Z,R-01,Tracked,Atmosphere,94.9,OK
2055-10-12T08:28:09Z,R-03,Walker,Atmosphere,90.7,OK
2055-10-12T08:28:10Z,R-02,Hover,Temperature,-46.3,OK
2055-10-12T08:28:12Z,R-04,Hover,Temperature,-30.8,OK
2055-10-12T08:28:13Z,R-04,Hover,Temperature,-69.9,OK
2055-10-12T08:28:16Z,R-02,Hover,Radiation,176.1,OK
2055-10-12T08:28:19Z,R-03,Walker,Atmosphere,92.1,OK
2055-10-12T08:28:21Z,R-04,Hover,Radiation,203.1,OK
2055-10-12T08:28:23Z,R-03,Walker,Radiation,269.0,OK
2055-10-12T08:28:25Z,R-02,Hover,Atmosphere,95.1,OK
2055-10-12T08:28:26Z,R-02,Hover,Atmosphere,90.2,OK
2055-10-12T08:28:31Z,R-04,Hover,Temperature,-75.8,OK
2055-10-12T08:28:32Z,R-02,Hover,Radiation,277.6,OK
2055-10-12T08:28:37Z,R-04,Hover,Radiation,235.7,OK
2055-10-12T08:28:42Z,R-03,Walker,Radiation,70.9,OK
2055-10-12T08:28:45Z,R-05,Tracked,Atmosphere,97.5,OK
2055-10-12T08:28:46Z,R-02,Hover,Atmosphere,98.1,OK
2055-10-12T08:28:51Z,R-03,Walker,Radiation,191.3,OK
2055-10-12T08:28:54Z,R-01,Tracked,Atmosphere,92.4,ERROR
2055-10-12T08:28:55Z,R-05,Tracked,Radiation,104.6,OK
2055-10-12T08:28:59Z,R-02,Hover,Temperature,-69.9,OK
2055-10-12T08:29:03Z,R-01,Tracked,Radiation,190.9,OK
2055-10-12T08:29:06Z,R-02,Hover,Atmosphere,92.0,ERROR
2055-10-12T08:29:11Z,R-02,Hover,Atmosphere,90.8,OK
2055-10-12T08:29:12Z,R-02,Hover,Atmosphere,90.2,OK
2055-10-12T08:29:14Z,R-04,Hover,Atmosphere,99.1,WARNING
2055-10-12T08:29:16Z,R-05,Tracked,Radiation,98.2,OK
2055-10-12T08:29:21Z,R-05,Tracked,Radiation,238.8,OK
2055-10-12T08:29:25Z,R-05,Tracked,Radiation,168.6,OK
2055-10-12T08:29:29Z,R-01,Tracked,Temperature,-71.9,OK
2055-10-12T08:29:34Z,R-03,Walker,Atmosphere,94.0,OK
2055-10-12T08:29:36Z,R-04,Hover,Radiation,107.2,OK
2055-10-12T08:29:40Z,R-01,Tracked,Atmosphere,94.1,OK
2055-10-12T08:29:45Z,R-05,Tracked,Radiation,221.8,ERROR
2055-10-12T08:29:46Z,R-02,Hover,Radiation,210.4,OK
2055-10-12T08:29:51Z,R-02,Hover,Temperature,5000.0,ERROR
2055-10-12T08:29:56Z,R-03,Walker,Atmosphere,94.3,WARNING
2055-10-12T08:30:01Z,R-01,Tracked,Temperature,-42.3,OK
2055-10-12T08:30:03Z,R-01,Tracked,Atmosphere,95.4,OK
2055-10-12T08:30:05Z,R-03,Walker,Atmosphere,99.4,ERROR
2055-10-12T08:30:08Z,R-04,Hover,Radiation,138.0,OK
2055-10-12T08:30:10Z,R-03,Walker,Temperature,-14.9,OK
2055-10-12T08:30:13Z,R-05,Tracked,Temperature,5000.0,ERROR
2055-10-12T08:30:16Z,R-01,Tracked,Temperature,-79.5,WARNING
2055-10-12T08:30:19Z,R-02,Hover,Radiation,65.9,OK
2055-10-12T08:30:23Z,R-01,Tracked,Radiation,N/A,ERROR
2055-10-12T08:30:25Z,R-03,Walker,Temperature,-63.7,OK
2055-10-12T08:30:27Z,R-05,Tracked,Temperature,-26.5,OK
2055-10-12T08:30:28Z,R-03,Walker,Radiation,454.3,WARNING
2055-10-12T08:30:33Z,R-05,Tracked,Radiation,141.6,OK
2055-10-12T08:30:37Z,R-01,Tracked,Temperature,-28.4,OK
2055-10-12T08:30:41Z,R-01,Tracked,Radiation,99999.0,ERROR
2055-10-12T08:30:42Z,R-03,Walker,Radiation,257.1,OK
2055-10-12T08:30:45Z,R-02,Hover,Atmosphere,96.3,OK
2055-10-12T08:30:46Z,R-01,Tracked,Temperature,-25.3,OK
2055-10-12T08:30:51Z,R-01,Tracked,Atmosphere,94.5,ERROR
2055-10-12T08:30:55Z,R-04,Hover,Radiation,,ERROR
2055-10-12T08:31:00Z,R-01,Tracked,Radiation,65.2,OK
2055-10-12T08:31:05Z,R-04,Hover,Radiation,78.2,OK
2055-10-12T08:31:07Z,R-02,Hover,Radiation,203.2,OK
2055-10-12T08:31:12Z,R-02,Hover,Atmosphere,98.7,OK
2055-10-12T08:31:16Z,R-01,Tracked,Radiation,#VALUE!,ERROR
2055-10-12T08:31:17Z,R-01,Tracked,Radiation,299.8,OK
2055-10-12T08:31:22Z,R-01,Tracked,Temperature,-9999.0,ERROR
2055-10-12T08:31:23Z,R-01,Tracked,Temperature,-21.1,OK
2055-10-12T08:31:28Z,R-01,Tracked,Radiation,157.6,OK
2055-10-12T08:31:33Z,R-04,Hover,Temperature,-44.7,OK
2055-10-12T08:31:37Z,R-02,Hover,Atmosphere,97.0,OK
2055-10-12T08:31:39Z,R-04,Hover,Radiation,N/A,ERROR
2055-10-12T08:31:44Z,R-03,Walker,Atmosphere,94.2,WARNING
2055-10-12T08:31:48Z,R-02,Hover,Radiation,186.5,OK
2055-10-12T08:31:49Z,R-04,Hover,Temperature,-61.0,OK
2055-10-12T08:31:54Z,R-05,Tracked,Atmosphere,97.5,OK
2055-10-12T08:31:55Z,R-01,Tracked,Atmosphere,90.6,OK
2055-10-12T08:31:58Z,R-01,Tracked,Temperature,,ERROR
2055-10-12T08:32:00Z,R-02,Hover,Temperature,-51.4,OK
2055-10-12T08:32:02Z,R-05,Tracked,Atmosphere,93.2,OK
2055-10-12T08:32:06Z,R-01,Tracked,Radiation,60.6,OK
2055-10-12T08:32:10Z,R-04,Hover,Radiation,299.4,OK
2055-10-12T08:32:11Z,R-01,Tracked,Radiation,119.8,OK
2055-10-12T08:32:14Z,R-04,Hover,Radiation,107.6,OK
2055-10-12T08:32:18Z,R-03,Walker,Radiation,50.3,OK
2055-10-12T08:32:20Z,R-01,Tracked,Temperature,-67.5,OK
2055-10-12T08:32:21Z,R-01,Tracked,Temperature,-49.0,OK
2055-10-12T08:32:26Z,R-02,Hover,Radiation,99999.0,ERROR
2055-10-12T08:32:29Z,R-02,Hover,Temperature,-79.2,OK
2055-10-12T08:32:30Z,R-01,Tracked,Temperature,NULL,ERROR
2055-10-12T08:32:34Z,R-03,Walker,Atmosphere,93.3,OK
2055-10-12T08:32:39Z,R-05,Tracked,Atmosphere,99.1,OK
2055-10-12T08:32:41Z,R-03,Walker,Temperature,-27.4,OK
2055-10-12T08:32:46Z,R-03,Walker,Radiation,214.2,OK
2055-10-12T08:32:50Z,R-04,Hover,Temperature,-74.8,OK
2055-10-12T08:32:51Z,R-02,Hover,Atmosphere,98.5,OK
2055-10-12T08:32:53Z,R-01,Tracked,Radiation,220.3,OK
2055-10-12T08:32:54Z,R-02,Hover,Radiation,97.2,OK
2055-10-12T08:32:56Z,R-05,Tracked,Temperature,-9999.0,ERROR
2055-10-12T08:33:01Z,R-03,Walker,Temperature,-55.8,OK
2055-10-12T08:33:04Z,R-01,Tracked,Radiation,207.3,OK
2055-10-12T08:33:09Z,R-05,Tracked,Radiation,209.9,OK
2055-10-12T08:33:11Z,R-02,Hover,Radiation,59.4,OK
2055-10-12T08:33:15Z,R-05,Tracked,Radiation,214.2,OK
2055-10-12T08:33:18Z,R-04,Hover,Atmosphere,97.5,OK
2055-10-12T08:33:20Z,R-01,Tracked,Atmosphere,98.0,OK
2055-10-12T08:33:22Z,R-04,Hover,Radiation,260.4,OK
2055-10-12T08:33:25Z,R-05,Tracked,Radiation,231.6,OK
2055-10-12T08:33:27Z,R-02,Hover,Atmosphere,94.0,OK
2055-10-12T08:33:28Z,R-01,Tracked,Radiation,225.3,OK
2055-10-12T08:33:33Z,R-01,Tracked,Temperature,-48.2,OK
2055-10-12T08:33:38Z,R-03,Walker,Atmosphere,90.3,OK
2055-10-12T08:33:39Z,R-04,Hover,Atmosphere,96.7,OK
2055-10-12T08:33:40Z,R-01,Tracked,Temperature,-30.6,ERROR
2055-10-12T08:33:42Z,R-04,Hover,Atmosphere,95.7,OK
2055-10-12T08:33:43Z,R-04,Hover,Atmosphere,N/A,ERROR
2055-10-12T08:33:46Z,R-04,Hover,Temperature,-64.5,OK
2055-10-12T08:33:50Z,R-04,Hover,Atmosphere,98.7,OK
2055-10-12T08:33:52Z,R-02,Hover,Temperature,-56.7,OK
2055-10-12T08:33:55Z,R-05,Tracked,Temperature,,ERROR
2055-10-12T08:34:00Z,R-02,Hover,Atmosphere,100.0,ERROR
2055-10-12T08:34:05Z,R-05,Tracked,Atmosphere,90.7,OK
2055-10-12T08:34:07Z,R-01,Tracked,Atmosphere,95.5,OK
2055-10-12T08:34:08Z,R-02,Hover,Atmosphere,,ERROR
2055-10-12T08:34:12Z,R-03,Walker,Temperature,-32.7,OK
2055-10-12T08:34:14Z,R-01,Tracked,Radiation,255.1,ERROR
2055-10-12T08:34:19Z,R-02,Hover,Radiation,241.4,OK
2055-10-12T08:34:23Z,R-05,Tracked,Radiation,209.1,OK
2055-10-12T08:34:24Z,R-04,Hover,Atmosphere,90.4,OK
2055-10-12T08:34:26Z,R-01,Tracked,Temperature,-49.4,OK
2055-10-12T08:34:30Z,R-02,Hover,Temperature,-78.9,OK
2055-10-12T08:34:35Z,R-03,Walker,Atmosphere,96.1,OK
2055-10-12T08:34:38Z,R-02,Hover,Atmosphere,#VALUE!,ERROR
2055-10-12T08:34:40Z,R-03,Walker,Radiation,,ERROR
2055-10-12T08:34:44Z,R-05,Tracked,Temperature,-42.3,OK
2055-10-12T08:34:46Z,R-05,Tracked,Temperature,-32.8,ERROR
2055-10-12T08:34:48Z,R-05,Tracked,Radiation,455.5,WARNING
2055-10-12T08:34:49Z,R-02,Hover,Atmosphere,97.5,OK
2055-10-12T08:34:52Z,R-01,Tracked,Radiation,179.4,OK
2055-10-12T08:34:55Z,R-03,Walker,Atmosphere,92.2,OK
2055-10-12T08:34:58Z,R-02,Hover,Radiation,410.2,WARNING
2055-10-12T08:35:01Z,R-02,Hover,Atmosphere,94.1,OK
2055-10-12T08:35:06Z,R-03,Walker,Radiation,119.6,OK
2055-10-12T08:35:11Z,R-04,Hover,Atmosphere,92.9,OK
2055-10-12T08:35:13Z,R-01,Tracked,Atmosphere,93.8,OK
2055-10-12T08:35:14Z,R-01,Tracked,Radiation,54.1,OK
2055-10-12T08:35:18Z,R-03,Walker,Temperature,-11.6,OK
2055-10-12T08:35:23Z,R-03,Walker,Radiation,80.1,OK
2055-10-12T08:35:25Z,R-02,Hover,Radiation,NULL,ERROR
2055-10-12T08:35:27Z,R-05,Tracked,Temperature,-13.7,OK
2055-10-12T08:35:31Z,R-03,Walker,Radiation,128.5,OK
2055-10-12T08:35:32Z,R-03,Walker,Radiation,174.6,OK
2055-10-12T08:35:37Z,R-01,Tracked,Temperature,-37.3,OK
2055-10-12T08:35:40Z,R-02,Hover,Temperature,-42.3,OK
2055-10-12T08:35:42Z,R-02,Hover,Temperature,-31.8,OK
2055-10-12T08:35:47Z,R-01,Tracked,Radiation,135.2,OK
2055-10-12T08:35:52Z,R-03,Walker,Atmosphere,95.9,OK
2055-10-12T08:35:56Z,R-02,Hover,Temperature,-45.7,OK
2055-10-12T08:35:58Z,R-01,Tracked,Temperature,-17.9,WARNING
2055-10-12T08:36:02Z,R-04,Hover,Atmosphere,92.7,OK
2055-10-12T08:36:07Z,R-04,Hover,Atmosphere,,ERROR
2055-10-12T08:36:10Z,R-02,Hover,Radiation,268.5,OK
2055-10-12T08:36:13Z,R-05,Tracked,Temperature,-72.9,OK
2055-10-12T08:36:18Z,R-04,Hover,Temperature,-69.6,OK
2055-10-12T08:36:21Z,R-05,Tracked,Temperature,-15.8,OK
2055-10-12T08:36:22Z,R-01,Tracked,Temperature,-37.9,OK
2055-10-12T08:36:24Z,R-02,Hover,Atmosphere,94.4,OK
2055-10-12T08:36:26Z,R-04,Hover,Radiation,90.9,OK
2055-10-12T08:36:29Z,R-04,Hover,Radiation,111.2,OK
2055-10-12T08:36:33Z,R-03,Walker,Atmosphere,93.9,OK
2055-10-12T08:36:37Z,R-03,Walker,Atmosphere,92.6,OK
2055-10-12T08:36:41Z,R-04,Hover,Atmosphere,94.5,OK
2055-10-12T08:36:45Z,R-01,Tracked,Atmosphere,93.6,OK
2055-10-12T08:36:46Z,R-04,Hover,Temperature,-17.3,OK
2055-10-12T08:36:49Z,R-05,Tracked,Atmosphere,98.4,OK
2055-10-12T08:36:51Z,R-05,Tracked,Radiation,99999.0,ERROR
2055-10-12T08:36:54Z,R-01,Tracked,Atmosphere,90.9,OK
2055-10-12T08:36:59Z,R-01,Tracked,Temperature,-70.0,OK
2055-10-12T08:37:01Z,R-05,Tracked,Radiation,58.1,OK
2055-10-12T08:37:02Z,R-04,Hover,Radiation,58.5,OK
2055-10-12T08:37:07Z,R-01,Tracked,Temperature,-44.0,OK
2055-10-12T08:37:12Z,R-04,Hover,Radiation,296.0,OK
2055-10-12T08:37:16Z,R-02,Hover,Radiation,226.1,OK
2055-10-12T08:37:21Z,R-01,Tracked,Temperature,5000.0,ERROR
2055-10-12T08:37:26Z,R-04,Hover,Radiation,134.3,OK
2055-10-12T08:37:30Z,R-01,Tracked,Atmosphere,93.1,OK
2055-10-12T08:37:35Z,R-02,Hover,Temperature,-68.4,OK
2055-10-12T08:37:36Z,R-01,Tracked,Radiation,231.5,OK
2055-10-12T08:37:41Z,R-02,Hover,Radiation,,ERROR
2055-10-12T08:37:42Z,R-01,Tracked,Temperature,-41.0,OK
2055-10-12T08:37:46Z,R-05,Tracked,Temperature,-62.4,OK
2055-10-12T08:37:47Z,R-03,Walker,Radiation,200.5,OK
2055-10-12T08:37:51Z,R-04,Hover,Atmosphere,90.3,ERROR
2055-10-12T08:37:52Z,R-05,Tracked,Atmosphere,99.2,OK
2055-10-12T08:37:56Z,R-02,Hover,Atmosphere,92.7,OK
2055-10-12T08:38:01Z,R-05,Tracked,Radiation,288.3,OK
2055-10-12T08:38:02Z,R-01,Tracked,Temperature,-73.7,OK
2055-10-12T08:38:05Z,R-03,Walker,Temperature,-64.5,OK
2055-10-12T08:38:06Z,R-01,Tracked,Temperature,ERR,ERROR
2055-10-12T08:38:11Z,R-01,Tracked,Radiation,125.5,OK
2055-10-12T08:38:13Z,R-03,Walker,Temperature,-65.8,OK
2055-10-12T08:38:17Z,R-03,Walker,Atmosphere,95.9,OK
2055-10-12T08:38:18Z,R-05,Tracked,Atmosphere,94.6,OK
2055-10-12T08:38:20Z,R-04,Hover,Radiation,180.0,OK
2055-10-12T08:38:23Z,R-02,Hover,Temperature,-52.4,OK
2055-10-12T08:38:24Z,R-01,Tracked,Radiation,218.9,OK
2055-10-12T08:38:29Z,R-02,Hover,Radiation,226.8,OK
2055-10-12T08:38:32Z,R-01,Tracked,Atmosphere,ERR,ERROR
2055-10-12T08:38:37Z,R-01,Tracked,Temperature,-70.4,OK
2055-10-12T08:38:39Z,R-02,Hover,Atmosphere,93.7,ERROR
2055-10-12T08:38:42Z,R-01,Tracked,Atmosphere,92.6,OK
2055-10-12T08:38:44Z,R-01,Tracked,Radiation,193.6,OK
2055-10-12T08:38:45Z,R-04,Hover,Atmosphere,90.8,OK
2055-10-12T08:38:50Z,R-03,Walker,Temperature,-29.4,OK
2055-10-12T08:38:55Z,R-02,Hover,Atmosphere,97.5,OK
2055-10-12T08:39:00Z,R-05,Tracked,Temperature,-41.4,OK
2055-10-12T08:39:03Z,R-05,Tracked,Atmosphere,99.9,OK
2055-10-12T08:39:07Z,R-03,Walker,Atmosphere,94.4,OK
2055-10-12T08:39:12Z,R-05,Tracked,Atmosphere,91.0,OK
2055-10-12T08:39:17Z,R-03,Walker,Temperature,-51.7,OK
2055-10-12T08:39:18Z,R-04,Hover,Temperature,-40.9,OK
2055-10-12T08:39:19Z,R-04,Hover,Radiation,258.1,OK
2055-10-12T08:39:22Z,R-02,Hover,Radiation,497.0,WARNING
2055-10-12T08:39:27Z,R-01,Tracked,Atmosphere,92.2,ERROR
2055-10-12T08:39:28Z,R-04,Hover,Atmosphere,92.6,OK
2055-10-12T08:39:32Z,R-01,Tracked,Atmosphere,94.7,OK
2055-10-12T08:39:33Z,R-05,Tracked,Radiation,56.5,OK
2055-10-12T08:39:35Z,R-04,Hover,Radiation,256.3,ERROR
2055-10-12T08:39:40Z,R-05,Tracked,Atmosphere,90.1,OK
2055-10-12T08:39:44Z,R-05,Tracked,Radiation,259.2,OK
2055-10-12T08:39:46Z,R-04,Hover,Radiation,178.1,OK
2055-10-12T08:39:47Z,R-04,Hover,Atmosphere,97.5,OK
2055-10-12T08:39:51Z,R-01,Tracked,Atmosphere,92.8,OK
2055-10-12T08:39:52Z,R-03,Walker,Atmosphere,94.5,OK
2055-10-12T08:39:53Z,R-04,Hover,Atmosphere,95.4,OK
2055-10-12T08:39:54Z,R-01,Tracked,Temperature,-18.5,OK
2055-10-12T08:39:56Z,R-04,Hover,Temperature,-79.2,OK
2055-10-12T08:39:57Z,R-04,Hover,Radiation,134.3,OK
2055-10-12T08:40:01Z,R-02,Hover,Atmosphere,94.0,ERROR
2055-10-12T08:40:06Z,R-03,Walker,Temperature,-62.3,OK
2055-10-12T08:40:10Z,R-04,Hover,Radiation,78.6,OK
2055-10-12T08:40:13Z,R-01,Tracked,Temperature,-23.5,OK
2055-10-12T08:40:18Z,R-04,Hover,Radiation,233.4,OK
2055-10-12T08:40:23Z,R-02,Hover,Atmosphere,97.6,OK
2055-10-12T08:40:28Z,R-03,Walker,Atmosphere,90.0,OK
2055-10-12T08:40:32Z,R-03,Walker,Radiation,263.3,OK
2055-10-12T08:40:36Z,R-03,Walker,Radiation,445.0,WARNING
2055-10-12T08:40:39Z,R-03,Walker,Temperature,-46.7,OK
2055-10-12T08:40:40Z,R-04,Hover,Atmosphere,96.2,OK
2055-10-12T08:40:42Z,R-02,Hover,Atmosphere,NULL,ERROR
2055-10-12T08:40:46Z,R-05,Tracked,Atmosphere,91.1,OK
2055-10-12T08:40:50Z,R-02,Hover,Radiation,170.9,OK
2055-10-12T08:40:52Z,R-03,Walker,Radiation,223.0,OK
2055-10-12T08:40:55Z,R-05,Tracked,Atmosphere,98.3,OK
2055-10-12T08:40:59Z,R-01,Tracked,Radiation,-100.0,ERROR
2055-10-12T08:41:03Z,R-02,Hover,Radiation,226.1,OK
2055-10-12T08:41:07Z,R-05,Tracked,Atmosphere,93.6,OK
2055-10-12T08:41:11Z,R-02,Hover,Atmosphere,91.0,OK
2055-10-12T08:41:13Z,R-01,Tracked,Atmosphere,93.3,OK
2055-10-12T08:41:16Z,R-05,Tracked,Atmosphere,,ERROR
2055-10-12T08:41:21Z,R-03,Walker,Temperature,-22.6,OK
2055-10-12T08:41:25Z,R-01,Tracked,Temperature,-57.8,OK
2055-10-12T08:41:29Z,R-03,Walker,Radiation,66.2,OK
2055-10-12T08:41:30Z,R-01,Tracked,Atmosphere,99.5,OK
2055-10-12T08:41:33Z,R-02,Hover,Temperature,-62.8,OK
2055-10-12T08:41:37Z,R-05,Tracked,Radiation,224.7,OK
2055-10-12T08:41:40Z,R-02,Hover,Temperature,-72.4,OK
2055-10-12T08:41:42Z,R-04,Hover,Radiation,207.2,OK
2055-10-12T08:41:43Z,R-02,Hover,Radiation,,ERROR
2055-10-12T08:41:48Z,R-02,Hover,Temperature,-32.6,OK
2055-10-12T08:41:49Z,R-02,Hover,Temperature,-27.6,OK
2055-10-12T08:41:53Z,R-01,Tracked,Atmosphere,95.1,OK
2055-10-12T08:41:54Z,R-05,Tracked,Atmosphere,N/A,ERROR
2055-10-12T08:41:59Z,R-02,Hover,Radiation,181.2,OK
2055-10-12T08:42:03Z,R-04,Hover,Atmosphere,99.5,OK
2055-10-12T08:42:08Z,R-04,Hover,Temperature,-22.2,OK
2055-10-12T08:42:13Z,R-02,Hover,Atmosphere,,ERROR
2055-10-12T08:42:15Z,R-05,Tracked,Atmosphere,92.4,OK
2055-10-12T08:42:16Z,R-02,Hover,Radiation,185.0,OK
2055-10-12T08:42:21Z,R-04,Hover,Atmosphere,,ERROR
2055-10-12T08:42:25Z,R-04,Hover,Temperature,-36.9,OK
2055-10-12T08:42:30Z,R-03,Walker,Temperature,-55.8,OK
2055-10-12T08:42:31Z,R-02,Hover,Atmosphere,97.9,OK
2055-10-12T08:42:34Z,R-03,Walker,Temperature,-58.2,OK
2055-10-12T08:42:35Z,R-01,Tracked,Temperature,-52.2,OK
2055-10-12T08:42:40Z,R-04,Hover,Temperature,-16.3,OK
2055-10-12T08:42:43Z,R-03,Walker,Atmosphere,92.4,OK
2055-10-12T08:42:48Z,R-05,Tracked,Atmosphere,93.7,OK
2055-10-12T08:42:53Z,R-03,Walker,Radiation,165.8,OK
2055-10-12T08:42:55Z,R-03,Walker,Radiation,128.9,OK
2055-10-12T08:43:00Z,R-05,Tracked,Atmosphere,92.0,OK
2055-10-12T08:43:01Z,R-05,Tracked,Temperature,-42.5,OK
2055-10-12T08:43:04Z,R-01,Tracked,Temperature,-17.4,OK
2055-10-12T08:43:07Z,R-05,Tracked,Radiation,239.9,OK
2055-10-12T08:43:10Z,R-01,Tracked,Atmosphere,96.5,OK
2055-10-12T08:43:15Z,R-03,Walker,Atmosphere,90.4,OK
2055-10-12T08:43:17Z,R-05,Tracked,Temperature,-41.9,OK
2055-10-12T08:43:19Z,R-04,Hover,Temperature,-15.8,OK
2055-10-12T08:43:22Z,R-02,Hover,Temperature,-30.4,OK
2055-10-12T08:43:23Z,R-02,Hover,Atmosphere,97.2,OK
2055-10-12T08:43:28Z,R-04,Hover,Radiation,246.3,OK
2055-10-12T08:43:29Z,R-03,Walker,Radiation,288.1,OK
2055-10-12T08:43:30Z,R-02,Hover,Radiation,410.4,WARNING
2055-10-12T08:43:33Z,R-01,Tracked,Radiation,493.6,WARNING
2055-10-12T08:43:35Z,R-01,Tracked,Radiation,60.3,OK
2055-10-12T08:43:40Z,R-04,Hover,Radiation,293.9,OK
2055-10-12T08:43:44Z,R-05,Tracked,Temperature,,ERROR
2055-10-12T08:43:45Z,R-03,Walker,Radiation,275.9,OK
2055-10-12T08:43:50Z,R-03,Walker,Radiation,NULL,ERROR
2055-10-12T08:43:55Z,R-04,Hover,Atmosphere,96.7,OK
2055-10-12T08:43:59Z,R-03,Walker,Radiation,206.0,OK
2055-10-12T08:44:03Z,R-03,Walker,Temperature,-29.1,OK
2055-10-12T08:44:06Z,R-03,Walker,Radiation,50.1,OK
2055-10-12T08:44:10Z,R-01,Tracked,Temperature,-54.2,OK
2055-10-12T08:44:12Z,R-01,Tracked,Radiation,89.1,OK
2055-10-12T08:44:14Z,R-05,Tracked,Radiation,139.1,OK
2055-10-12T08:44:17Z,R-03,Walker,Temperature,,ERROR
2055-10-12T08:44:21Z,R-03,Walker,Temperature,-11.2,OK
2055-10-12T08:44:25Z,R-03,Walker,Temperature,-45.5,OK
2055-10-12T08:44:30Z,R-05,Tracked,Temperature,-48.9,OK
2055-10-12T08:44:34Z,R-03,Walker,Radiation,124.7,OK
2055-10-12T08:44:37Z,R-05,Tracked,Temperature,-67.1,OK
2055-10-12T08:44:42Z,R-03,Walker,Temperature,-58.8,OK
2055-10-12T08:44:47Z,R-03,Walker,Radiation,99999.0,ERROR
2055-10-12T08:44:52Z,R-01,Tracked,Radiation,138.1,OK
2055-10-12T08:44:57Z,R-03,Walker,Temperature,-32.4,OK
2055-10-12T08:45:02Z,R-02,Hover,Radiation,235.7,OK
2055-10-12T08:45:06Z,R-02,Hover,Atmosphere,,ERROR
2055-10-12T08:45:09Z,R-03,Walker,Atmosphere,97.7,OK
2055-10-12T08:45:14Z,R-01,Tracked,Temperature,-51.8,OK
2055-10-12T08:45:15Z,R-04,Hover,Temperature,-30.7,OK
2055-10-12T08:45:19Z,R-05,Tracked,Radiation,166.6,OK
2055-10-12T08:45:21Z,R-05,Tracked,Atmosphere,N/A,ERROR
2055-10-12T08:45:26Z,R-04,Hover,Radiation,276.8,OK
2055-10-12T08:45:27Z,R-05,Tracked,Radiation,104.4,OK
2055-10-12T08:45:29Z,R-02,Hover,Temperature,-23.9,OK
2055-10-12T08:45:33Z,R-03,Walker,Atmosphere,94.8,OK
2055-10-12T08:45:35Z,R-04,Hover,Atmosphere,93.1,OK
2055-10-12T08:45:37Z,R-04,Hover,Atmosphere,98.5,OK
2055-10-12T08:45:41Z,R-05,Tracked,Atmosphere,99.2,OK
2055-10-12T08:45:46Z,R-01,Tracked,Temperature,-10.3,OK
2055-10-12T08:45:48Z,R-04,Hover,Radiation,208.4,OK
2055-10-12T08:45:51Z,R-02,Hover,Radiation,193.4,OK
2055-10-12T08:45:55Z,R-02,Hover,Atmosphere,96.1,OK
2055-10-12T08:45:59Z,R-03,Walker,Radiation,196.3,OK
2055-10-12T08:46:01Z,R-02,Hover,Temperature,-18.4,OK
2055-10-12T08:46:04Z,R-02,Hover,Atmosphere,97.6,OK
2055-10-12T08:46:07Z,R-04,Hover,Radiation,131.0,OK
2055-10-12T08:46:11Z,R-01,Tracked,Temperature,-27.8,OK
2055-10-12T08:46:12Z,R-02,Hover,Temperature,-75.3,OK
2055-10-12T08:46:16Z,R-03,Walker,Radiation,183.9,OK
2055-10-12T08:46:18Z,R-05,Tracked,Radiation,259.7,OK
2055-10-12T08:46:19Z,R-03,Walker,Temperature,-37.9,WARNING
2055-10-12T08:46:22Z,R-01,Tracked,Atmosphere,93.1,OK
2055-10-12T08:46:27Z,R-04,Hover,Atmosphere,100.0,OK
2055-10-12T08:46:30Z,R-05,Tracked,Radiation,78.9,OK
2055-10-12T08:46:31Z,R-03,Walker,Atmosphere,93.3,OK
2055-10-12T08:46:36Z,R-01,Tracked,Temperature,-70.0,OK
2055-10-12T08:46:37Z,R-05,Tracked,Temperature,-41.7,ERROR
2055-10-12T08:46:41Z,R-03,Walker,Radiation,135.0,OK
2055-10-12T08:46:42Z,R-01,Tracked,Atmosphere,95.8,OK
2055-10-12T08:46:45Z,R-04,Hover,Temperature,-54.9,OK
2055-10-12T08:46:46Z,R-03,Walker,Radiation,NaN,ERROR
2055-10-12T08:46:51Z,R-02,Hover,Atmosphere,99.3,OK
2055-10-12T08:46:53Z,R-05,Tracked,Atmosphere,95.3,OK
2055-10-12T08:46:57Z,R-05,Tracked,Atmosphere,90.5,OK
2055-10-12T08:47:00Z,R-03,Walker,Atmosphere,90.2,OK
2055-10-12T08:47:02Z,R-05,Tracked,Temperature,-59.6,OK
2055-10-12T08:47:05Z,R-04,Hover,Radiation,112.5,OK
2055-10-12T08:47:10Z,R-02,Hover,Radiation,230.3,OK
2055-10-12T08:47:14Z,R-01,Tracked,Atmosphere,98.0,OK
2055-10-12T08:47:15Z,R-03,Walker,Temperature,-48.2,OK
2055-10-12T08:47:16Z,R-02,Hover,Atmosphere,93.6,OK
2055-10-12T08:47:20Z,R-04,Hover,Temperature,-39.6,ERROR
2055-10-12T08:47:23Z,R-04,Hover,Temperature,-11.4,OK
2055-10-12T08:47:27Z,R-05,Tracked,Radiation,133.6,OK
2055-10-12T08:47:28Z,R-01,Tracked,Temperature,-33.5,OK
2055-10-12T08:47:29Z,R-02,Hover,Atmosphere,99.4,OK
2055-10-12T08:47:31Z,R-04,Hover,Atmosphere,99.8,OK
2055-10-12T08:47:34Z,R-05,Tracked,Temperature,-50.1,OK
2055-10-12T08:47:39Z,R-03,Walker,Radiation,194.3,OK
2055-10-12T08:47:42Z,R-03,Walker,Atmosphere,91.7,OK
2055-10-12T08:47:44Z,R-01,Tracked,Temperature,-37.7,OK
2055-10-12T08:47:47Z,R-04,Hover,Radiation,424.8,WARNING
2055-10-12T08:47:48Z,R-03,Walker,Radiation,132.1,OK
2055-10-12T08:47:50Z,R-01,Tracked,Temperature,-79.9,OK
2055-10-12T08:47:52Z,R-03,Walker,Radiation,280.9,OK
2055-10-12T08:47:55Z,R-02,Hover,Temperature,-66.0,OK
2055-10-12T08:47:57Z,R-05,Tracked,Atmosphere,91.6,OK
2055-10-12T08:47:58Z,R-01,Tracked,Atmosphere,95.1,OK
2055-10-12T08:48:01Z,R-01,Tracked,Radiation,200.4,OK
2055-10-12T08:48:06Z,R-02,Hover,Atmosphere,99.3,OK
2055-10-12T08:48:10Z,R-02,Hover,Atmosphere,99.2,OK
2055-10-12T08:48:15Z,R-05,Tracked,Radiation,,ERROR
2055-10-12T08:48:20Z,R-03,Walker,Temperature,-50.0,OK
2055-10-12T08:48:25Z,R-03,Walker,Atmosphere,95.3,OK
2055-10-12T08:48:30Z,R-01,Tracked,Temperature,-52.7,OK
2055-10-12T08:48:31Z,R-02,Hover,Temperature,-18.7,OK
2055-10-12T08:48:32Z,R-04,Hover,Atmosphere,94.9,OK
2055-10-12T08:48:36Z,R-03,Walker,Temperature,-25.1,OK
2055-10-12T08:48:37Z,R-01,Tracked,Temperature,-21.3,OK
2055-10-12T08:48:41Z,R-03,Walker,Atmosphere,94.1,ERROR
2055-10-12T08:48:46Z,R-02,Hover,Atmosphere,96.3,OK
2055-10-12T08:48:47Z,R-02,Hover,Atmosphere,97.8,OK
2055-10-12T08:48:48Z,R-03,Walker,Radiation,50.1,ERROR
2055-10-12T08:48:52Z,R-03,Walker,Temperature,5000.0,ERROR
2055-10-12T08:48:56Z,R-04,Hover,Temperature,-26.8,OK
2055-10-12T08:49:01Z,R-04,Hover,Temperature,-49.6,OK
2055-10-12T08:49:02Z,R-02,Hover,Temperature,-72.0,OK
2055-10-12T08:49:07Z,R-04,Hover,Atmosphere,90.5,OK
2055-10-12T08:49:08Z,R-02,Hover,Radiation,NULL,ERROR
2055-10-12T08:49:09Z,R-02,Hover,Atmosphere,96.3,OK
2055-10-12T08:49:14Z,R-04,Hover,Temperature,-72.7,OK
2055-10-12T08:49:18Z,R-04,Hover,Atmosphere,94.8,OK
2055-10-12T08:49:19Z,R-02,Hover,Atmosphere,95.3,OK
2055-10-12T08:49:22Z,R-05,Tracked,Atmosphere,91.7,OK
2055-10-12T08:49:23Z,R-04,Hover,Radiation,200.2,OK
2055-10-12T08:49:27Z,R-02,Hover,Temperature,-54.9,OK
2055-10-12T08:49:29Z,R-01,Tracked,Atmosphere,91.8,OK
2055-10-12T08:49:32Z,R-03,Walker,Temperature,-38.8,OK
2055-10-12T08:49:33Z,R-01,Tracked,Atmosphere,95.6,OK
2055-10-12T08:49:34Z,R-02,Hover,Atmosphere,92.5,OK
2055-10-12T08:49:35Z,R-02,Hover,Temperature,-23.0,OK
2055-10-12T08:49:38Z,R-03,Walker,Atmosphere,93.2,OK
2055-10-12T08:49:39Z,R-03,Walker,Atmosphere,95.2,OK
2055-10-12T08:49:40Z,R-03,Walker,Radiation,-100.0,ERROR
2055-10-12T08:49:42Z,R-05,Tracked,Radiation,194.8,OK
2055-10-12T08:49:47Z,R-02,Hover,Temperature,-46.9,OK
2055-10-12T08:49:48Z,R-03,Walker,Atmosphere,96.6,OK
2055-10-12T08:49:51Z,R-05,Tracked,Temperature,-58.8,OK
2055-10-12T08:49:56Z,R-02,Hover,Temperature,-45.1,OK
2055-10-12T08:49:57Z,R-04,Hover,Temperature,-26.6,OK
2055-10-12T08:50:00Z,R-05,Tracked,Atmosphere,93.4,OK
2055-10-12T08:50:03Z,R-02,Hover,Atmosphere,90.2,OK
2055-10-12T08:50:07Z,R-04,Hover,Radiation,140.4,OK
2055-10-12T08:50:09Z,R-03,Walker,Atmosphere,98.1,OK
2055-10-12T08:50:13Z,R-02,Hover,Temperature,-67.8,OK
2055-10-12T08:50:17Z,R-01,Tracked,Radiation,253.7,OK
2055-10-12T08:50:21Z,R-02,Hover,Radiation,291.3,OK
2055-10-12T08:50:23Z,R-02,Hover,Radiation,260.8,OK
2055-10-12T08:50:24Z,R-02,Hover,Atmosphere,99.8,OK
2055-10-12T08:50:26Z,R-05,Tracked,Radiation,-100.0,ERROR
2055-10-12T08:50:30Z,R-02,Hover,Temperature,-15.7,OK
2055-10-12T08:50:32Z,R-01,Tracked,Radiation,454.2,WARNING
2055-10-12T08:50:37Z,R-05,Tracked,Atmosphere,97.3,OK
2055-10-12T08:50:41Z,R-04,Hover,Temperature,5000.0,ERROR
2055-10-12T08:50:46Z,R-04,Hover,Temperature,-15.3,OK
2055-10-12T08:50:47Z,R-01,Tracked,Atmosphere,99.3,OK
2055-10-12T08:50:52Z,R-02,Hover,Atmosphere,94.1,OK
2055-10-12T08:50:56Z,R-05,Tracked,Radiation,163.0,ERROR
2055-10-12T08:51:01Z,R-04,Hover,Temperature,-33.0,WARNING
2055-10-12T08:51:03Z,R-05,Tracked,Radiation,156.2,OK
2055-10-12T08:51:05Z,R-02,Hover,Atmosphere,98.1,OK
2055-10-12T08:51:06Z,R-04,Hover,Temperature,-18.5,OK
2055-10-12T08:51:11Z,R-05,Tracked,Radiation,209.6,OK
2055-10-12T08:51:16Z,R-01,Tracked,Atmosphere,93.9,OK
2055-10-12T08:51:20Z,R-01,Tracked,Temperature,5000.0,ERROR
2055-10-12T08:51:22Z,R-01,Tracked,Atmosphere,91.0,ERROR
2055-10-12T08:51:26Z,R-01,Tracked,Temperature,-24.7,OK
2055-10-12T08:51:27Z,R-02,Hover,Atmosphere,98.7,OK
2055-10-12T08:51:32Z,R-05,Tracked,Radiation,205.2,OK
2055-10-12T08:51:33Z,R-01,Tracked,Temperature,-61.5,OK
2055-10-12T08:51:36Z,R-05,Tracked,Radiation,51.7,OK
2055-10-12T08:51:39Z,R-03,Walker,Atmosphere,97.3,OK
2055-10-12T08:51:43Z,R-03,Walker,Temperature,-17.8,WARNING
2055-10-12T08:51:46Z,R-05,Tracked,Temperature,ERR,ERROR
2055-10-12T08:51:49Z,R-04,Hover,Temperature,-70.2,OK
2055-10-12T08:51:51Z,R-03,Walker,Temperature,ERR,ERROR
2055-10-12T08:51:56Z,R-05,Tracked,Radiation,68.0,OK
2055-10-12T08:52:01Z,R-04,Hover,Radiation,432.5,WARNING
2055-10-12T08:52:03Z,R-01,Tracked,Temperature,-46.1,OK
2055-10-12T08:52:05Z,R-04,Hover,Radiation,54.5,OK
2055-10-12T08:52:10Z,R-01,Tracked,Atmosphere,92.4,OK
2055-10-12T08:52:14Z,R-04,Hover,Atmosphere,92.6,OK
2055-10-12T08:52:16Z,R-02,Hover,Atmosphere,92.8,OK
2055-10-12T08:52:19Z,R-05,Tracked,Atmosphere,93.5,OK
2055-10-12T08:52:20Z,R-05,Tracked,Atmosphere,99.6,OK
2055-10-12T08:52:25Z,R-03,Walker,Atmosphere,90.4,OK
2055-10-12T08:52:27Z,R-02,Hover,Atmosphere,98.6,OK
2055-10-12T08:52:32Z,R-05,Tracked,Temperature,-18.1,OK
2055-10-12T08:52:33Z,R-05,Tracked,Radiation,180.6,OK
2055-10-12T08:52:34Z,R-01,Tracked,Temperature,-76.3,OK
2055-10-12T08:52:37Z,R-01,Tracked,Temperature,-63.9,OK
2055-10-12T08:52:42Z,R-04,Hover,Atmosphere,97.0,OK
2055-10-12T08:52:44Z,R-03,Walker,Radiation,131.4,OK
2055-10-12T08:52:48Z,R-01,Tracked,Temperature,-49.4,OK
2055-10-12T08:52:52Z,R-05,Tracked,Temperature,5000.0,ERROR
2055-10-12T08:52:55Z,R-01,Tracked,Radiation,,ERROR
2055-10-12T08:52:59Z,R-02,Hover,Radiation,152.6,OK
2055-10-12T08:53:00Z,R-02,Hover,Temperature,-51.7,OK
2055-10-12T08:53:04Z,R-02,Hover,Radiation,428.6,WARNING
2055-10-12T08:53:05Z,R-04,Hover,Radiation,275.4,OK
2055-10-12T08:53:06Z,R-02,Hover,Atmosphere,,ERROR
2055-10-12T08:53:10Z,R-05,Tracked,Atmosphere,94.2,OK
2055-10-12T08:53:14Z,R-03,Walker,Temperature,-45.3,OK
2055-10-12T08:53:16Z,R-01,Tracked,Temperature,-21.0,OK
2055-10-12T08:53:18Z,R-01,Tracked,Radiation,145.8,OK
2055-10-12T08:53:20Z,R-02,Hover,Temperature,,ERROR
2055-10-12T08:53:24Z,R-03,Walker,Radiation,253.9,OK
2055-10-12T08:53:27Z,R-03,Walker,Radiation,284.7,OK
2055-10-12T08:53:29Z,R-03,Walker,Radiation,180.3,OK
2055-10-12T08:53:34Z,R-04,Hover,Radiation,59.9,OK
2055-10-12T08:53:37Z,R-03,Walker,Atmosphere,NaN,ERROR
2055-10-12T08:53:42Z,R-03,Walker,Radiation,169.7,OK
2055-10-12T08:53:44Z,R-02,Hover,Radiation,246.6,OK
2055-10-12T08:53:48Z,R-04,Hover,Temperature,-22.2,OK
2055-10-12T08:53:49Z,R-01,Tracked,Radiation,202.4,OK
2055-10-12T08:53:54Z,R-05,Tracked,Temperature,-11.2,OK
2055-10-12T08:53:58Z,R-03,Walker,Radiation,136.1,OK
2055-10-12T08:53:59Z,R-01,Tracked,Radiation,251.9,ERROR
2055-10-12T08:54:00Z,R-04,Hover,Radiation,83.1,OK
2055-10-12T08:54:02Z,R-05,Tracked,Atmosphere,93.6,OK
2055-10-12T08:54:04Z,R-03,Walker,Radiation,192.0,OK
2055-10-12T08:54:07Z,R-04,Hover,Radiation,99999.0,ERROR
2055-10-12T08:54:08Z,R-01,Tracked,Temperature,-34.5,OK
2055-10-12T08:54:12Z,R-05,Tracked,Radiation,NaN,ERROR
2055-10-12T08:54:13Z,R-02,Hover,Radiation,262.0,OK
2055-10-12T08:54:16Z,R-05,Tracked,Atmosphere,91.9,ERROR
2055-10-12T08:54:19Z,R-03,Walker,Atmosphere,ERR,ERROR
2055-10-12T08:54:21Z,R-04,Hover,Temperature,-36.2,OK
2055-10-12T08:54:25Z,R-03,Walker,Radiation,ERR,ERROR
2055-10-12T08:54:30Z,R-04,Hover,Radiation,169.9,OK
2055-10-12T08:54:34Z,R-03,Walker,Atmosphere,98.6,ERROR
2055-10-12T08:54:36Z,R-02,Hover,Atmosphere,91.3,OK
2055-10-12T08:54:40Z,R-04,Hover,Atmosphere,ERR,ERROR
2055-10-12T08:54:42Z,R-01,Tracked,Temperature,-9999.0,ERROR
2055-10-12T08:54:47Z,R-02,Hover,Radiation,NaN,ERROR
2055-10-12T08:54:49Z,R-02,Hover,Atmosphere,99.0,OK
2055-10-12T08:54:52Z,R-04,Hover,Atmosphere,96.3,OK
2055-10-12T08:54:56Z,R-04,Hover,Temperature,-12.7,OK
2055-10-12T08:54:59Z,R-04,Hover,Radiation,150.1,OK
2055-10-12T08:55:01Z,R-05,Tracked,Atmosphere,91.3,OK
2055-10-12T08:55:02Z,R-03,Walker,Atmosphere,91.0,ERROR
2055-10-12T08:55:04Z,R-04,Hover,Radiation,250.3,ERROR
2055-10-12T08:55:07Z,R-03,Walker,Temperature,-18.2,OK
2055-10-12T08:55:12Z,R-01,Tracked,Temperature,-9999.0,ERROR
2055-10-12T08:55:14Z,R-05,Tracked,Radiation,ERR,ERROR
2055-10-12T08:55:17Z,R-03,Walker,Temperature,-13.5,OK
2055-10-12T08:55:20Z,R-04,Hover,Radiation,146.1,OK
2055-10-12T08:55:23Z,R-01,Tracked,Temperature,-36.9,OK
2055-10-12T08:55:27Z,R-04,Hover,Atmosphere,#VALUE!,ERROR
2055-10-12T08:55:32Z,R-01,Tracked,Temperature,-24.5,OK
2055-10-12T08:55:36Z,R-02,Hover,Temperature,-57.1,OK
2055-10-12T08:55:37Z,R-04,Hover,Temperature,-76.2,OK
2055-10-12T08:55:38Z,R-01,Tracked,Radiation,97.3,OK
2055-10-12T08:55:39Z,R-01,Tracked,Atmosphere,97.4,ERROR
2055-10-12T08:55:41Z,R-02,Hover,Radiation,260.6,OK
2055-10-12T08:55:43Z,R-04,Hover,Atmosphere,98.9,OK
2055-10-12T08:55:46Z,R-05,Tracked,Temperature,-46.2,OK
2055-10-12T08:55:50Z,R-02,Hover,Radiation,104.4,OK
2055-10-12T08:55:55Z,R-04,Hover,Temperature,-41.6,OK
2055-10-12T08:55:58Z,R-02,Hover,Atmosphere,98.0,ERROR
2055-10-12T08:56:01Z,R-04,Hover,Radiation,124.0,OK
2055-10-12T08:56:06Z,R-03,Walker,Atmosphere,#VALUE!,ERROR
2055-10-12T08:56:09Z,R-01,Tracked,Temperature,5000.0,ERROR
2055-10-12T08:56:10Z,R-02,Hover,Radiation,469.6,WARNING
2055-10-12T08:56:13Z,R-04,Hover,Atmosphere,92.1,OK
2055-10-12T08:56:18Z,R-02,Hover,Radiation,191.5,OK
2055-10-12T08:56:19Z,R-05,Tracked,Radiation,88.9,OK
2055-10-12T08:56:23Z,R-05,Tracked,Temperature,-64.5,OK
2055-10-12T08:56:28Z,R-05,Tracked,Atmosphere,96.1,OK
2055-10-12T08:56:33Z,R-02,Hover,Atmosphere,99.6,OK
2055-10-12T08:56:38Z,R-03,Walker,Atmosphere,92.2,OK
2055-10-12T08:56:41Z,R-01,Tracked,Radiation,61.2,OK
2055-10-12T08:56:42Z,R-04,Hover,Radiation,273.0,OK
2055-10-12T08:56:47Z,R-04,Hover,Atmosphere,#VALUE!,ERROR
2055-10-12T08:56:48Z,R-02,Hover,Atmosphere,97.2,OK
2055-10-12T08:56:53Z,R-05,Tracked,Temperature,-51.2,OK
2055-10-12T08:56:57Z,R-03,Walker,Radiation,241.0,OK
2055-10-12T08:57:01Z,R-01,Tracked,Atmosphere,92.9,OK
2055-10-12T08:57:04Z,R-05,Tracked,Radiation,256.2,OK
2055-10-12T08:57:06Z,R-03,Walker,Temperature,-64.0,OK
2055-10-12T08:57:10Z,R-03,Walker,Radiation,50.5,OK
2055-10-12T08:57:15Z,R-05,Tracked,Atmosphere,98.0,OK
2055-10-12T08:57:18Z,R-01,Tracked,Atmosphere,99.5,OK
2055-10-12T08:57:23Z,R-05,Tracked,Atmosphere,93.3,OK
2055-10-12T08:57:28Z,R-01,Tracked,Radiation,298.8,OK
2055-10-12T08:57:32Z,R-03,Walker,Radiation,117.8,OK
2055-10-12T08:57:37Z,R-04,Hover,Atmosphere,99.1,OK
2055-10-12T08:57:42Z,R-04,Hover,Radiation,184.6,OK
2055-10-12T08:57:43Z,R-04,Hover,Atmosphere,92.1,OK
2055-10-12T08:57:44Z,R-04,Hover,Radiation,92.1,OK
2055-10-12T08:57:48Z,R-04,Hover,Temperature,-76.1,OK
2055-10-12T08:57:49Z,R-01,Tracked,Atmosphere,NaN,ERROR
2055-10-12T08:57:51Z,R-01,Tracked,Temperature,,ERROR
2055-10-12T08:57:52Z,R-03,Walker,Atmosphere,95.8,OK
2055-10-12T08:57:56Z,R-03,Walker,Atmosphere,98.6,OK
2055-10-12T08:57:59Z,R-03,Walker,Radiation,288.3,OK
2055-10-12T08:58:02Z,R-01,Tracked,Temperature,-63.4,OK
2055-10-12T08:58:07Z,R-02,Hover,Temperature,,ERROR
2055-10-12T08:58:12Z,R-05,Tracked,Temperature,-46.9,OK
2055-10-12T08:58:13Z,R-01,Tracked,Temperature,-9999.0,ERROR
2055-10-12T08:58:16Z,R-03,Walker,Radiation,,ERROR
2055-10-12T08:58:17Z,R-03,Walker,Temperature,-10.9,OK
2055-10-12T08:58:20Z,R-01,Tracked,Atmosphere,94.6,OK
2055-10-12T08:58:23Z,R-01,Tracked,Radiation,228.6,OK
2055-10-12T08:58:25Z,R-03,Walker,Atmosphere,91.2,OK
2055-10-12T08:58:29Z,R-01,Tracked,Radiation,172.2,OK
2055-10-12T08:58:33Z,R-03,Walker,Temperature,-50.5,OK
2055-10-12T08:58:35Z,R-03,Walker,Temperature,-73.0,OK
2055-10-12T08:58:36Z,R-02,Hover,Atmosphere,99.1,ERROR
2055-10-12T08:58:41Z,R-03,Walker,Atmosphere,#VALUE!,ERROR
2055-10-12T08:58:42Z,R-01,Tracked,Radiation,294.0,OK
2055-10-12T08:58:43Z,R-01,Tracked,Temperature,-77.1,OK
2055-10-12T08:58:44Z,R-05,Tracked,Temperature,-41.4,OK
2055-10-12T08:58:47Z,R-04,Hover,Radiation,N/A,ERROR
2055-10-12T08:58:51Z,R-05,Tracked,Atmosphere,90.8,OK
2055-10-12T08:58:53Z,R-04,Hover,Atmosphere,N/A,ERROR
2055-10-12T08:58:57Z,R-01,Tracked,Temperature,-52.4,OK
2055-10-12T08:58:58Z,R-01,Tracked,Temperature,-37.2,OK
2055-10-12T08:58:59Z,R-05,Tracked,Radiation,51.9,OK
2055-10-12T08:59:00Z,R-05,Tracked,Temperature,-62.2,WARNING
2055-10-12T08:59:01Z,R-03,Walker,Atmosphere,90.2,OK
2055-10-12T08:59:02Z,R-05,Tracked,Atmosphere,97.4,OK
2055-10-12T08:59:03Z,R-03,Walker,Atmosphere,93.0,OK
2055-10-12T08:59:06Z,R-05,Tracked,Atmosphere,91.9,ERROR
2055-10-12T08:59:10Z,R-05,Tracked,Temperature,-67.1,OK
2055-10-12T08:59:15Z,R-02,Hover,Atmosphere,,ERROR
2055-10-12T08:59:19Z,R-05,Tracked,Temperature,-32.9,OK
2055-10-12T08:59:24Z,R-05,Tracked,Atmosphere,95.6,OK
2055-10-12T08:59:26Z,R-04,Hover,Temperature,-51.2,OK
2055-10-12T08:59:30Z,R-02,Hover,Temperature,-78.0,OK
2055-10-12T08:59:31Z,R-02,Hover,Temperature,-18.8,OK
2055-10-12T08:59:33Z,R-01,Tracked,Temperature,-57.0,OK
2055-10-12T08:59:36Z,R-04,Hover,Radiation,212.3,OK
2055-10-12T08:59:40Z,R-02,Hover,Radiation,101.1,OK
2055-10-12T08:59:44Z,R-03,Walker,Temperature,-51.5,OK
2055-10-12T08:59:48Z,R-01,Tracked,Radiation,479.1,WARNING
2055-10-12T08:59:51Z,R-03,Walker,Radiation,98.8,OK
2055-10-12T08:59:53Z,R-03,Walker,Radiation,228.7,OK
2055-10-12T08:59:57Z,R-05,Tracked,Temperature,-27.5,OK
2055-10-12T09:00:00Z,R-01,Tracked,Atmosphere,91.6,ERROR
2055-10-12T09:00:01Z,R-04,Hover,Atmosphere,90.0,OK
2055-10-12T09:00:03Z,R-05,Tracked,Temperature,-14.3,WARNING
2055-10-12T09:00:04Z,R-03,Walker,Temperature,-39.9,OK
2055-10-12T09:00:08Z,R-02,Hover,Atmosphere,97.5,OK
2055-10-12T09:00:11Z,R-05,Tracked,Temperature,-22.5,OK
2055-10-12T09:00:16Z,R-05,Tracked,Radiation,ERR,ERROR
2055-10-12T09:00:20Z,R-03,Walker,Temperature,-50.8,OK
2055-10-12T09:00:25Z,R-04,Hover,Temperature,-50.1,OK
2055-10-12T09:00:30Z,R-03,Walker,Atmosphere,91.4,OK
2055-10-12T09:00:33Z,R-02,Hover,Radiation,,ERROR
2055-10-12T09:00:38Z,R-01,Tracked,Atmosphere,96.9,OK
2055-10-12T09:00:41Z,R-01,Tracked,Radiation,171.8,OK
2055-10-12T09:00:43Z,R-01,Tracked,Radiation,153.5,OK
2055-10-12T09:00:48Z,R-03,Walker,Radiation,114.9,OK
2055-10-12T09:00:51Z,R-04,Hover,Radiation,98.0,OK
2055-10-12T09:00:53Z,R-03,Walker,Temperature,-56.0,OK
2055-10-12T09:00:56Z,R-01,Tracked,Temperature,-59.5,OK
2055-10-12T09:00:58Z,R-04,Hover,Radiation,120.4,OK
2055-10-12T09:01:02Z,R-02,Hover,Atmosphere,95.1,OK
2055-10-12T09:01:06Z,R-01,Tracked,Temperature,-28.2,OK
2055-10-12T09:01:11Z,R-05,Tracked,Radiation,-100.0,ERROR
2055-10-12T09:01:13Z,R-03,Walker,Temperature,-11.6,OK
2055-10-12T09:01:16Z,R-04,Hover,Temperature,-28.0,OK
2055-10-12T09:01:18Z,R-02,Hover,Radiation,213.7,OK
2055-10-12T09:01:21Z,R-02,Hover,Radiation,165.4,OK
2055-10-12T09:01:23Z,R-05,Tracked,Atmosphere,92.8,OK
2055-10-12T09:01:24Z,R-03,Walker,Radiation,149.8,OK
2055-10-12T09:01:26Z,R-05,Tracked,Radiation,158.4,OK
2055-10-12T09:01:28Z,R-05,Tracked,Radiation,262.7,OK
2055-10-12T09:01:29Z,R-04,Hover,Radiation,N/A,ERROR
2055-10-12T09:01:32Z,R-04,Hover,Radiation,174.4,OK
2055-10-12T09:01:37Z,R-04,Hover,Atmosphere,99.8,OK
2055-10-12T09:01:40Z,R-04,Hover,Radiation,455.8,WARNING
2055-10-12T09:01:42Z,R-04,Hover,Radiation,293.2,OK
2055-10-12T09:01:44Z,R-03,Walker,Radiation,79.4,OK
2055-10-12T09:01:46Z,R-03,Walker,Temperature,-25.7,OK
2055-10-12T09:01:49Z,R-02,Hover,Radiation,159.6,OK
2055-10-12T09:01:52Z,R-01,Tracked,Radiation,264.5,OK
2055-10-12T09:01:56Z,R-05,Tracked,Atmosphere,91.7,OK
2055-10-12T09:02:00Z,R-03,Walker,Temperature,-23.0,OK
2055-10-12T09:02:02Z,R-02,Hover,Radiation,99999.0,ERROR
2055-10-12T09:02:06Z,R-01,Tracked,Atmosphere,97.3,OK
2055-10-12T09:02:11Z,R-01,Tracked,Radiation,102.7,OK
2055-10-12T09:02:13Z,R-05,Tracked,Temperature,-14.3,OK
2055-10-12T09:02:17Z,R-02,Hover,Temperature,-79.5,OK
2055-10-12T09:02:22Z,R-04,Hover,Temperature,-19.4,OK
2055-10-12T09:02:23Z,R-03,Walker,Temperature,-50.1,OK
2055-10-12T09:02:27Z,R-05,Tracked,Atmosphere,#VALUE!,ERROR
2055-10-12T09:02:28Z,R-02,Hover,Atmosphere,91.4,WARNING
2055-10-12T09:02:32Z,R-04,Hover,Radiation,111.6,OK
2055-10-12T09:02:36Z,R-02,Hover,Atmosphere,94.7,OK
2055-10-12T09:02:40Z,R-05,Tracked,Radiation,248.8,ERROR
2055-10-12T09:02:43Z,R-04,Hover,Temperature,-50.2,OK
2055-10-12T09:02:46Z,R-01,Tracked,Atmosphere,98.9,OK
2055-10-12T09:02:49Z,R-04,Hover,Atmosphere,91.0,OK
2055-10-12T09:02:51Z,R-03,Walker,Radiation,255.7,OK
2055-10-12T09:02:52Z,R-02,Hover,Atmosphere,94.5,OK
2055-10-12T09:02:57Z,R-01,Tracked,Temperature,NULL,ERROR
2055-10-12T09:02:58Z,R-01,Tracked,Radiation,440.0,WARNING
2055-10-12T09:03:01Z,R-04,Hover,Radiation,245.3,OK
2055-10-12T09:03:03Z,R-01,Tracked,Temperature,-29.0,OK
2055-10-12T09:03:04Z,R-01,Tracked,Radiation,170.8,OK
2055-10-12T09:03:07Z,R-03,Walker,Radiation,245.2,OK
2055-10-12T09:03:09Z,R-01,Tracked,Radiation,242.3,OK
2055-10-12T09:03:10Z,R-01,Tracked,Temperature,-31.1,OK
2055-10-12T09:03:11Z,R-05,Tracked,Temperature,-63.9,OK
2055-10-12T09:03:12Z,R-03,Walker,Temperature,-33.9,OK
2055-10-12T09:03:13Z,R-04,Hover,Radiation,176.2,OK
2055-10-12T09:03:17Z,R-03,Walker,Temperature,-79.0,OK
2055-10-12T09:03:21Z,R-01,Tracked,Temperature,-56.0,OK
2055-10-12T09:03:25Z,R-02,Hover,Temperature,-43.6,OK
2055-10-12T09:03:29Z,R-01,Tracked,Temperature,-77.2,OK
2055-10-12T09:03:33Z,R-01,Tracked,Radiation,62.7,OK
2055-10-12T09:03:34Z,R-02,Hover,Temperature,-28.0,OK
2055-10-12T09:03:38Z,R-04,Hover,Atmosphere,92.9,OK
2055-10-12T09:03:41Z,R-04,Hover,Radiation,90.6,OK
2055-10-12T09:03:42Z,R-03,Walker,Temperature,-33.7,OK
2055-10-12T09:03:47Z,R-02,Hover,Radiation,65.1,OK
2055-10-12T09:03:51Z,R-04,Hover,Radiation,81.6,OK
2055-10-12T09:03:54Z,R-01,Tracked,Temperature,-68.1,OK
2055-10-12T09:03:55Z,R-04,Hover,Radiation,55.9,OK
2055-10-12T09:03:59Z,R-05,Tracked,Atmosphere,96.9,OK
2055-10-12T09:04:04Z,R-05,Tracked,Atmosphere,92.1,OK
2055-10-12T09:04:05Z,R-01,Tracked,Radiation,93.5,OK
2055-10-12T09:04:08Z,R-04,Hover,Atmosphere,96.5,OK
2055-10-12T09:04:12Z,R-05,Tracked,Atmosphere,93.8,OK
2055-10-12T09:04:14Z,R-01,Tracked,Atmosphere,98.4,OK
2055-10-12T09:04:19Z,R-01,Tracked,Atmosphere,99.7,OK
2055-10-12T09:04:21Z,R-01,Tracked,Temperature,-30.3,OK
2055-10-12T09:04:23Z,R-05,Tracked,Radiation,92.3,OK
2055-10-12T09:04:26Z,R-01,Tracked,Temperature,-67.6,OK
2055-10-12T09:04:31Z,R-02,Hover,Radiation,285.6,OK
2055-10-12T09:04:34Z,R-02,Hover,Atmosphere,99.9,OK
2055-10-12T09:04:38Z,R-04,Hover,Temperature,-70.1,OK
2055-10-12T09:04:39Z,R-04,Hover,Temperature,-79.9,OK
2055-10-12T09:04:44Z,R-03,Walker,Radiation,108.1,OK
2055-10-12T09:04:49Z,R-01,Tracked,Radiation,175.8,OK
2055-10-12T09:04:53Z,R-05,Tracked,Atmosphere,94.8,OK
2055-10-12T09:04:54Z,R-03,Walker,Radiation,99999.0,ERROR
2055-10-12T09:04:59Z,R-01,Tracked,Atmosphere,97.5,OK
2055-10-12T09:05:01Z,R-04,Hover,Temperature,-30.0,OK
2055-10-12T09:05:03Z,R-03,Walker,Atmosphere,92.7,OK
2055-10-12T09:05:08Z,R-04,Hover,Atmosphere,96.9,OK
2055-10-12T09:05:11Z,R-02,Hover,Radiation,143.3,OK
2055-10-12T09:05:13Z,R-01,Tracked,Radiation,148.9,OK
2055-10-12T09:05:14Z,R-02,Hover,Atmosphere,92.8,OK
2055-10-12T09:05:18Z,R-03,Walker,Radiation,96.4,OK
2055-10-12T09:05:23Z,R-03,Walker,Radiation,#VALUE!,ERROR
2055-10-12T09:05:25Z,R-03,Walker,Temperature,#VALUE!,ERROR
2055-10-12T09:05:26Z,R-01,Tracked,Temperature,-77.1,OK
2055-10-12T09:05:28Z,R-01,Tracked,Temperature,-73.4,OK
2055-10-12T09:05:29Z,R-04,Hover,Temperature,-54.8,OK
2055-10-12T09:05:31Z,R-04,Hover,Temperature,NULL,ERROR
2055-10-12T09:05:32Z,R-01,Tracked,Temperature,-63.6,OK
2055-10-12T09:05:33Z,R-01,Tracked,Atmosphere,90.5,OK
2055-10-12T09:05:37Z,R-02,Hover,Atmosphere,96.9,OK
2055-10-12T09:05:39Z,R-03,Walker,Radiation,92.8,OK
2055-10-12T09:05:40Z,R-02,Hover,Atmosphere,91.1,OK
2055-10-12T09:05:43Z,R-03,Walker,Temperature,-70.0,OK
2055-10-12T09:05:45Z,R-03,Walker,Atmosphere,98.2,OK
2055-10-12T09:05:49Z,R-01,Tracked,Atmosphere,99.1,OK
2055-10-12T09:05:54Z,R-05,Tracked,Atmosphere,96.4,OK
2055-10-12T09:05:58Z,R-02,Hover,Radiation,224.5,OK
2055-10-12T09:06:00Z,R-04,Hover,Temperature,-36.8,OK
2055-10-12T09:06:02Z,R-03,Walker,Atmosphere,91.5,ERROR
2055-10-12T09:06:05Z,R-04,Hover,Temperature,NaN,ERROR
2055-10-12T09:06:06Z,R-03,Walker,Radiation,95.5,OK
2055-10-12T09:06:07Z,R-04,Hover,Atmosphere,96.3,OK
2055-10-12T09:06:09Z,R-03,Walker,Radiation,225.8,OK
2055-10-12T09:06:13Z,R-04,Hover,Atmosphere,99.9,OK
2055-10-12T09:06:16Z,R-05,Tracked,Atmosphere,94.1,OK
2055-10-12T09:06:19Z,R-01,Tracked,Radiation,221.1,OK
2055-10-12T09:06:20Z,R-04,Hover,Temperature,-36.3,OK
2055-10-12T09:06:24Z,R-04,Hover,Temperature,-35.9,OK
2055-10-12T09:06:28Z,R-04,Hover,Radiation,246.9,OK
2055-10-12T09:06:32Z,R-02,Hover,Atmosphere,93.7,OK
2055-10-12T09:06:37Z,R-01,Tracked,Radiation,181.1,OK
2055-10-12T09:06:41Z,R-04,Hover,Atmosphere,98.6,OK
2055-10-12T09:06:43Z,R-01,Tracked,Temperature,-53.9,OK
2055-10-12T09:06:48Z,R-03,Walker,Temperature,-55.0,OK
2055-10-12T09:06:52Z,R-02,Hover,Temperature,-19.9,OK
2055-10-12T09:06:53Z,R-01,Tracked,Temperature,-11.4,OK
2055-10-12T09:06:58Z,R-04,Hover,Radiation,216.0,OK
2055-10-12T09:06:59Z,R-02,Hover,Temperature,-25.0,OK
2055-10-12T09:07:00Z,R-05,Tracked,Atmosphere,95.9,OK
2055-10-12T09:07:03Z,R-03,Walker,Temperature,-75.6,OK
2055-10-12T09:07:05Z,R-05,Tracked,Atmosphere,97.3,OK
2055-10-12T09:07:09Z,R-02,Hover,Atmosphere,,ERROR
2055-10-12T09:07:12Z,R-05,Tracked,Radiation,475.6,WARNING
2055-10-12T09:07:17Z,R-04,Hover,Temperature,ERR,ERROR
2055-10-12T09:07:22Z,R-02,Hover,Temperature,-25.7,OK
2055-10-12T09:07:27Z,R-05,Tracked,Atmosphere,92.8,OK
2055-10-12T09:07:28Z,R-05,Tracked,Radiation,261.2,OK
2055-10-12T09:07:32Z,R-04,Hover,Radiation,54.8,OK
2055-10-12T09:07:36Z,R-04,Hover,Radiation,169.4,OK
2055-10-12T09:07:39Z,R-02,Hover,Temperature,5000.0,ERROR
2055-10-12T09:07:43Z,R-01,Tracked,Radiation,164.1,OK
2055-10-12T09:07:44Z,R-05,Tracked,Radiation,106.0,OK
2055-10-12T09:07:46Z,R-05,Tracked,Atmosphere,94.0,OK
2055-10-12T09:07:50Z,R-04,Hover,Radiation,262.7,OK
2055-10-12T09:07:54Z,R-01,Tracked,Atmosphere,97.2,OK
2055-10-12T09:07:59Z,R-01,Tracked,Radiation,86.6,OK
2055-10-12T09:08:04Z,R-02,Hover,Radiation,206.1,OK
2055-10-12T09:08:06Z,R-02,Hover,Temperature,-69.2,OK
2055-10-12T09:08:10Z,R-03,Walker,Radiation,258.6,OK
2055-10-12T09:08:14Z,R-05,Tracked,Atmosphere,96.4,OK
2055-10-12T09:08:19Z,R-04,Hover,Atmosphere,,ERROR
2055-10-12T09:08:23Z,R-03,Walker,Temperature,-59.3,OK
2055-10-12T09:08:25Z,R-03,Walker,Radiation,139.1,OK
2055-10-12T09:08:26Z,R-03,Walker,Temperature,-70.9,OK
2055-10-12T09:08:29Z,R-02,Hover,Radiation,,ERROR
2055-10-12T09:08:31Z,R-02,Hover,Temperature,-35.4,OK
2055-10-12T09:08:32Z,R-05,Tracked,Atmosphere,94.8,OK
2055-10-12T09:08:37Z,R-01,Tracked,Radiation,69.1,OK
2055-10-12T09:08:40Z,R-03,Walker,Temperature,-74.1,OK
2055-10-12T09:08:44Z,R-02,Hover,Radiation,216.5,OK
2055-10-12T09:08:48Z,R-03,Walker,Atmosphere,96.0,OK
2055-10-12T09:08:49Z,R-04,Hover,Atmosphere,95.2,OK
2055-10-12T09:08:50Z,R-03,Walker,Atmosphere,92.3,OK
2055-10-12T09:08:55Z,R-04,Hover,Radiation,ERR,ERROR
2055-10-12T09:08:58Z,R-05,Tracked,Atmosphere,NaN,ERROR
2055-10-12T09:09:01Z,R-05,Tracked,Atmosphere,93.7,ERROR
2055-10-12T09:09:04Z,R-05,Tracked,Atmosphere,93.7,OK
2055-10-12T09:09:06Z,R-01,Tracked,Radiation,192.0,OK
2055-10-12T09:09:07Z,R-02,Hover,Atmosphere,93.5,ERROR
2055-10-12T09:09:09Z,R-01,Tracked,Temperature,-48.9,OK
2055-10-12T09:09:13Z,R-05,Tracked,Temperature,-61.8,OK
2055-10-12T09:09:17Z,R-04,Hover,Atmosphere,98.0,OK
2055-10-12T09:09:20Z,R-03,Walker,Atmosphere,92.2,OK
2055-10-12T09:09:23Z,R-01,Tracked,Radiation,212.6,OK
2055-10-12T09:09:26Z,R-02,Hover,Atmosphere,,ERROR
2055-10-12T09:09:29Z,R-05,Tracked,Atmosphere,91.4,WARNING
2055-10-12T09:09:34Z,R-04,Hover,Temperature,-21.3,OK
2055-10-12T09:09:35Z,R-05,Tracked,Atmosphere,93.6,OK
2055-10-12T09:09:38Z,R-02,Hover,Temperature,-53.1,OK
2055-10-12T09:09:39Z,R-03,Walker,Atmosphere,98.0,OK
2055-10-12T09:09:40Z,R-03,Walker,Atmosphere,98.1,OK
2055-10-12T09:09:45Z,R-02,Hover,Temperature,-10.3,OK
2055-10-12T09:09:50Z,R-05,Tracked,Atmosphere,93.7,OK
2055-10-12T09:09:54Z,R-02,Hover,Temperature,-58.5,OK
2055-10-12T09:09:55Z,R-05,Tracked,Atmosphere,92.2,OK
2055-10-12T09:09:56Z,R-05,Tracked,Atmosphere,99.4,OK
2055-10-12T09:10:00Z,R-03,Walker,Radiation,85.7,OK
2055-10-12T09:10:05Z,R-04,Hover,Temperature,-72.8,OK
2055-10-12T09:10:08Z,R-03,Walker,Radiation,195.2,OK
2055-10-12T09:10:11Z,R-02,Hover,Temperature,-76.6,OK
2055-10-12T09:10:14Z,R-01,Tracked,Temperature,-67.5,OK
2055-10-12T09:10:19Z,R-03,Walker,Temperature,-51.9,OK
2055-10-12T09:10:22Z,R-01,Tracked,Radiation,258.3,OK
2055-10-12T09:10:27Z,R-01,Tracked,Radiation,143.9,OK
2055-10-12T09:10:31Z,R-02,Hover,Radiation,122.6,OK
2055-10-12T09:10:32Z,R-02,Hover,Temperature,-28.4,OK
2055-10-12T09:10:33Z,R-04,Hover,Atmosphere,96.1,ERROR
2055-10-12T09:10:38Z,R-02,Hover,Temperature,-74.3,OK
2055-10-12T09:10:43Z,R-02,Hover,Temperature,5000.0,ERROR
2055-10-12T09:10:48Z,R-05,Tracked,Atmosphere,97.3,OK
2055-10-12T09:10:52Z,R-04,Hover,Temperature,-65.0,OK
2055-10-12T09:10:53Z,R-02,Hover,Radiation,89.9,OK
2055-10-12T09:10:56Z,R-05,Tracked,Radiation,427.3,WARNING
2055-10-12T09:10:59Z,R-01,Tracked,Radiation,251.5,OK
2055-10-12T09:11:01Z,R-02,Hover,Atmosphere,92.8,OK
2055-10-12T09:11:03Z,R-05,Tracked,Temperature,-64.4,OK
2055-10-12T09:11:07Z,R-02,Hover,Temperature,5000.0,ERROR
2055-10-12T09:11:09Z,R-03,Walker,Radiation,93.0,OK
2055-10-12T09:11:13Z,R-01,Tracked,Temperature,-16.1,OK
2055-10-12T09:11:18Z,R-02,Hover,Atmosphere,93.9,OK
2055-10-12T09:11:23Z,R-05,Tracked,Radiation,87.2,OK
2055-10-12T09:11:27Z,R-01,Tracked,Atmosphere,93.6,OK
2055-10-12T09:11:31Z,R-04,Hover,Atmosphere,98.3,OK
2055-10-12T09:11:32Z,R-01,Tracked,Temperature,-16.1,OK
2055-10-12T09:11:35Z,R-04,Hover,Temperature,NULL,ERROR
2055-10-12T09:11:37Z,R-03,Walker,Atmosphere,90.1,OK
2055-10-12T09:11:38Z,R-04,Hover,Temperature,-43.0,OK
2055-10-12T09:11:41Z,R-01,Tracked,Atmosphere,97.2,OK
2055-10-12T09:11:44Z,R-04,Hover,Atmosphere,94.4,ERROR
2055-10-12T09:11:47Z,R-05,Tracked,Temperature,-56.5,OK
2055-10-12T09:11:51Z,R-01,Tracked,Radiation,183.4,OK
2055-10-12T09:11:54Z,R-02,Hover,Radiation,-100.0,ERROR
2055-10-12T09:11:58Z,R-03,Walker,Radiation,NaN,ERROR
2055-10-12T09:12:02Z,R-02,Hover,Temperature,-15.8,OK
2055-10-12T09:12:05Z,R-05,Tracked,Temperature,-43.7,OK
2055-10-12T09:12:08Z,R-05,Tracked,Temperature,-48.0,OK
2055-10-12T09:12:10Z,R-04,Hover,Radiation,180.4,OK
2055-10-12T09:12:15Z,R-01,Tracked,Temperature,-55.8,OK
2055-10-12T09:12:20Z,R-01,Tracked,Radiation,118.8,OK
2055-10-12T09:12:22Z,R-02,Hover,Temperature,-41.9,OK
2055-10-12T09:12:24Z,R-02,Hover,Temperature,-33.8,OK
2055-10-12T09:12:29Z,R-02,Hover,Temperature,-16.7,OK
2055-10-12T09:12:33Z,R-01,Tracked,Temperature,-70.9,OK
2055-10-12T09:12:34Z,R-03,Walker,Atmosphere,94.1,OK
2055-10-12T09:12:36Z,R-04,Hover,Radiation,124.7,OK
2055-10-12T09:12:39Z,R-01,Tracked,Temperature,-32.4,OK
2055-10-12T09:12:43Z,R-04,Hover,Radiation,146.6,OK
2055-10-12T09:12:48Z,R-03,Walker,Atmosphere,97.5,OK
2055-10-12T09:12:49Z,R-05,Tracked,Temperature,-34.6,OK
2055-10-12T09:12:53Z,R-05,Tracked,Temperature,-23.6,OK
2055-10-12T09:12:56Z,R-03,Walker,Radiation,-100.0,ERROR
2055-10-12T09:12:57Z,R-05,Tracked,Atmosphere,98.1,OK
2055-10-12T09:12:58Z,R-03,Walker,Temperature,-56.6,OK
2055-10-12T09:13:02Z,R-03,Walker,Atmosphere,99.1,OK
2055-10-12T09:13:06Z,R-04,Hover,Radiation,,ERROR
2055-10-12T09:13:11Z,R-04,Hover,Atmosphere,96.9,OK
2055-10-12T09:13:14Z,R-04,Hover,Atmosphere,95.6,OK
2055-10-12T09:13:19Z,R-03,Walker,Atmosphere,99.0,OK
2055-10-12T09:13:20Z,R-05,Tracked,Temperature,-22.3,OK
2055-10-12T09:13:24Z,R-05,Tracked,Temperature,ERR,ERROR
2055-10-12T09:13:28Z,R-02,Hover,Atmosphere,NaN,ERROR
2055-10-12T09:13:30Z,R-04,Hover,Temperature,-57.8,OK
2055-10-12T09:13:35Z,R-04,Hover,Radiation,293.5,OK
2055-10-12T09:13:40Z,R-04,Hover,Temperature,-27.7,OK
2055-10-12T09:13:43Z,R-01,Tracked,Radiation,236.6,OK
2055-10-12T09:13:47Z,R-04,Hover,Radiation,184.2,OK
2055-10-12T09:13:49Z,R-03,Walker,Radiation,255.3,OK
2055-10-12T09:13:50Z,R-03,Walker,Radiation,197.3,OK
2055-10-12T09:13:51Z,R-02,Hover,Radiation,,ERROR
2055-10-12T09:13:54Z,R-04,Hover,Atmosphere,,ERROR
2055-10-12T09:13:58Z,R-03,Walker,Radiation,225.7,OK
2055-10-12T09:14:03Z,R-01,Tracked,Temperature,-17.9,OK
2055-10-12T09:14:05Z,R-03,Walker,Temperature,-75.7,OK
2055-10-12T09:14:08Z,R-02,Hover,Atmosphere,90.0,OK
2055-10-12T09:14:11Z,R-04,Hover,Radiation,256.8,OK
2055-10-12T09:14:14Z,R-04,Hover,Temperature,-39.3,OK
2055-10-12T09:14:17Z,R-02,Hover,Radiation,465.7,WARNING
2055-10-12T09:14:22Z,R-05,Tracked,Atmosphere,91.9,OK
2055-10-12T09:14:25Z,R-01,Tracked,Temperature,-33.9,OK
2055-10-12T09:14:30Z,R-04,Hover,Atmosphere,90.7,OK
2055-10-12T09:14:31Z,R-03,Walker,Radiation,167.3,OK
2055-10-12T09:14:34Z,R-02,Hover,Temperature,-63.0,OK
2055-10-12T09:14:39Z,R-02,Hover,Radiation,132.9,OK
2055-10-12T09:14:40Z,R-03,Walker,Temperature,-52.7,OK
2055-10-12T09:14:45Z,R-02,Hover,Atmosphere,94.0,OK
2055-10-12T09:14:50Z,R-03,Walker,Temperature,-52.3,OK
2055-10-12T09:14:53Z,R-01,Tracked,Radiation,205.6,OK
2055-10-12T09:14:54Z,R-03,Walker,Temperature,-74.1,OK
2055-10-12T09:14:58Z,R-05,Tracked,Temperature,-30.1,OK
2055-10-12T09:15:00Z,R-01,Tracked,Temperature,-27.8,OK
2055-10-12T09:15:04Z,R-04,Hover,Temperature,#VALUE!,ERROR
2055-10-12T09:15:08Z,R-03,Walker,Temperature,-58.6,OK
2055-10-12T09:15:12Z,R-01,Tracked,Atmosphere,90.9,OK
2055-10-12T09:15:17Z,R-04,Hover,Radiation,194.2,OK
2055-10-12T09:15:18Z,R-02,Hover,Radiation,411.0,WARNING
2055-10-12T09:15:23Z,R-01,Tracked,Radiation,295.9,OK
2055-10-12T09:15:28Z,R-04,Hover,Atmosphere,98.3,ERROR
2055-10-12T09:15:33Z,R-02,Hover,Atmosphere,93.2,OK
2055-10-12T09:15:34Z,R-01,Tracked,Temperature,,ERROR
2055-10-12T09:15:39Z,R-04,Hover,Radiation,224.7,OK
2055-10-12T09:15:42Z,R-02,Hover,Atmosphere,#VALUE!,ERROR
2055-10-12T09:15:43Z,R-04,Hover,Temperature,-43.8,OK
2055-10-12T09:15:45Z,R-02,Hover,Radiation,238.5,OK
2055-10-12T09:15:46Z,R-04,Hover,Temperature,-39.2,OK
2055-10-12T09:15:50Z,R-03,Walker,Radiation,461.9,WARNING
2055-10-12T09:15:51Z,R-03,Walker,Radiation,174.4,OK
2055-10-12T09:15:53Z,R-05,Tracked,Radiation,164.6,OK
2055-10-12T09:15:56Z,R-02,Hover,Radiation,296.8,OK
2055-10-12T09:15:59Z,R-05,Tracked,Temperature,-39.7,ERROR
2055-10-12T09:16:02Z,R-03,Walker,Temperature,-19.8,OK
2055-10-12T09:16:06Z,R-05,Tracked,Atmosphere,94.0,OK
2055-10-12T09:16:07Z,R-01,Tracked,Atmosphere,96.1,OK
2055-10-12T09:16:09Z,R-05,Tracked,Atmosphere,99.5,OK
2055-10-12T09:16:10Z,R-02,Hover,Atmosphere,94.4,WARNING
2055-10-12T09:16:14Z,R-04,Hover,Temperature,-12.4,OK
2055-10-12T09:16:19Z,R-03,Walker,Radiation,166.8,OK
2055-10-12T09:16:23Z,R-02,Hover,Temperature,-75.6,OK
2055-10-12T09:16:25Z,R-02,Hover,Radiation,81.6,OK
2055-10-12T09:16:28Z,R-02,Hover,Radiation,284.1,OK
2055-10-12T09:16:33Z,R-05,Tracked,Temperature,-30.8,OK
2055-10-12T09:16:34Z,R-01,Tracked,Atmosphere,,ERROR
2055-10-12T09:16:37Z,R-04,Hover,Temperature,-34.6,OK
2055-10-12T09:16:40Z,R-01,Tracked,Radiation,223.5,OK
2055-10-12T09:16:44Z,R-03,Walker,Temperature,-17.7,OK
2055-10-12T09:16:46Z,R-05,Tracked,Atmosphere,90.5,OK
2055-10-12T09:16:51Z,R-05,Tracked,Atmosphere,91.2,OK
2055-10-12T09:16:56Z,R-05,Tracked,Radiation,249.1,OK
2055-10-12T09:17:00Z,R-03,Walker,Atmosphere,94.4,OK
2055-10-12T09:17:03Z,R-02,Hover,Temperature,NaN,ERROR
2055-10-12T09:17:05Z,R-03,Walker,Temperature,-30.6,OK
2055-10-12T09:17:09Z,R-04,Hover,Temperature,-9999.0,ERROR
2055-10-12T09:17:14Z,R-03,Walker,Atmosphere,96.6,OK
2055-10-12T09:17:17Z,R-05,Tracked,Temperature,-24.7,OK
2055-10-12T09:17:22Z,R-05,Tracked,Temperature,-48.6,OK
2055-10-12T09:17:23Z,R-02,Hover,Temperature,-22.8,OK
2055-10-12T09:17:27Z,R-04,Hover,Radiation,229.8,OK
2055-10-12T09:17:31Z,R-02,Hover,Temperature,-79.4,OK
2055-10-12T09:17:36Z,R-03,Walker,Radiation,244.4,OK
2055-10-12T09:17:41Z,R-04,Hover,Temperature,-67.8,OK
2055-10-12T09:17:45Z,R-02,Hover,Radiation,89.2,OK
2055-10-12T09:17:47Z,R-01,Tracked,Radiation,121.7,OK
2055-10-12T09:17:50Z,R-02,Hover,Radiation,103.9,OK
2055-10-12T09:17:51Z,R-02,Hover,Temperature,-23.6,OK
2055-10-12T09:17:52Z,R-05,Tracked,Radiation,N/A,ERROR
2055-10-12T09:17:55Z,R-01,Tracked,Temperature,-63.4,OK
2055-10-12T09:18:00Z,R-05,Tracked,Atmosphere,91.4,ERROR
2055-10-12T09:18:05Z,R-03,Walker,Atmosphere,93.4,OK
2055-10-12T09:18:10Z,R-01,Tracked,Atmosphere,92.3,ERROR
2055-10-12T09:18:11Z,R-03,Walker,Radiation,189.7,OK
2055-10-12T09:18:16Z,R-04,Hover,Temperature,-34.4,OK
2055-10-12T09:18:18Z,R-05,Tracked,Radiation,264.2,OK
2055-10-12T09:18:20Z,R-05,Tracked,Temperature,-51.8,OK
2055-10-12T09:18:25Z,R-03,Walker,Radiation,,ERROR
2055-10-12T09:18:28Z,R-02,Hover,Temperature,-37.6,OK
2055-10-12T09:18:32Z,R-04,Hover,Atmosphere,97.6,OK
2055-10-12T09:18:36Z,R-01,Tracked,Radiation,,ERROR
2055-10-12T09:18:40Z,R-03,Walker,Atmosphere,96.8,OK
2055-10-12T09:18:45Z,R-05,Tracked,Temperature,-30.1,OK
2055-10-12T09:18:47Z,R-02,Hover,Radiation,83.4,OK
2055-10-12T09:18:48Z,R-03,Walker,Temperature,-42.9,OK
2055-10-12T09:18:52Z,R-05,Tracked,Atmosphere,,ERROR
2055-10-12T09:18:56Z,R-03,Walker,Radiation,276.1,OK
2055-10-12T09:19:01Z,R-03,Walker,Atmosphere,90.2,OK
2055-10-12T09:19:03Z,R-02,Hover,Radiation,214.2,OK
2055-10-12T09:19:04Z,R-05,Tracked,Atmosphere,97.5,OK
2055-10-12T09:19:06Z,R-03,Walker,Radiation,292.6,OK
2055-10-12T09:19:07Z,R-03,Walker,Radiation,130.4,OK
2055-10-12T09:19:08Z,R-04,Hover,Atmosphere,91.4,OK
2055-10-12T09:19:09Z,R-05,Tracked,Atmosphere,94.2,OK
2055-10-12T09:19:10Z,R-05,Tracked,Atmosphere,94.2,OK
2055-10-12T09:19:11Z,R-02,Hover,Atmosphere,92.2,OK
2055-10-12T09:19:15Z,R-01,Tracked,Temperature,-44.3,OK
2055-10-12T09:19:18Z,R-04,Hover,Atmosphere,91.0,OK
2055-10-12T09:19:19Z,R-05,Tracked,Temperature,-40.9,OK
2055-10-12T09:19:21Z,R-01,Tracked,Atmosphere,94.0,OK
2055-10-12T09:19:26Z,R-03,Walker,Radiation,69.8,OK
2055-10-12T09:19:27Z,R-05,Tracked,Temperature,-28.1,OK
2055-10-12T09:19:32Z,R-01,Tracked,Radiation,,ERROR
2055-10-12T09:19:33Z,R-03,Walker,Temperature,-41.8,OK
2055-10-12T09:19:38Z,R-04,Hover,Atmosphere,93.5,OK
2055-10-12T09:19:39Z,R-03,Walker,Temperature,5000.0,ERROR
2055-10-12T09:19:43Z,R-05,Tracked,Temperature,-24.6,OK
2055-10-12T09:19:46Z,R-04,Hover,Temperature,-15.1,WARNING
2055-10-12T09:19:49Z,R-01,Tracked,Radiation,273.4,OK
2055-10-12T09:19:51Z,R-04,Hover,Temperature,-73.7,OK
2055-10-12T09:19:52Z,R-04,Hover,Radiation,,ERROR
2055-10-12T09:19:55Z,R-02,Hover,Temperature,-52.1,OK
2055-10-12T09:19:57Z,R-01,Tracked,Temperature,-70.8,OK
2055-10-12T09:20:01Z,R-05,Tracked,Atmosphere,95.6,OK
2055-10-12T09:20:05Z,R-04,Hover,Radiation,249.1,OK
2055-10-12T09:20:10Z,R-02,Hover,Atmosphere,98.7,WARNING
2055-10-12T09:20:14Z,R-04,Hover,Temperature,-20.9,OK
2055-10-12T09:20:15Z,R-02,Hover,Temperature,-75.2,OK
2055-10-12T09:20:20Z,R-02,Hover,Temperature,-63.7,OK
2055-10-12T09:20:24Z,R-04,Hover,Temperature,-13.5,OK
2055-10-12T09:20:26Z,R-05,Tracked,Atmosphere,,ERROR
2055-10-12T09:20:30Z,R-03,Walker,Temperature,-76.6,OK
2055-10-12T09:20:35Z,R-03,Walker,Radiation,81.8,OK
2055-10-12T09:20:40Z,R-02,Hover,Temperature,-60.1,OK
2055-10-12T09:20:45Z,R-02,Hover,Temperature,,ERROR
2055-10-12T09:20:47Z,R-05,Tracked,Temperature,-54.7,OK
2055-10-12T09:20:49Z,R-02,Hover,Atmosphere,97.2,OK
2055-10-12T09:20:54Z,R-02,Hover,Atmosphere,99.4,OK
2055-10-12T09:20:55Z,R-04,Hover,Atmosphere,97.2,OK
2055-10-12T09:21:00Z,R-04,Hover,Atmosphere,94.0,ERROR
2055-10-12T09:21:02Z,R-03,Walker,Temperature,-17.2,OK
2055-10-12T09:21:06Z,R-05,Tracked,Radiation,61.4,OK
2055-10-12T09:21:11Z,R-04,Hover,Atmosphere,99.4,OK
2055-10-12T09:21:12Z,R-01,Tracked,Radiation,176.0,OK
2055-10-12T09:21:17Z,R-03,Walker,Temperature,-74.8,OK
2055-10-12T09:21:21Z,R-05,Tracked,Radiation,136.2,OK
2055-10-12T09:21:26Z,R-05,Tracked,Temperature,-69.8,OK
2055-10-12T09:21:27Z,R-03,Walker,Temperature,-46.2,OK
2055-10-12T09:21:28Z,R-02,Hover,Temperature,-47.9,OK
2055-10-12T09:21:29Z,R-05,Tracked,Atmosphere,99.2,OK
2055-10-12T09:21:30Z,R-04,Hover,Atmosphere,93.6,OK
2055-10-12T09:21:31Z,R-05,Tracked,Atmosphere,91.0,OK
2055-10-12T09:21:35Z,R-05,Tracked,Atmosphere,98.5,OK
2055-10-12T09:21:38Z,R-04,Hover,Radiation,452.9,WARNING
2055-10-12T09:21:42Z,R-04,Hover,Atmosphere,97.4,WARNING
2055-10-12T09:21:45Z,R-02,Hover,Radiation,259.9,OK
2055-10-12T09:21:49Z,R-05,Tracked,Atmosphere,97.4,OK
2055-10-12T09:21:51Z,R-04,Hover,Radiation,289.5,OK
2055-10-12T09:21:56Z,R-05,Tracked,Radiation,113.6,OK
2055-10-12T09:21:59Z,R-01,Tracked,Temperature,-60.4,OK
2055-10-12T09:22:00Z,R-05,Tracked,Temperature,-20.7,OK
2055-10-12T09:22:03Z,R-01,Tracked,Radiation,78.7,OK
2055-10-12T09:22:05Z,R-04,Hover,Atmosphere,91.0,OK
2055-10-12T09:22:08Z,R-04,Hover,Atmosphere,99.4,OK
2055-10-12T09:22:12Z,R-05,Tracked,Radiation,274.3,OK
2055-10-12T09:22:16Z,R-01,Tracked,Atmosphere,91.7,OK
2055-10-12T09:22:18Z,R-05,Tracked,Temperature,-46.5,OK
2055-10-12T09:22:23Z,R-03,Walker,Radiation,259.7,OK
2055-10-12T09:22:28Z,R-02,Hover,Temperature,-47.3,OK
2055-10-12T09:22:33Z,R-02,Hover,Radiation,202.7,OK
2055-10-12T09:22:38Z,R-03,Walker,Atmosphere,NULL,ERROR
2055-10-12T09:22:39Z,R-03,Walker,Radiation,84.4,OK
2055-10-12T09:22:44Z,R-02,Hover,Temperature,-23.5,OK
2055-10-12T09:22:46Z,R-05,Tracked,Atmosphere,93.1,OK
2055-10-12T09:22:48Z,R-04,Hover,Atmosphere,94.8,OK
2055-10-12T09:22:51Z,R-05,Tracked,Radiation,245.8,OK
2055-10-12T09:22:53Z,R-01,Tracked,Radiation,-100.0,ERROR
2055-10-12T09:22:57Z,R-02,Hover,Radiation,112.2,OK
2055-10-12T09:22:59Z,R-03,Walker,Temperature,-51.8,OK
2055-10-12T09:23:00Z,R-04,Hover,Atmosphere,99.1,OK
2055-10-12T09:23:02Z,R-03,Walker,Radiation,279.1,OK
2055-10-12T09:23:06Z,R-01,Tracked,Atmosphere,91.4,OK
2055-10-12T09:23:09Z,R-05,Tracked,Atmosphere,98.6,OK
2055-10-12T09:23:13Z,R-02,Hover,Radiation,-100.0,ERROR
2055-10-12T09:23:16Z,R-04,Hover,Temperature,-58.3,OK
2055-10-12T09:23:21Z,R-01,Tracked,Temperature,-52.3,OK
2055-10-12T09:23:26Z,R-04,Hover,Atmosphere,91.0,OK
2055-10-12T09:23:30Z,R-01,Tracked,Radiation,246.5,OK
2055-10-12T09:23:31Z,R-04,Hover,Radiation,246.7,OK
2055-10-12T09:23:35Z,R-03,Walker,Temperature,-47.9,OK
2055-10-12T09:23:37Z,R-04,Hover,Atmosphere,98.9,OK
2055-10-12T09:23:42Z,R-04,Hover,Radiation,235.4,OK
2055-10-12T09:23:45Z,R-03,Walker,Temperature,-70.6,OK
2055-10-12T09:23:48Z,R-04,Hover,Atmosphere,99.3,OK
2055-10-12T09:23:52Z,R-03,Walker,Radiation,236.0,OK
2055-10-12T09:23:55Z,R-03,Walker,Atmosphere,98.5,OK
2055-10-12T09:23:58Z,R-04,Hover,Radiation,148.8,OK
2055-10-12T09:24:02Z,R-01,Tracked,Radiation,195.7,OK
2055-10-12T09:24:03Z,R-04,Hover,Atmosphere,93.6,WARNING
2055-10-12T09:24:08Z,R-02,Hover,Temperature,-59.7,ERROR
2055-10-12T09:24:12Z,R-02,Hover,Temperature,-45.3,OK
2055-10-12T09:24:14Z,R-01,Tracked,Radiation,73.9,OK
2055-10-12T09:24:18Z,R-04,Hover,Temperature,,ERROR
2055-10-12T09:24:20Z,R-02,Hover,Atmosphere,99.9,OK
2055-10-12T09:24:21Z,R-01,Tracked,Temperature,N/A,ERROR
2055-10-12T09:24:25Z,R-04,Hover,Radiation,111.5,OK
2055-10-12T09:24:26Z,R-03,Walker,Radiation,193.6,OK
2055-10-12T09:24:30Z,R-03,Walker,Radiation,466.3,WARNING
2055-10-12T09:24:34Z,R-02,Hover,Temperature,-10.5,OK
2055-10-12T09:24:38Z,R-02,Hover,Atmosphere,97.6,OK
2055-10-12T09:24:41Z,R-03,Walker,Temperature,5000.0,ERROR
2055-10-12T09:24:45Z,R-02,Hover,Radiation,158.8,OK
2055-10-12T09:24:48Z,R-03,Walker,Atmosphere,,ERROR
2055-10-12T09:24:50Z,R-02,Hover,Atmosphere,96.5,OK
2055-10-12T09:24:55Z,R-02,Hover,Radiation,99999.0,ERROR
2055-10-12T09:24:57Z,R-04,Hover,Temperature,-78.8,OK
2055-10-12T09:25:00Z,R-02,Hover,Atmosphere,97.4,OK
2055-10-12T09:25:01Z,R-02,Hover,Temperature,-46.8,OK
2055-10-12T09:25:06Z,R-02,Hover,Radiation,,ERROR
2055-10-12T09:25:08Z,R-05,Tracked,Radiation,250.1,OK
2055-10-12T09:25:10Z,R-02,Hover,Atmosphere,ERR,ERROR
2055-10-12T09:25:15Z,R-05,Tracked,Atmosphere,96.4,OK
2055-10-12T09:25:20Z,R-02,Hover,Temperature,-29.5,OK
2055-10-12T09:25:22Z,R-01,Tracked,Radiation,259.2,OK
2055-10-12T09:25:27Z,R-05,Tracked,Temperature,-9999.0,ERROR
2055-10-12T09:25:31Z,R-02,Hover,Temperature,-41.2,OK
2055-10-12T09:25:35Z,R-03,Walker,Radiation,N/A,ERROR
2055-10-12T09:25:36Z,R-02,Hover,Atmosphere,95.2,ERROR
2055-10-12T09:25:38Z,R-01,Tracked,Atmosphere,92.8,OK
2055-10-12T09:25:41Z,R-03,Walker,Atmosphere,99.0,OK
2055-10-12T09:25:44Z,R-05,Tracked,Temperature,-50.9,OK
2055-10-12T09:25:49Z,R-01,Tracked,Radiation,434.2,WARNING
2055-10-12T09:25:52Z,R-05,Tracked,Radiation,292.2,OK
2055-10-12T09:25:54Z,R-04,Hover,Atmosphere,97.7,OK
2055-10-12T09:25:55Z,R-04,Hover,Radiation,271.5,OK
2055-10-12T09:25:56Z,R-01,Tracked,Radiation,-100.0,ERROR
2055-10-12T09:25:59Z,R-01,Tracked,Radiation,497.8,WARNING
2055-10-12T09:26:04Z,R-03,Walker,Atmosphere,96.9,OK
2055-10-12T09:26:07Z,R-01,Tracked,Temperature,-75.1,OK
2055-10-12T09:26:10Z,R-01,Tracked,Radiation,440.5,WARNING
2055-10-12T09:26:14Z,R-01,Tracked,Atmosphere,99.5,OK
2055-10-12T09:26:18Z,R-04,Hover,Radiation,432.3,WARNING
2055-10-12T09:26:23Z,R-05,Tracked,Atmosphere,96.7,ERROR
2055-10-12T09:26:25Z,R-04,Hover,Temperature,-76.2,WARNING
2055-10-12T09:26:29Z,R-03,Walker,Atmosphere,95.0,OK
2055-10-12T09:26:33Z,R-01,Tracked,Radiation,195.0,OK
2055-10-12T09:26:34Z,R-02,Hover,Temperature,-21.6,WARNING
2055-10-12T09:26:38Z,R-05,Tracked,Temperature,-65.9,WARNING
2055-10-12T09:26:41Z,R-01,Tracked,Radiation,163.5,OK
2055-10-12T09:26:44Z,R-03,Walker,Radiation,234.0,OK
2055-10-12T09:26:46Z,R-03,Walker,Atmosphere,92.7,WARNING
2055-10-12T09:26:49Z,R-05,Tracked,Radiation,261.1,OK
2055-10-12T09:26:52Z,R-03,Walker,Temperature,-78.0,OK
2055-10-12T09:26:55Z,R-03,Walker,Radiation,59.1,OK
2055-10-12T09:26:58Z,R-02,Hover,Temperature,-60.7,OK
2055-10-12T09:27:02Z,R-02,Hover,Atmosphere,99.0,OK
2055-10-12T09:27:06Z,R-05,Tracked,Atmosphere,93.1,OK
2055-10-12T09:27:10Z,R-02,Hover,Radiation,99.4,OK
2055-10-12T09:27:13Z,R-03,Walker,Temperature,-18.7,OK
2055-10-12T09:27:18Z,R-04,Hover,Radiation,164.2,OK
2055-10-12T09:27:19Z,R-03,Walker,Radiation,51.3,OK
2055-10-12T09:27:22Z,R-05,Tracked,Radiation,498.2,WARNING
2055-10-12T09:27:27Z,R-04,Hover,Temperature,-68.2,OK
2055-10-12T09:27:32Z,R-01,Tracked,Atmosphere,NULL,ERROR
2055-10-12T09:27:36Z,R-04,Hover,Radiation,297.0,OK
2055-10-12T09:27:40Z,R-01,Tracked,Radiation,158.3,OK
2055-10-12T09:27:42Z,R-05,Tracked,Temperature,-29.5,OK
2055-10-12T09:27:47Z,R-04,Hover,Radiation,NaN,ERROR
2055-10-12T09:27:52Z,R-03,Walker,Atmosphere,94.4,ERROR
2055-10-12T09:27:54Z,R-02,Hover,Radiation,#VALUE!,ERROR
2055-10-12T09:27:58Z,R-05,Tracked,Atmosphere,90.1,OK
2055-10-12T09:28:03Z,R-04,Hover,Atmosphere,97.3,OK
2055-10-12T09:28:07Z,R-05,Tracked,Radiation,53.7,OK
2055-10-12T09:28:11Z,R-03,Walker,Atmosphere,96.9,OK
2055-10-12T09:28:14Z,R-02,Hover,Radiation,204.5,OK
2055-10-12T09:28:19Z,R-03,Walker,Temperature,-45.9,OK
2055-10-12T09:28:20Z,R-02,Hover,Radiation,NULL,ERROR
2055-10-12T09:28:25Z,R-01,Tracked,Radiation,,ERROR
2055-10-12T09:28:30Z,R-03,Walker,Temperature,-57.7,OK
2055-10-12T09:28:31Z,R-04,Hover,Radiation,413.6,WARNING
2055-10-12T09:28:33Z,R-05,Tracked,Atmosphere,98.5,OK
2055-10-12T09:28:38Z,R-03,Walker,Atmosphere,,ERROR
2055-10-12T09:28:42Z,R-01,Tracked,Temperature,#VALUE!,ERROR
2055-10-12T09:28:44Z,R-02,Hover,Atmosphere,91.0,OK
2055-10-12T09:28:47Z,R-04,Hover,Temperature,-67.9,OK
2055-10-12T09:28:50Z,R-05,Tracked,Temperature,-18.9,OK
2055-10-12T09:28:53Z,R-05,Tracked,Atmosphere,99.8,ERROR
2055-10-12T09:28:58Z,R-02,Hover,Temperature,-68.2,OK
2055-10-12T09:29:01Z,R-03,Walker,Radiation,-100.0,ERROR
2055-10-12T09:29:04Z,R-03,Walker,Atmosphere,99.7,OK
2055-10-12T09:29:09Z,R-04,Hover,Atmosphere,94.1,WARNING
2055-10-12T09:29:10Z,R-05,Tracked,Atmosphere,91.6,OK
2055-10-12T09:29:13Z,R-04,Hover,Temperature,-9999.0,ERROR
2055-10-12T09:29:18Z,R-02,Hover,Atmosphere,93.7,OK
2055-10-12T09:29:22Z,R-05,Tracked,Radiation,196.7,OK
2055-10-12T09:29:27Z,R-01,Tracked,Temperature,N/A,ERROR
2055-10-12T09:29:30Z,R-03,Walker,Radiation,99999.0,ERROR
2055-10-12T09:29:34Z,R-05,Tracked,Temperature,-16.7,OK
2055-10-12T09:29:38Z,R-05,Tracked,Radiation,105.8,OK
2055-10-12T09:29:42Z,R-01,Tracked,Atmosphere,#VALUE!,ERROR
2055-10-12T09:29:46Z,R-04,Hover,Radiation,99.5,OK
2055-10-12T09:29:50Z,R-05,Tracked,Temperature,,ERROR
2055-10-12T09:29:53Z,R-01,Tracked,Atmosphere,90.5,OK
2055-10-12T09:29:56Z,R-04,Hover,Radiation,251.8,OK
2055-10-12T09:30:01Z,R-02,Hover,Radiation,,ERROR
2055-10-12T09:30:05Z,R-04,Hover,Temperature,-52.1,OK
2055-10-12T09:30:08Z,R-01,Tracked,Atmosphere,96.3,OK
2055-10-12T09:30:11Z,R-03,Walker,Radiation,221.7,OK
2055-10-12T09:30:15Z,R-01,Tracked,Temperature,-44.2,OK
2055-10-12T09:30:17Z,R-02,Hover,Temperature,-49.7,OK
2055-10-12T09:30:20Z,R-02,Hover,Temperature,-62.2,OK
2055-10-12T09:30:21Z,R-03,Walker,Radiation,,ERROR
2055-10-12T09:30:26Z,R-05,Tracked,Radiation,120.7,OK
2055-10-12T09:30:30Z,R-05,Tracked,Atmosphere,91.5,OK
2055-10-12T09:30:32Z,R-02,Hover,Atmosphere,,ERROR
2055-10-12T09:30:36Z,R-02,Hover,Temperature,-60.9,OK
2055-10-12T09:30:39Z,R-02,Hover,Atmosphere,99.0,ERROR
2055-10-12T09:30:41Z,R-02,Hover,Radiation,166.4,OK
2055-10-12T09:30:46Z,R-02,Hover,Atmosphere,91.4,OK
2055-10-12T09:30:49Z,R-04,Hover,Atmosphere,95.5,OK
2055-10-12T09:30:54Z,R-05,Tracked,Temperature,-46.8,OK
2055-10-12T09:30:59Z,R-04,Hover,Temperature,-42.9,OK
2055-10-12T09:31:03Z,R-04,Hover,Radiation,70.9,OK
2055-10-12T09:31:07Z,R-03,Walker,Radiation,277.9,OK
2055-10-12T09:31:09Z,R-02,Hover,Atmosphere,96.3,WARNING
2055-10-12T09:31:13Z,R-03,Walker,Temperature,-59.0,OK
2055-10-12T09:31:17Z,R-01,Tracked,Atmosphere,90.7,OK
2055-10-12T09:31:22Z,R-05,Tracked,Radiation,273.0,OK
2055-10-12T09:31:26Z,R-05,Tracked,Atmosphere,91.7,OK
2055-10-12T09:31:28Z,R-02,Hover,Temperature,-58.6,ERROR
2055-10-12T09:31:31Z,R-03,Walker,Atmosphere,91.4,OK
2055-10-12T09:31:32Z,R-05,Tracked,Radiation,89.0,OK
2055-10-12T09:31:36Z,R-05,Tracked,Temperature,-16.6,OK
2055-10-12T09:31:40Z,R-03,Walker,Atmosphere,98.0,OK
2055-10-12T09:31:45Z,R-03,Walker,Atmosphere,92.9,OK
2055-10-12T09:31:50Z,R-04,Hover,Temperature,-66.7,OK
2055-10-12T09:31:53Z,R-01,Tracked,Radiation,190.8,OK
2055-10-12T09:31:58Z,R-01,Tracked,Temperature,-53.7,WARNING
2055-10-12T09:31:59Z,R-02,Hover,Temperature,-35.4,WARNING
2055-10-12T09:32:03Z,R-04,Hover,Radiation,88.5,OK
2055-10-12T09:32:06Z,R-03,Walker,Radiation,68.9,ERROR
2055-10-12T09:32:10Z,R-02,Hover,Atmosphere,96.8,OK
2055-10-12T09:32:11Z,R-04,Hover,Temperature,-44.2,OK
2055-10-12T09:32:15Z,R-05,Tracked,Atmosphere,90.4,OK
2055-10-12T09:32:17Z,R-04,Hover,Radiation,273.6,OK
2055-10-12T09:32:21Z,R-02,Hover,Radiation,126.2,OK
2055-10-12T09:32:26Z,R-05,Tracked,Radiation,125.3,OK
2055-10-12T09:32:30Z,R-03,Walker,Temperature,-16.4,OK
2055-10-12T09:32:32Z,R-02,Hover,Atmosphere,98.5,OK
2055-10-12T09:32:34Z,R-05,Tracked,Temperature,-38.6,OK
2055-10-12T09:32:39Z,R-01,Tracked,Temperature,-71.7,OK
2055-10-12T09:32:43Z,R-02,Hover,Atmosphere,90.7,OK
2055-10-12T09:32:44Z,R-05,Tracked,Radiation,56.1,OK
2055-10-12T09:32:46Z,R-01,Tracked,Radiation,285.6,OK
2055-10-12T09:32:48Z,R-05,Tracked,Radiation,101.1,OK
2055-10-12T09:32:49Z,R-04,Hover,Temperature,-34.3,WARNING
2055-10-12T09:32:52Z,R-01,Tracked,Radiation,273.4,OK
2055-10-12T09:32:57Z,R-05,Tracked,Radiation,81.5,OK
2055-10-12T09:32:59Z,R-04,Hover,Radiation,221.7,OK
2055-10-12T09:33:04Z,R-02,Hover,Atmosphere,90.7,OK
2055-10-12T09:33:05Z,R-04,Hover,Temperature,-9999.0,ERROR
2055-10-12T09:33:07Z,R-04,Hover,Temperature,-58.2,OK
2055-10-12T09:33:12Z,R-04,Hover,Radiation,137.7,OK
2055-10-12T09:33:13Z,R-03,Walker,Atmosphere,93.4,ERROR
2055-10-12T09:33:18Z,R-03,Walker,Atmosphere,95.5,OK
2055-10-12T09:33:22Z,R-01,Tracked,Atmosphere,99.1,OK
2055-10-12T09:33:23Z,R-02,Hover,Radiation,235.6,OK
2055-10-12T09:33:27Z,R-02,Hover,Radiation,225.5,OK
2055-10-12T09:33:28Z,R-01,Tracked,Temperature,-56.2,WARNING
2055-10-12T09:33:33Z,R-04,Hover,Atmosphere,91.9,OK
2055-10-12T09:33:35Z,R-03,Walker,Atmosphere,96.1,OK
2055-10-12T09:33:40Z,R-03,Walker,Atmosphere,95.4,OK
2055-10-12T09:33:44Z,R-01,Tracked,Atmosphere,93.3,OK
2055-10-12T09:33:46Z,R-01,Tracked,Radiation,143.0,OK
2055-10-12T09:33:47Z,R-01,Tracked,Temperature,-76.1,OK
2055-10-12T09:33:48Z,R-03,Walker,Atmosphere,92.6,OK
2055-10-12T09:33:50Z,R-05,Tracked,Temperature,-77.0,OK
2055-10-12T09:33:54Z,R-04,Hover,Radiation,166.5,OK
2055-10-12T09:33:56Z,R-03,Walker,Temperature,-11.4,OK
2055-10-12T09:34:01Z,R-04,Hover,Temperature,-12.8,OK
2055-10-12T09:34:05Z,R-03,Walker,Radiation,459.0,WARNING
2055-10-12T09:34:09Z,R-01,Tracked,Temperature,-26.9,OK
2055-10-12T09:34:10Z,R-02,Hover,Atmosphere,91.9,OK
2055-10-12T09:34:11Z,R-02,Hover,Radiation,ERR,ERROR
2055-10-12T09:34:13Z,R-05,Tracked,Radiation,233.0,OK
2055-10-12T09:34:16Z,R-04,Hover,Temperature,-36.7,OK
2055-10-12T09:34:20Z,R-01,Tracked,Temperature,-60.4,OK
2055-10-12T09:34:24Z,R-03,Walker,Atmosphere,93.5,WARNING
2055-10-12T09:34:28Z,R-04,Hover,Temperature,5000.0,ERROR
2055-10-12T09:34:29Z,R-04,Hover,Radiation,251.2,OK
2055-10-12T09:34:33Z,R-04,Hover,Radiation,132.9,OK
2055-10-12T09:34:38Z,R-02,Hover,Atmosphere,94.0,ERROR
2055-10-12T09:34:42Z,R-02,Hover,Temperature,-24.8,OK
2055-10-12T09:34:46Z,R-04,Hover,Radiation,NaN,ERROR
2055-10-12T09:34:49Z,R-02,Hover,Temperature,-12.8,OK
2055-10-12T09:34:53Z,R-02,Hover,Temperature,-71.8,OK
2055-10-12T09:34:58Z,R-04,Hover,Atmosphere,96.1,OK
2055-10-12T09:35:00Z,R-05,Tracked,Radiation,129.2,OK
2055-10-12T09:35:02Z,R-01,Tracked,Atmosphere,90.1,WARNING
2055-10-12T09:35:04Z,R-02,Hover,Temperature,-23.4,OK
2055-10-12T09:35:05Z,R-03,Walker,Temperature,-14.8,OK
2055-10-12T09:35:07Z,R-02,Hover,Atmosphere,NaN,ERROR
2055-10-12T09:35:09Z,R-02,Hover,Atmosphere,95.8,OK
2055-10-12T09:35:10Z,R-05,Tracked,Atmosphere,95.6,OK
2055-10-12T09:35:15Z,R-03,Walker,Radiation,99999.0,ERROR
2055-10-12T09:35:16Z,R-03,Walker,Temperature,-53.8,OK
2055-10-12T09:35:21Z,R-04,Hover,Atmosphere,98.5,OK
2055-10-12T09:35:23Z,R-04,Hover,Temperature,-14.8,OK
2055-10-12T09:35:28Z,R-04,Hover,Radiation,190.3,OK
2055-10-12T09:35:30Z,R-01,Tracked,Atmosphere,93.0,OK
2055-10-12T09:35:33Z,R-05,Tracked,Radiation,99999.0,ERROR
2055-10-12T09:35:35Z,R-05,Tracked,Radiation,151.3,OK
2055-10-12T09:35:37Z,R-02,Hover,Radiation,,ERROR
2055-10-12T09:35:42Z,R-03,Walker,Temperature,-78.2,OK
2055-10-12T09:35:44Z,R-02,Hover,Atmosphere,99.9,OK
2055-10-12T09:35:45Z,R-05,Tracked,Radiation,218.9,OK
2055-10-12T09:35:50Z,R-05,Tracked,Radiation,267.3,OK
2055-10-12T09:35:51Z,R-04,Hover,Radiation,199.9,ERROR
2055-10-12T09:35:53Z,R-01,Tracked,Atmosphere,96.5,OK
2055-10-12T09:35:56Z,R-01,Tracked,Atmosphere,99.9,OK
2055-10-12T09:36:01Z,R-03,Walker,Radiation,60.0,OK
2055-10-12T09:36:02Z,R-02,Hover,Temperature,-60.7,OK
2055-10-12T09:36:03Z,R-02,Hover,Atmosphere,N/A,ERROR
2055-10-12T09:36:06Z,R-05,Tracked,Temperature,-30.9,OK
2055-10-12T09:36:07Z,R-02,Hover,Atmosphere,94.3,OK
2055-10-12T09:36:12Z,R-02,Hover,Atmosphere,97.6,OK
2055-10-12T09:36:17Z,R-02,Hover,Atmosphere,93.1,OK
2055-10-12T09:36:18Z,R-03,Walker,Radiation,126.7,OK
2055-10-12T09:36:20Z,R-05,Tracked,Atmosphere,90.4,OK
2055-10-12T09:36:21Z,R-03,Walker,Temperature,-18.4,OK
2055-10-12T09:36:26Z,R-04,Hover,Temperature,-68.7,OK
2055-10-12T09:36:28Z,R-01,Tracked,Temperature,NaN,ERROR
2055-10-12T09:36:30Z,R-02,Hover,Temperature,-46.7,OK
2055-10-12T09:36:35Z,R-05,Tracked,Atmosphere,90.3,OK
2055-10-12T09:36:37Z,R-05,Tracked,Radiation,195.0,OK
2055-10-12T09:36:42Z,R-01,Tracked,Atmosphere,91.1,OK
2055-10-12T09:36:44Z,R-05,Tracked,Radiation,254.9,OK
2055-10-12T09:36:45Z,R-04,Hover,Atmosphere,97.8,WARNING
2055-10-12T09:36:49Z,R-01,Tracked,Temperature,-18.9,OK
2055-10-12T09:36:53Z,R-05,Tracked,Temperature,N/A,ERROR
2055-10-12T09:36:56Z,R-01,Tracked,Atmosphere,95.0,OK
2055-10-12T09:36:58Z,R-02,Hover,Radiation,NULL,ERROR
2055-10-12T09:37:01Z,R-03,Walker,Temperature,-27.8,OK
2055-10-12T09:37:05Z,R-03,Walker,Temperature,-66.9,OK
2055-10-12T09:37:07Z,R-01,Tracked,Radiation,256.6,OK
2055-10-12T09:37:11Z,R-04,Hover,Temperature,-65.0,OK
2055-10-12T09:37:15Z,R-05,Tracked,Temperature,-78.4,OK
2055-10-12T09:37:20Z,R-03,Walker,Radiation,258.0,OK
2055-10-12T09:37:22Z,R-01,Tracked,Temperature,-50.5,WARNING
2055-10-12T09:37:26Z,R-03,Walker,Atmosphere,98.7,ERROR
2055-10-12T09:37:30Z,R-01,Tracked,Temperature,-71.4,OK
2055-10-12T09:37:31Z,R-05,Tracked,Radiation,121.1,OK
2055-10-12T09:37:32Z,R-01,Tracked,Atmosphere,#VALUE!,ERROR
2055-10-12T09:37:36Z,R-01,Tracked,Temperature,-56.1,OK
2055-10-12T09:37:41Z,R-02,Hover,Atmosphere,90.0,ERROR
2055-10-12T09:37:45Z,R-03,Walker,Atmosphere,92.6,OK
2055-10-12T09:37:49Z,R-05,Tracked,Temperature,N/A,ERROR
2055-10-12T09:37:51Z,R-01,Tracked,Atmosphere,98.3,OK
2055-10-12T09:37:54Z,R-05,Tracked,Temperature,-70.3,OK
2055-10-12T09:37:55Z,R-02,Hover,Atmosphere,94.2,OK
2055-10-12T09:37:58Z,R-01,Tracked,Temperature,NaN,ERROR
2055-10-12T09:38:00Z,R-02,Hover,Atmosphere,95.3,OK
2055-10-12T09:38:03Z,R-03,Walker,Temperature,-43.5,OK
2055-10-12T09:38:04Z,R-04,Hover,Radiation,148.6,OK
2055-10-12T09:38:05Z,R-05,Tracked,Atmosphere,,ERROR
2055-10-12T09:38:10Z,R-01,Tracked,Radiation,284.3,OK
2055-10-12T09:38:12Z,R-03,Walker,Temperature,,ERROR
2055-10-12T09:38:15Z,R-05,Tracked,Radiation,484.0,ERROR
2055-10-12T09:38:18Z,R-03,Walker,Temperature,-26.8,WARNING
2055-10-12T09:38:23Z,R-02,Hover,Radiation,,ERROR
2055-10-12T09:38:24Z,R-02,Hover,Radiation,243.0,OK
2055-10-12T09:38:25Z,R-03,Walker,Atmosphere,95.4,OK
2055-10-12T09:38:30Z,R-05,Tracked,Radiation,101.0,OK
2055-10-12T09:38:33Z,R-01,Tracked,Atmosphere,97.1,WARNING
2055-10-12T09:38:36Z,R-05,Tracked,Radiation,72.4,OK
2055-10-12T09:38:38Z,R-03,Walker,Temperature,-20.7,OK
2055-10-12T09:38:42Z,R-01,Tracked,Atmosphere,96.3,OK
2055-10-12T09:38:43Z,R-05,Tracked,Radiation,212.9,ERROR
2055-10-12T09:38:44Z,R-02,Hover,Radiation,215.8,OK
2055-10-12T09:38:49Z,R-03,Walker,Atmosphere,91.7,OK
2055-10-12T09:38:54Z,R-05,Tracked,Atmosphere,92.8,OK
2055-10-12T09:38:56Z,R-04,Hover,Temperature,-29.0,OK
2055-10-12T09:38:59Z,R-05,Tracked,Temperature,-9999.0,ERROR
2055-10-12T09:39:02Z,R-04,Hover,Temperature,-22.6,OK
2055-10-12T09:39:06Z,R-05,Tracked,Temperature,-53.9,OK
2055-10-12T09:39:10Z,R-01,Tracked,Temperature,-16.6,OK
2055-10-12T09:39:15Z,R-04,Hover,Temperature,5000.0,ERROR
2055-10-12T09:39:17Z,R-04,Hover,Temperature,-58.8,OK
2055-10-12T09:39:20Z,R-03,Walker,Radiation,78.3,OK
2055-10-12T09:39:21Z,R-04,Hover,Temperature,-77.4,OK
2055-10-12T09:39:22Z,R-02,Hover,Temperature,-79.4,OK
2055-10-12T09:39:26Z,R-04,Hover,Radiation,184.9,OK
2055-10-12T09:39:31Z,R-05,Tracked,Atmosphere,92.6,WARNING
2055-10-12T09:39:32Z,R-04,Hover,Radiation,266.2,OK
2055-10-12T09:39:35Z,R-04,Hover,Temperature,ERR,ERROR
2055-10-12T09:39:40Z,R-05,Tracked,Atmosphere,95.3,OK
2055-10-12T09:39:42Z,R-05,Tracked,Temperature,-9999.0,ERROR
2055-10-12T09:39:45Z,R-03,Walker,Temperature,,ERROR
2055-10-12T09:39:46Z,R-04,Hover,Atmosphere,99.2,OK
2055-10-12T09:39:47Z,R-05,Tracked,Temperature,-31.4,OK
2055-10-12T09:39:49Z,R-01,Tracked,Radiation,212.8,OK
2055-10-12T09:39:53Z,R-05,Tracked,Radiation,244.9,OK
2055-10-12T09:39:56Z,R-04,Hover,Temperature,-39.3,OK
2055-10-12T09:39:58Z,R-03,Walker,Atmosphere,99.3,OK
2055-10-12T09:40:02Z,R-03,Walker,Atmosphere,90.5,OK
2055-10-12T09:40:03Z,R-03,Walker,Radiation,193.3,OK
2055-10-12T09:40:06Z,R-02,Hover,Radiation,117.9,OK
2055-10-12T09:40:09Z,R-04,Hover,Radiation,142.0,OK
2055-10-12T09:40:13Z,R-04,Hover,Temperature,-15.5,OK
2055-10-12T09:40:15Z,R-01,Tracked,Temperature,-11.1,ERROR
2055-10-12T09:40:16Z,R-04,Hover,Temperature,-14.0,ERROR
2055-10-12T09:40:19Z,R-03,Walker,Radiation,#VALUE!,ERROR
2055-10-12T09:40:20Z,R-01,Tracked,Radiation,267.1,OK
2055-10-12T09:40:25Z,R-05,Tracked,Atmosphere,96.3,OK
2055-10-12T09:40:29Z,R-05,Tracked,Temperature,-40.0,OK
2055-10-12T09:40:34Z,R-01,Tracked,Temperature,-44.5,OK
2055-10-12T09:40:37Z,R-05,Tracked,Radiation,122.3,OK
2055-10-12T09:40:38Z,R-01,Tracked,Temperature,-49.3,OK
2055-10-12T09:40:42Z,R-03,Walker,Atmosphere,99.3,OK
2055-10-12T09:40:43Z,R-03,Walker,Temperature,-33.9,OK
2055-10-12T09:40:46Z,R-03,Walker,Radiation,#VALUE!,ERROR
2055-10-12T09:40:49Z,R-04,Hover,Temperature,-69.5,OK
2055-10-12T09:40:51Z,R-05,Tracked,Radiation,129.0,OK
2055-10-12T09:40:55Z,R-01,Tracked,Temperature,-61.5,OK
2055-10-12T09:40:58Z,R-04,Hover,Temperature,-23.7,OK
2055-10-12T09:40:59Z,R-02,Hover,Temperature,-68.5,OK
2055-10-12T09:41:03Z,R-04,Hover,Radiation,122.8,OK
2055-10-12T09:41:04Z,R-01,Tracked,Atmosphere,92.4,OK
2055-10-12T09:41:05Z,R-05,Tracked,Atmosphere,,ERROR
2055-10-12T09:41:06Z,R-01,Tracked,Radiation,102.4,OK
2055-10-12T09:41:10Z,R-03,Walker,Radiation,100.9,OK
2055-10-12T09:41:15Z,R-03,Walker,Atmosphere,98.3,OK
2055-10-12T09:41:19Z,R-02,Hover,Radiation,249.8,OK
2055-10-12T09:41:23Z,R-02,Hover,Temperature,-9999.0,ERROR
2055-10-12T09:41:24Z,R-01,Tracked,Temperature,NULL,ERROR
2055-10-12T09:41:26Z,R-01,Tracked,Radiation,-100.0,ERROR
2055-10-12T09:41:28Z,R-04,Hover,Temperature,N/A,ERROR
2055-10-12T09:41:29Z,R-05,Tracked,Radiation,285.7,OK
2055-10-12T09:41:31Z,R-05,Tracked,Radiation,189.2,OK
2055-10-12T09:41:33Z,R-02,Hover,Temperature,-32.0,WARNING
2055-10-12T09:41:34Z,R-01,Tracked,Temperature,NULL,ERROR
2055-10-12T09:41:39Z,R-02,Hover,Radiation,200.6,OK
2055-10-12T09:41:43Z,R-02,Hover,Radiation,246.9,OK
2055-10-12T09:41:45Z,R-03,Walker,Radiation,273.4,OK
2055-10-12T09:41:46Z,R-05,Tracked,Temperature,-19.4,OK
2055-10-12T09:41:51Z,R-03,Walker,Temperature,-52.5,OK
2055-10-12T09:41:52Z,R-02,Hover,Temperature,-20.7,OK
2055-10-12T09:41:56Z,R-04,Hover,Temperature,-36.7,OK
2055-10-12T09:42:01Z,R-05,Tracked,Atmosphere,93.9,OK
2055-10-12T09:42:04Z,R-05,Tracked,Temperature,-9999.0,ERROR
2055-10-12T09:42:08Z,R-04,Hover,Atmosphere,95.5,ERROR
2055-10-12T09:42:13Z,R-05,Tracked,Radiation,217.3,OK
2055-10-12T09:42:16Z,R-02,Hover,Atmosphere,96.1,OK
2055-10-12T09:42:21Z,R-05,Tracked,Atmosphere,,ERROR
2055-10-12T09:42:22Z,R-01,Tracked,Temperature,-77.1,OK
2055-10-12T09:42:27Z,R-02,Hover,Temperature,-10.0,OK
2055-10-12T09:42:30Z,R-01,Tracked,Temperature,-67.6,OK
2055-10-12T09:42:34Z,R-01,Tracked,Temperature,-59.9,OK
2055-10-12T09:42:38Z,R-02,Hover,Atmosphere,96.7,OK
2055-10-12T09:42:42Z,R-03,Walker,Temperature,,ERROR
2055-10-12T09:42:43Z,R-01,Tracked,Temperature,-24.3,OK
2055-10-12T09:42:47Z,R-03,Walker,Atmosphere,96.8,OK
2055-10-12T09:42:49Z,R-01,Tracked,Temperature,-34.7,OK
2055-10-12T09:42:50Z,R-02,Hover,Temperature,-79.4,OK
2055-10-12T09:42:55Z,R-04,Hover,Atmosphere,91.5,OK
2055-10-12T09:42:57Z,R-01,Tracked,Atmosphere,90.7,OK
2055-10-12T09:43:01Z,R-03,Walker,Radiation,199.1,OK
2055-10-12T09:43:02Z,R-05,Tracked,Atmosphere,98.0,OK
2055-10-12T09:43:07Z,R-02,Hover,Radiation,245.3,OK
2055-10-12T09:43:09Z,R-04,Hover,Atmosphere,94.8,OK
2055-10-12T09:43:11Z,R-01,Tracked,Temperature,-9999.0,ERROR
2055-10-12T09:43:14Z,R-05,Tracked,Radiation,247.6,ERROR
2055-10-12T09:43:18Z,R-01,Tracked,Radiation,-100.0,ERROR
2055-10-12T09:43:22Z,R-05,Tracked,Atmosphere,95.3,ERROR
2055-10-12T09:43:24Z,R-01,Tracked,Radiation,199.4,OK
2055-10-12T09:43:27Z,R-03,Walker,Radiation,-100.0,ERROR
2055-10-12T09:43:31Z,R-05,Tracked,Radiation,100.0,OK
2055-10-12T09:43:34Z,R-05,Tracked,Radiation,185.3,OK
2055-10-12T09:43:39Z,R-02,Hover,Temperature,,ERROR
2055-10-12T09:43:42Z,R-01,Tracked,Temperature,-40.8,OK
2055-10-12T09:43:44Z,R-02,Hover,Temperature,-9999.0,ERROR
2055-10-12T09:43:46Z,R-03,Walker,Radiation,N/A,ERROR
2055-10-12T09:43:47Z,R-01,Tracked,Temperature,-67.7,ERROR
2055-10-12T09:43:50Z,R-04,Hover,Atmosphere,97.7,OK
2055-10-12T09:43:54Z,R-03,Walker,Radiation,253.8,OK
2055-10-12T09:43:58Z,R-04,Hover,Radiation,241.8,OK
2055-10-12T09:44:00Z,R-01,Tracked,Radiation,62.8,OK
2055-10-12T09:44:04Z,R-05,Tracked,Radiation,141.2,OK
2055-10-12T09:44:09Z,R-03,Walker,Temperature,-41.9,OK
2055-10-12T09:44:14Z,R-05,Tracked,Temperature,-63.3,OK
2055-10-12T09:44:15Z,R-03,Walker,Temperature,-55.5,OK
2055-10-12T09:44:17Z,R-01,Tracked,Temperature,-66.4,OK
2055-10-12T09:44:21Z,R-02,Hover,Atmosphere,90.5,OK
2055-10-12T09:44:22Z,R-02,Hover,Temperature,-75.0,OK
2055-10-12T09:44:25Z,R-02,Hover,Atmosphere,91.4,ERROR
2055-10-12T09:44:26Z,R-04,Hover,Radiation,213.0,OK
2055-10-12T09:44:30Z,R-04,Hover,Radiation,-100.0,ERROR
2055-10-12T09:44:32Z,R-01,Tracked,Temperature,-57.7,OK
2055-10-12T09:44:37Z,R-02,Hover,Radiation,179.1,OK
2055-10-12T09:44:40Z,R-01,Tracked,Radiation,257.4,OK
2055-10-12T09:44:41Z,R-05,Tracked,Temperature,-58.0,OK
2055-10-12T09:44:44Z,R-04,Hover,Atmosphere,92.7,OK
2055-10-12T09:44:46Z,R-05,Tracked,Atmosphere,97.1,OK
2055-10-12T09:44:51Z,R-04,Hover,Radiation,58.0,OK
2055-10-12T09:44:52Z,R-04,Hover,Atmosphere,93.6,OK
2055-10-12T09:44:53Z,R-03,Walker,Atmosphere,98.1,OK
2055-10-12T09:44:58Z,R-05,Tracked,Temperature,-44.2,OK
2055-10-12T09:45:02Z,R-05,Tracked,Atmosphere,99.1,OK
2055-10-12T09:45:04Z,R-04,Hover,Temperature,-27.3,WARNING
2055-10-12T09:45:06Z,R-02,Hover,Radiation,478.1,WARNING
2055-10-12T09:45:08Z,R-02,Hover,Temperature,-34.5,OK
2055-10-12T09:45:13Z,R-03,Walker,Radiation,201.0,OK
2055-10-12T09:45:18Z,R-04,Hover,Temperature,-57.8,OK
2055-10-12T09:45:23Z,R-02,Hover,Temperature,-61.1,OK
2055-10-12T09:45:28Z,R-02,Hover,Radiation,203.7,OK
2055-10-12T09:45:30Z,R-05,Tracked,Temperature,-66.3,OK
2055-10-12T09:45:32Z,R-05,Tracked,Radiation,176.3,OK
2055-10-12T09:45:37Z,R-04,Hover,Atmosphere,95.6,OK
2055-10-12T09:45:40Z,R-02,Hover,Radiation,256.5,OK
2055-10-12T09:45:45Z,R-03,Walker,Atmosphere,96.4,OK
2055-10-12T09:45:48Z,R-03,Walker,Radiation,107.0,OK
2055-10-12T09:45:53Z,R-01,Tracked,Atmosphere,97.9,OK
2055-10-12T09:45:55Z,R-02,Hover,Atmosphere,,ERROR
2055-10-12T09:46:00Z,R-03,Walker,Radiation,255.0,OK
2055-10-12T09:46:02Z,R-05,Tracked,Atmosphere,95.1,OK
2055-10-12T09:46:05Z,R-04,Hover,Atmosphere,96.4,OK
2055-10-12T09:46:06Z,R-04,Hover,Temperature,-40.1,ERROR
2055-10-12T09:46:11Z,R-05,Tracked,Radiation,265.6,OK
2055-10-12T09:46:15Z,R-04,Hover,Temperature,-40.9,OK
2055-10-12T09:46:16Z,R-03,Walker,Radiation,143.1,OK
2055-10-12T09:46:20Z,R-04,Hover,Radiation,170.5,OK
2055-10-12T09:46:25Z,R-03,Walker,Radiation,149.7,OK
2055-10-12T09:46:29Z,R-03,Walker,Atmosphere,91.9,WARNING
2055-10-12T09:46:34Z,R-05,Tracked,Atmosphere,97.1,OK
2055-10-12T09:46:36Z,R-03,Walker,Temperature,-57.3,OK
2055-10-12T09:46:38Z,R-02,Hover,Radiation,-100.0,ERROR
2055-10-12T09:46:39Z,R-05,Tracked,Atmosphere,91.2,OK
2055-10-12T09:46:43Z,R-01,Tracked,Radiation,250.0,OK
2055-10-12T09:46:45Z,R-03,Walker,Radiation,121.7,OK
2055-10-12T09:46:47Z,R-02,Hover,Atmosphere,90.9,OK
2055-10-12T09:46:51Z,R-05,Tracked,Temperature,-51.3,OK
2055-10-12T09:46:56Z,R-03,Walker,Radiation,117.5,OK
2055-10-12T09:46:59Z,R-01,Tracked,Temperature,-50.3,OK
2055-10-12T09:47:02Z,R-04,Hover,Radiation,413.2,WARNING
2055-10-12T09:47:07Z,R-04,Hover,Temperature,-50.6,OK
2055-10-12T09:47:11Z,R-02,Hover,Temperature,-71.1,OK
2055-10-12T09:47:13Z,R-01,Tracked,Atmosphere,90.2,OK
2055-10-12T09:47:18Z,R-01,Tracked,Atmosphere,94.6,OK
2055-10-12T09:47:19Z,R-04,Hover,Atmosphere,99.8,OK
2055-10-12T09:47:20Z,R-02,Hover,Temperature,-57.2,OK
2055-10-12T09:47:25Z,R-04,Hover,Radiation,191.9,OK
2055-10-12T09:47:29Z,R-04,Hover,Radiation,130.7,OK
2055-10-12T09:47:32Z,R-01,Tracked,Radiation,282.5,OK
2055-10-12T09:47:33Z,R-02,Hover,Temperature,-41.2,OK
2055-10-12T09:47:38Z,R-01,Tracked,Atmosphere,90.2,OK
2055-10-12T09:47:39Z,R-05,Tracked,Radiation,104.6,OK
2055-10-12T09:47:42Z,R-02,Hover,Atmosphere,91.9,OK
2055-10-12T09:47:46Z,R-04,Hover,Temperature,,ERROR
2055-10-12T09:47:47Z,R-05,Tracked,Atmosphere,95.2,OK
2055-10-12T09:47:48Z,R-02,Hover,Temperature,-10.0,OK
2055-10-12T09:47:53Z,R-05,Tracked,Atmosphere,94.4,OK
2055-10-12T09:47:58Z,R-05,Tracked,Atmosphere,96.7,OK
2055-10-12T09:48:00Z,R-04,Hover,Atmosphere,91.7,OK
2055-10-12T09:48:04Z,R-05,Tracked,Atmosphere,93.0,OK
2055-10-12T09:48:05Z,R-05,Tracked,Atmosphere,94.2,OK
2055-10-12T09:48:06Z,R-03,Walker,Temperature,-30.3,OK
2055-10-12T09:48:11Z,R-02,Hover,Radiation,281.8,OK
2055-10-12T09:48:16Z,R-03,Walker,Atmosphere,99.8,OK
2055-10-12T09:48:20Z,R-04,Hover,Atmosphere,99.7,ERROR
2055-10-12T09:48:25Z,R-04,Hover,Radiation,163.3,OK
2055-10-12T09:48:27Z,R-05,Tracked,Temperature,-28.8,OK
2055-10-12T09:48:31Z,R-01,Tracked,Radiation,197.1,OK
2055-10-12T09:48:34Z,R-05,Tracked,Atmosphere,94.6,WARNING
2055-10-12T09:48:39Z,R-04,Hover,Radiation,142.3,OK
2055-10-12T09:48:40Z,R-03,Walker,Radiation,84.5,OK
2055-10-12T09:48:42Z,R-01,Tracked,Temperature,-15.3,WARNING
2055-10-12T09:48:47Z,R-05,Tracked,Temperature,NaN,ERROR
2055-10-12T09:48:50Z,R-02,Hover,Atmosphere,98.2,OK
2055-10-12T09:48:55Z,R-05,Tracked,Temperature,-61.2,OK
2055-10-12T09:48:56Z,R-05,Tracked,Radiation,163.6,OK
2055-10-12T09:48:58Z,R-02,Hover,Radiation,244.7,OK
2055-10-12T09:49:00Z,R-02,Hover,Temperature,-11.1,OK
2055-10-12T09:49:02Z,R-04,Hover,Radiation,141.7,OK
2055-10-12T09:49:05Z,R-04,Hover,Radiation,173.5,OK
2055-10-12T09:49:08Z,R-04,Hover,Temperature,-22.2,OK
2055-10-12T09:49:10Z,R-01,Tracked,Radiation,269.5,OK
2055-10-12T09:49:13Z,R-02,Hover,Radiation,93.5,OK
2055-10-12T09:49:18Z,R-02,Hover,Temperature,-32.3,OK
2055-10-12T09:49:19Z,R-01,Tracked,Radiation,195.7,OK
2055-10-12T09:49:20Z,R-01,Tracked,Temperature,-71.2,OK
2055-10-12T09:49:24Z,R-05,Tracked,Radiation,238.2,OK
2055-10-12T09:49:26Z,R-02,Hover,Temperature,-39.4,OK
2055-10-12T09:49:28Z,R-02,Hover,Radiation,276.2,OK
2055-10-12T09:49:31Z,R-05,Tracked,Atmosphere,97.0,OK
2055-10-12T09:49:36Z,R-03,Walker,Temperature,-26.7,OK
2055-10-12T09:49:37Z,R-04,Hover,Radiation,170.6,OK
2055-10-12T09:49:40Z,R-05,Tracked,Radiation,108.9,OK
2055-10-12T09:49:42Z,R-02,Hover,Atmosphere,N/A,ERROR
2055-10-12T09:49:43Z,R-05,Tracked,Atmosphere,96.8,OK
2055-10-12T09:49:45Z,R-03,Walker,Atmosphere,91.8,OK
2055-10-12T09:49:50Z,R-01,Tracked,Atmosphere,98.2,OK
2055-10-12T09:49:55Z,R-04,Hover,Temperature,-45.2,OK
2055-10-12T09:49:58Z,R-05,Tracked,Radiation,161.0,ERROR
2055-10-12T09:50:03Z,R-02,Hover,Radiation,137.4,OK
2055-10-12T09:50:04Z,R-04,Hover,Temperature,-61.8,OK
2055-10-12T09:50:09Z,R-05,Tracked,Atmosphere,95.4,OK
2055-10-12T09:50:14Z,R-02,Hover,Radiation,199.7,OK
2055-10-12T09:50:18Z,R-05,Tracked,Atmosphere,96.4,OK
2055-10-12T09:50:22Z,R-05,Tracked,Temperature,-51.5,OK
2055-10-12T09:50:25Z,R-03,Walker,Radiation,54.3,OK
2055-10-12T09:50:28Z,R-03,Walker,Radiation,134.1,OK
2055-10-12T09:50:31Z,R-05,Tracked,Atmosphere,92.2,ERROR
2055-10-12T09:50:35Z,R-04,Hover,Radiation,173.3,OK
2055-10-12T09:50:39Z,R-03,Walker,Atmosphere,N/A,ERROR
2055-10-12T09:50:42Z,R-02,Hover,Atmosphere,92.1,OK
2055-10-12T09:50:45Z,R-05,Tracked,Temperature,-61.6,OK
2055-10-12T09:50:47Z,R-01,Tracked,Temperature,-78.7,OK
2055-10-12T09:50:51Z,R-05,Tracked,Temperature,-76.0,WARNING
2055-10-12T09:50:55Z,R-05,Tracked,Atmosphere,95.9,OK
2055-10-12T09:50:57Z,R-03,Walker,Temperature,,ERROR
2055-10-12T09:50:58Z,R-02,Hover,Temperature,-39.3,OK
2055-10-12T09:51:01Z,R-04,Hover,Radiation,236.2,OK
2055-10-12T09:51:03Z,R-02,Hover,Atmosphere,94.4,OK
2055-10-12T09:51:04Z,R-03,Walker,Radiation,127.0,OK
2055-10-12T09:51:08Z,R-01,Tracked,Temperature,-72.8,OK
2055-10-12T09:51:09Z,R-03,Walker,Radiation,154.4,OK
2055-10-12T09:51:11Z,R-05,Tracked,Temperature,-66.1,OK
2055-10-12T09:51:15Z,R-02,Hover,Radiation,184.0,OK
2055-10-12T09:51:19Z,R-01,Tracked,Atmosphere,98.8,OK
2055-10-12T09:51:22Z,R-04,Hover,Temperature,5000.0,ERROR
2055-10-12T09:51:26Z,R-02,Hover,Radiation,112.8,OK
2055-10-12T09:51:27Z,R-01,Tracked,Temperature,-32.1,OK
2055-10-12T09:51:29Z,R-02,Hover,Atmosphere,90.4,ERROR
2055-10-12T09:51:32Z,R-02,Hover,Atmosphere,96.3,OK
2055-10-12T09:51:37Z,R-03,Walker,Temperature,N/A,ERROR
2055-10-12T09:51:40Z,R-01,Tracked,Atmosphere,99.5,OK
2055-10-12T09:51:45Z,R-02,Hover,Radiation,56.5,OK
2055-10-12T09:51:49Z,R-04,Hover,Radiation,79.2,ERROR
2055-10-12T09:51:51Z,R-05,Tracked,Radiation,214.5,OK
2055-10-12T09:51:52Z,R-03,Walker,Radiation,134.2,OK
2055-10-12T09:51:53Z,R-02,Hover,Temperature,-74.8,OK
2055-10-12T09:51:57Z,R-03,Walker,Radiation,,ERROR
2055-10-12T09:52:01Z,R-02,Hover,Temperature,-73.9,OK
2055-10-12T09:52:03Z,R-03,Walker,Atmosphere,94.3,OK
2055-10-12T09:52:08Z,R-01,Tracked,Radiation,-100.0,ERROR
2055-10-12T09:52:13Z,R-04,Hover,Atmosphere,90.1,OK
2055-10-12T09:52:18Z,R-03,Walker,Atmosphere,91.7,OK
2055-10-12T09:52:23Z,R-05,Tracked,Atmosphere,91.1,OK
2055-10-12T09:52:28Z,R-05,Tracked,Atmosphere,96.6,OK
2055-10-12T09:52:30Z,R-02,Hover,Temperature,-41.6,ERROR
2055-10-12T09:52:33Z,R-03,Walker,Atmosphere,97.9,OK
2055-10-12T09:52:36Z,R-01,Tracked,Atmosphere,91.0,OK
2055-10-12T09:52:37Z,R-03,Walker,Radiation,151.3,OK
2055-10-12T09:52:40Z,R-01,Tracked,Radiation,89.6,OK
2055-10-12T09:52:42Z,R-02,Hover,Atmosphere,97.1,OK
2055-10-12T09:52:43Z,R-04,Hover,Temperature,-19.0,OK
2055-10-12T09:52:47Z,R-04,Hover,Atmosphere,92.2,OK
2055-10-12T09:52:48Z,R-05,Tracked,Radiation,66.2,OK
2055-10-12T09:52:51Z,R-01,Tracked,Radiation,230.1,OK
2055-10-12T09:52:55Z,R-01,Tracked,Temperature,N/A,ERROR
2055-10-12T09:52:57Z,R-02,Hover,Atmosphere,96.0,ERROR
2055-10-12T09:53:00Z,R-03,Walker,Radiation,242.5,OK
2055-10-12T09:53:01Z,R-02,Hover,Radiation,,ERROR
2055-10-12T09:53:06Z,R-03,Walker,Atmosphere,99.9,OK
2055-10-12T09:53:11Z,R-03,Walker,Temperature,-48.5,OK
2055-10-12T09:53:15Z,R-03,Walker,Atmosphere,91.1,OK
2055-10-12T09:53:16Z,R-03,Walker,Temperature,-54.6,OK
2055-10-12T09:53:21Z,R-02,Hover,Radiation,120.7,OK
2055-10-12T09:53:22Z,R-03,Walker,Temperature,-71.7,OK
2055-10-12T09:53:25Z,R-01,Tracked,Atmosphere,92.8,ERROR
2055-10-12T09:53:29Z,R-04,Hover,Temperature,-38.5,OK
2055-10-12T09:53:30Z,R-02,Hover,Temperature,5000.0,ERROR
2055-10-12T09:53:35Z,R-05,Tracked,Radiation,141.6,OK
2055-10-12T09:53:40Z,R-04,Hover,Radiation,106.5,OK
2055-10-12T09:53:41Z,R-02,Hover,Radiation,295.7,OK
2055-10-12T09:53:44Z,R-05,Tracked,Temperature,-34.3,OK
2055-10-12T09:53:48Z,R-02,Hover,Atmosphere,93.5,OK
2055-10-12T09:53:49Z,R-02,Hover,Atmosphere,98.9,OK
2055-10-12T09:53:51Z,R-02,Hover,Radiation,115.1,OK
2055-10-12T09:53:56Z,R-05,Tracked,Radiation,99999.0,ERROR
2055-10-12T09:53:57Z,R-05,Tracked,Atmosphere,94.3,OK
2055-10-12T09:54:01Z,R-05,Tracked,Temperature,-41.6,OK
2055-10-12T09:54:06Z,R-03,Walker,Radiation,293.7,OK
2055-10-12T09:54:08Z,R-04,Hover,Radiation,115.1,OK
2055-10-12T09:54:12Z,R-03,Walker,Atmosphere,99.0,OK
2055-10-12T09:54:16Z,R-05,Tracked,Radiation,-100.0,ERROR
2055-10-12T09:54:17Z,R-01,Tracked,Radiation,228.4,OK
2055-10-12T09:54:22Z,R-05,Tracked,Temperature,-39.4,OK
2055-10-12T09:54:27Z,R-02,Hover,Radiation,277.9,OK
2055-10-12T09:54:28Z,R-03,Walker,Atmosphere,99.8,OK
2055-10-12T09:54:33Z,R-03,Walker,Temperature,-39.7,OK
2055-10-12T09:54:34Z,R-02,Hover,Radiation,#VALUE!,ERROR
2055-10-12T09:54:39Z,R-02,Hover,Temperature,-79.1,OK
2055-10-12T09:54:41Z,R-05,Tracked,Atmosphere,93.7,OK
2055-10-12T09:54:44Z,R-03,Walker,Radiation,130.6,OK
2055-10-12T09:54:49Z,R-05,Tracked,Temperature,-56.4,OK
2055-10-12T09:54:54Z,R-01,Tracked,Temperature,-51.7,OK
2055-10-12T09:54:58Z,R-03,Walker,Radiation,80.8,ERROR
2055-10-12T09:55:03Z,R-04,Hover,Radiation,262.5,OK
2055-10-12T09:55:05Z,R-03,Walker,Temperature,-12.4,OK
2055-10-12T09:55:08Z,R-03,Walker,Radiation,249.0,OK
2055-10-12T09:55:13Z,R-04,Hover,Atmosphere,94.8,OK
2055-10-12T09:55:15Z,R-05,Tracked,Temperature,-77.9,OK
2055-10-12T09:55:16Z,R-05,Tracked,Temperature,-62.2,OK
2055-10-12T09:55:18Z,R-03,Walker,Atmosphere,97.4,OK
2055-10-12T09:55:23Z,R-01,Tracked,Atmosphere,91.3,OK
2055-10-12T09:55:28Z,R-05,Tracked,Atmosphere,92.3,OK
2055-10-12T09:55:31Z,R-05,Tracked,Temperature,-35.9,OK
2055-10-12T09:55:33Z,R-02,Hover,Radiation,214.1,OK
2055-10-12T09:55:36Z,R-05,Tracked,Temperature,-9999.0,ERROR
2055-10-12T09:55:37Z,R-05,Tracked,Radiation,285.4,OK
2055-10-12T09:55:42Z,R-01,Tracked,Temperature,-62.1,OK
2055-10-12T09:55:44Z,R-05,Tracked,Radiation,132.2,OK
2055-10-12T09:55:48Z,R-02,Hover,Temperature,-79.0,OK
2055-10-12T09:55:51Z,R-02,Hover,Temperature,#VALUE!,ERROR
2055-10-12T09:55:53Z,R-02,Hover,Temperature,-10.1,OK
2055-10-12T09:55:57Z,R-01,Tracked,Atmosphere,92.6,OK
2055-10-12T09:56:00Z,R-02,Hover,Radiation,208.9,OK
2055-10-12T09:56:03Z,R-02,Hover,Atmosphere,91.4,OK
2055-10-12T09:56:04Z,R-01,Tracked,Radiation,274.8,OK
2055-10-12T09:56:08Z,R-02,Hover,Atmosphere,94.6,OK
2055-10-12T09:56:12Z,R-02,Hover,Atmosphere,93.1,WARNING
2055-10-12T09:56:14Z,R-01,Tracked,Temperature,N/A,ERROR
2055-10-12T09:56:17Z,R-02,Hover,Radiation,89.5,OK
2055-10-12T09:56:20Z,R-02,Hover,Atmosphere,91.7,OK
2055-10-12T09:56:22Z,R-04,Hover,Atmosphere,95.6,OK
2055-10-12T09:56:26Z,R-02,Hover,Temperature,5000.0,ERROR
2055-10-12T09:56:30Z,R-02,Hover,Atmosphere,96.0,OK
2055-10-12T09:56:34Z,R-05,Tracked,Temperature,-36.3,OK
2055-10-12T09:56:35Z,R-03,Walker,Atmosphere,90.0,OK
2055-10-12T09:56:37Z,R-01,Tracked,Atmosphere,,ERROR
2055-10-12T09:56:41Z,R-04,Hover,Temperature,-68.5,OK
2055-10-12T09:56:44Z,R-01,Tracked,Atmosphere,90.8,OK
2055-10-12T09:56:49Z,R-05,Tracked,Radiation,51.4,ERROR
2055-10-12T09:56:50Z,R-02,Hover,Temperature,,ERROR
2055-10-12T09:56:53Z,R-01,Tracked,Temperature,-68.2,OK
2055-10-12T09:56:54Z,R-01,Tracked,Radiation,99.0,OK
2055-10-12T09:56:57Z,R-05,Tracked,Atmosphere,91.6,OK
2055-10-12T09:57:00Z,R-03,Walker,Temperature,-71.7,OK
2055-10-12T09:57:04Z,R-02,Hover,Temperature,-70.5,OK
2055-10-12T09:57:05Z,R-05,Tracked,Radiation,NULL,ERROR
2055-10-12T09:57:06Z,R-04,Hover,Atmosphere,90.3,OK
2055-10-12T09:57:11Z,R-04,Hover,Radiation,484.4,WARNING
2055-10-12T09:57:12Z,R-05,Tracked,Atmosphere,90.8,OK
2055-10-12T09:57:14Z,R-01,Tracked,Temperature,-58.4,OK
2055-10-12T09:57:19Z,R-01,Tracked,Temperature,-47.5,OK
2055-10-12T09:57:21Z,R-03,Walker,Temperature,-69.7,OK
2055-10-12T09:57:25Z,R-05,Tracked,Temperature,-18.5,ERROR
2055-10-12T09:57:26Z,R-01,Tracked,Temperature,,ERROR
2055-10-12T09:57:31Z,R-01,Tracked,Atmosphere,90.7,OK
2055-10-12T09:57:36Z,R-05,Tracked,Temperature,-49.1,OK
2055-10-12T09:57:37Z,R-04,Hover,Radiation,496.0,WARNING
2055-10-12T09:57:41Z,R-04,Hover,Atmosphere,96.4,OK
2055-10-12T09:57:43Z,R-03,Walker,Temperature,-68.7,OK
2055-10-12T09:57:47Z,R-05,Tracked,Radiation,,ERROR
2055-10-12T09:57:49Z,R-05,Tracked,Temperature,-38.6,OK
2055-10-12T09:57:52Z,R-02,Hover,Temperature,-42.7,OK
2055-10-12T09:57:56Z,R-05,Tracked,Atmosphere,92.9,OK
2055-10-12T09:57:58Z,R-05,Tracked,Temperature,,ERROR
2055-10-12T09:58:02Z,R-03,Walker,Radiation,59.6,OK
2055-10-12T09:58:06Z,R-02,Hover,Temperature,5000.0,ERROR
2055-10-12T09:58:08Z,R-05,Tracked,Temperature,-30.2,OK
2055-10-12T09:58:12Z,R-04,Hover,Radiation,161.8,OK
2055-10-12T09:58:14Z,R-03,Walker,Atmosphere,98.7,OK
2055-10-12T09:58:17Z,R-04,Hover,Temperature,-54.8,OK
2055-10-12T09:58:20Z,R-01,Tracked,Temperature,-39.4,OK
2055-10-12T09:58:22Z,R-03,Walker,Atmosphere,N/A,ERROR
2055-10-12T09:58:23Z,R-05,Tracked,Atmosphere,95.9,OK
2055-10-12T09:58:26Z,R-02,Hover,Temperature,-12.6,OK
2055-10-12T09:58:28Z,R-03,Walker,Radiation,242.8,OK
2055-10-12T09:58:33Z,R-05,Tracked,Radiation,474.4,WARNING
2055-10-12T09:58:36Z,R-03,Walker,Radiation,445.6,WARNING
2055-10-12T09:58:39Z,R-02,Hover,Radiation,209.1,OK
2055-10-12T09:58:42Z,R-04,Hover,Temperature,-15.0,ERROR
2055-10-12T09:58:46Z,R-03,Walker,Radiation,251.4,OK
2055-10-12T09:58:49Z,R-03,Walker,Radiation,283.4,OK
2055-10-12T09:58:50Z,R-05,Tracked,Radiation,,ERROR
2055-10-12T09:58:54Z,R-04,Hover,Atmosphere,99.0,OK
2055-10-12T09:58:58Z,R-01,Tracked,Atmosphere,93.5,OK
2055-10-12T09:59:03Z,R-04,Hover,Atmosphere,99.3,OK
2055-10-12T09:59:04Z,R-04,Hover,Temperature,-17.6,OK
2055-10-12T09:59:09Z,R-05,Tracked,Radiation,93.6,OK
2055-10-12T09:59:12Z,R-02,Hover,Atmosphere,94.9,OK
2055-10-12T09:59:15Z,R-01,Tracked,Temperature,-10.8,OK
2055-10-12T09:59:18Z,R-01,Tracked,Radiation,233.0,OK
2055-10-12T09:59:23Z,R-02,Hover,Atmosphere,91.3,OK
2055-10-12T09:59:25Z,R-01,Tracked,Atmosphere,91.8,OK
2055-10-12T09:59:29Z,R-02,Hover,Temperature,-33.9,OK
2055-10-12T09:59:34Z,R-02,Hover,Atmosphere,98.3,OK
2055-10-12T09:59:35Z,R-04,Hover,Temperature,-72.7,OK
2055-10-12T09:59:40Z,R-02,Hover,Radiation,215.5,OK
2055-10-12T09:59:43Z,R-01,Tracked,Temperature,-65.1,OK
2055-10-12T09:59:47Z,R-03,Walker,Radiation,146.3,OK
2055-10-12T09:59:52Z,R-05,Tracked,Atmosphere,92.6,OK
2055-10-12T09:59:57Z,R-01,Tracked,Temperature,-17.7,OK
2055-10-12T10:00:00Z,R-02,Hover,Temperature,-37.6,OK
2055-10-12T10:00:04Z,R-05,Tracked,Temperature,-36.5,OK
2055-10-12T10:00:08Z,R-05,Tracked,Radiation,253.3,OK
2055-10-12T10:00:11Z,R-02,Hover,Temperature,-9999.0,ERROR
2055-10-12T10:00:14Z,R-03,Walker,Radiation,230.6,OK
2055-10-12T10:00:19Z,R-04,Hover,Temperature,-42.3,OK
2055-10-12T10:00:22Z,R-01,Tracked,Radiation,214.9,OK
2055-10-12T10:00:27Z,R-03,Walker,Temperature,-26.9,OK
2055-10-12T10:00:30Z,R-05,Tracked,Temperature,,ERROR
2055-10-12T10:00:31Z,R-02,Hover,Radiation,172.9,OK
2055-10-12T10:00:36Z,R-02,Hover,Atmosphere,93.3,OK
2055-10-12T10:00:38Z,R-04,Hover,Atmosphere,95.9,OK
2055-10-12T10:00:41Z,R-01,Tracked,Atmosphere,97.0,OK
2055-10-12T10:00:46Z,R-05,Tracked,Atmosphere,93.7,OK
2055-10-12T10:00:48Z,R-02,Hover,Atmosphere,98.4,WARNING
2055-10-12T10:00:50Z,R-01,Tracked,Atmosphere,91.7,OK
2055-10-12T10:00:51Z,R-02,Hover,Temperature,-67.3,OK
2055-10-12T10:00:53Z,R-02,Hover,Atmosphere,97.3,OK
2055-10-12T10:00:55Z,R-02,Hover,Temperature,-9999.0,ERROR
2055-10-12T10:01:00Z,R-01,Tracked,Radiation,253.3,OK
2055-10-12T10:01:03Z,R-05,Tracked,Atmosphere,97.9,OK
2055-10-12T10:01:05Z,R-02,Hover,Radiation,275.1,OK
2055-10-12T10:01:08Z,R-05,Tracked,Atmosphere,93.6,OK
2055-10-12T10:01:12Z,R-01,Tracked,Radiation,270.2,OK
2055-10-12T10:01:16Z,R-02,Hover,Radiation,216.6,OK
2055-10-12T10:01:21Z,R-03,Walker,Temperature,-24.6,OK
2055-10-12T10:01:23Z,R-01,Tracked,Radiation,120.8,OK
2055-10-12T10:01:25Z,R-05,Tracked,Radiation,208.0,OK
2055-10-12T10:01:29Z,R-02,Hover,Radiation,275.6,OK
2055-10-12T10:01:33Z,R-05,Tracked,Temperature,-23.3,OK
2055-10-12T10:01:35Z,R-01,Tracked,Radiation,165.1,OK
2055-10-12T10:01:39Z,R-02,Hover,Temperature,-9999.0,ERROR
2055-10-12T10:01:44Z,R-04,Hover,Radiation,254.1,OK
2055-10-12T10:01:48Z,R-02,Hover,Radiation,212.5,OK
2055-10-12T10:01:50Z,R-01,Tracked,Temperature,5000.0,ERROR
2055-10-12T10:01:54Z,R-03,Walker,Temperature,-24.3,OK
2055-10-12T10:01:55Z,R-01,Tracked,Temperature,-58.2,OK
2055-10-12T10:01:56Z,R-04,Hover,Temperature,-35.1,OK
2055-10-12T10:01:59Z,R-01,Tracked,Radiation,56.3,OK
2055-10-12T10:02:02Z,R-03,Walker,Temperature,-57.0,ERROR
2055-10-12T10:02:06Z,R-03,Walker,Atmosphere,94.5,OK
2055-10-12T10:02:10Z,R-01,Tracked,Radiation,195.7,OK
2055-10-12T10:02:15Z,R-02,Hover,Radiation,214.3,OK
2055-10-12T10:02:18Z,R-04,Hover,Radiation,299.4,OK
2055-10-12T10:02:22Z,R-01,Tracked,Temperature,-41.0,OK
2055-10-12T10:02:26Z,R-05,Tracked,Radiation,175.6,ERROR
2055-10-12T10:02:30Z,R-04,Hover,Radiation,138.9,OK
2055-10-12T10:02:32Z,R-05,Tracked,Radiation,247.7,OK
2055-10-12T10:02:35Z,R-02,Hover,Atmosphere,90.1,OK
2055-10-12T10:02:40Z,R-04,Hover,Atmosphere,98.9,OK
2055-10-12T10:02:43Z,R-02,Hover,Temperature,-66.3,OK
2055-10-12T10:02:44Z,R-04,Hover,Radiation,99999.0,ERROR
2055-10-12T10:02:46Z,R-01,Tracked,Radiation,152.0,OK
2055-10-12T10:02:49Z,R-01,Tracked,Radiation,130.1,OK
2055-10-12T10:02:51Z,R-05,Tracked,Temperature,-23.7,OK
2055-10-12T10:02:56Z,R-04,Hover,Temperature,-59.3,OK
2055-10-12T10:03:00Z,R-03,Walker,Temperature,-33.6,OK
2055-10-12T10:03:01Z,R-01,Tracked,Temperature,-69.7,ERROR
2055-10-12T10:03:02Z,R-03,Walker,Atmosphere,96.3,OK
2055-10-12T10:03:03Z,R-05,Tracked,Radiation,,ERROR
2055-10-12T10:03:06Z,R-04,Hover,Temperature,-66.2,OK
2055-10-12T10:03:10Z,R-04,Hover,Atmosphere,95.3,OK
2055-10-12T10:03:14Z,R-02,Hover,Temperature,-38.6,WARNING
2055-10-12T10:03:18Z,R-02,Hover,Radiation,296.5,OK
2055-10-12T10:03:19Z,R-02,Hover,Temperature,-62.2,OK
2055-10-12T10:03:20Z,R-02,Hover,Radiation,#VALUE!,ERROR
2055-10-12T10:03:21Z,R-03,Walker,Temperature,-67.0,OK
2055-10-12T10:03:26Z,R-01,Tracked,Temperature,-12.7,OK
2055-10-12T10:03:29Z,R-03,Walker,Radiation,205.9,OK
2055-10-12T10:03:30Z,R-05,Tracked,Temperature,-35.5,OK
2055-10-12T10:03:31Z,R-01,Tracked,Radiation,88.8,OK
2055-10-12T10:03:34Z,R-05,Tracked,Temperature,-28.4,OK
2055-10-12T10:03:36Z,R-03,Walker,Atmosphere,92.8,OK
2055-10-12T10:03:39Z,R-05,Tracked,Atmosphere,ERR,ERROR
2055-10-12T10:03:42Z,R-05,Tracked,Radiation,101.0,OK
2055-10-12T10:03:47Z,R-03,Walker,Radiation,151.4,OK
2055-10-12T10:03:50Z,R-05,Tracked,Radiation,212.9,OK
2055-10-12T10:03:51Z,R-04,Hover,Atmosphere,98.1,OK
2055-10-12T10:03:53Z,R-04,Hover,Temperature,5000.0,ERROR
2055-10-12T10:03:57Z,R-04,Hover,Radiation,280.0,OK
2055-10-12T10:04:02Z,R-02,Hover,Temperature,-72.8,WARNING
2055-10-12T10:04:05Z,R-03,Walker,Atmosphere,94.8,OK
2055-10-12T10:04:06Z,R-03,Walker,Atmosphere,NaN,ERROR
2055-10-12T10:04:10Z,R-01,Tracked,Temperature,-66.0,OK
2055-10-12T10:04:14Z,R-02,Hover,Temperature,-56.8,WARNING
2055-10-12T10:04:19Z,R-03,Walker,Atmosphere,91.8,OK
2055-10-12T10:04:24Z,R-03,Walker,Radiation,179.9,OK
2055-10-12T10:04:25Z,R-05,Tracked,Radiation,-100.0,ERROR
2055-10-12T10:04:30Z,R-03,Walker,Temperature,-19.6,OK
2055-10-12T10:04:31Z,R-05,Tracked,Radiation,190.8,OK
2055-10-12T10:04:33Z,R-04,Hover,Temperature,-14.8,OK
2055-10-12T10:04:35Z,R-03,Walker,Radiation,170.1,OK
2055-10-12T10:04:39Z,R-05,Tracked,Atmosphere,98.5,OK
2055-10-12T10:04:42Z,R-01,Tracked,Temperature,-52.3,OK
2055-10-12T10:04:47Z,R-04,Hover,Atmosphere,97.4,OK
2055-10-12T10:04:50Z,R-04,Hover,Radiation,,ERROR
2055-10-12T10:04:52Z,R-04,Hover,Atmosphere,95.8,OK
2055-10-12T10:04:54Z,R-04,Hover,Atmosphere,92.7,ERROR
2055-10-12T10:04:58Z,R-03,Walker,Radiation,129.1,OK
2055-10-12T10:05:00Z,R-04,Hover,Radiation,212.2,OK
2055-10-12T10:05:02Z,R-05,Tracked,Temperature,-76.5,OK
2055-10-12T10:05:07Z,R-05,Tracked,Temperature,-17.3,OK
2055-10-12T10:05:09Z,R-05,Tracked,Temperature,-21.2,OK
2055-10-12T10:05:10Z,R-03,Walker,Radiation,257.7,OK
2055-10-12T10:05:12Z,R-04,Hover,Atmosphere,90.4,OK
2055-10-12T10:05:14Z,R-01,Tracked,Atmosphere,90.6,OK
2055-10-12T10:05:15Z,R-01,Tracked,Radiation,228.9,OK
2055-10-12T10:05:16Z,R-03,Walker,Temperature,-75.8,OK
2055-10-12T10:05:19Z,R-03,Walker,Temperature,-59.4,OK
2055-10-12T10:05:20Z,R-05,Tracked,Atmosphere,91.3,OK
2055-10-12T10:05:25Z,R-01,Tracked,Temperature,-67.4,OK
2055-10-12T10:05:29Z,R-05,Tracked,Radiation,99999.0,ERROR
2055-10-12T10:05:32Z,R-01,Tracked,Radiation,250.8,ERROR
2055-10-12T10:05:35Z,R-02,Hover,Atmosphere,91.3,OK
2055-10-12T10:05:36Z,R-05,Tracked,Atmosphere,95.5,OK
2055-10-12T10:05:37Z,R-01,Tracked,Atmosphere,92.7,OK
2055-10-12T10:05:38Z,R-01,Tracked,Radiation,290.0,OK
2055-10-12T10:05:41Z,R-05,Tracked,Temperature,N/A,ERROR
2055-10-12T10:05:46Z,R-02,Hover,Radiation,297.3,OK
2055-10-12T10:05:51Z,R-02,Hover,Atmosphere,93.3,OK
2055-10-12T10:05:55Z,R-01,Tracked,Radiation,,ERROR
2055-10-12T10:05:56Z,R-01,Tracked,Temperature,-18.2,OK
2055-10-12T10:05:59Z,R-04,Hover,Atmosphere,96.5,OK
2055-10-12T10:06:02Z,R-02,Hover,Temperature,-21.7,OK
2055-10-12T10:06:04Z,R-05,Tracked,Radiation,121.9,OK
2055-10-12T10:06:09Z,R-04,Hover,Atmosphere,92.4,OK
2055-10-12T10:06:10Z,R-03,Walker,Atmosphere,96.3,WARNING
2055-10-12T10:06:11Z,R-05,Tracked,Temperature,,ERROR
2055-10-12T10:06:15Z,R-04,Hover,Radiation,253.2,OK
2055-10-12T10:06:19Z,R-02,Hover,Temperature,-52.3,OK
2055-10-12T10:06:20Z,R-03,Walker,Radiation,228.1,OK
2055-10-12T10:06:23Z,R-03,Walker,Temperature,-52.9,OK
2055-10-12T10:06:27Z,R-03,Walker,Radiation,114.4,OK
2055-10-12T10:06:31Z,R-04,Hover,Radiation,211.2,OK
2055-10-12T10:06:32Z,R-01,Tracked,Radiation,156.5,OK
2055-10-12T10:06:37Z,R-05,Tracked,Radiation,242.6,OK
2055-10-12T10:06:38Z,R-02,Hover,Atmosphere,94.2,OK
2055-10-12T10:06:41Z,R-04,Hover,Radiation,142.3,OK
2055-10-12T10:06:42Z,R-02,Hover,Temperature,-22.2,WARNING
2055-10-12T10:06:47Z,R-05,Tracked,Temperature,-75.3,OK
2055-10-12T10:06:51Z,R-04,Hover,Atmosphere,92.5,OK
2055-10-12T10:06:54Z,R-02,Hover,Atmosphere,94.6,OK
2055-10-12T10:06:59Z,R-05,Tracked,Radiation,217.3,OK
2055-10-12T10:07:02Z,R-02,Hover,Atmosphere,93.3,OK
2055-10-12T10:07:06Z,R-02,Hover,Temperature,-43.6,OK
2055-10-12T10:07:07Z,R-05,Tracked,Temperature,-27.6,OK
2055-10-12T10:07:09Z,R-03,Walker,Radiation,227.6,OK
2055-10-12T10:07:12Z,R-03,Walker,Atmosphere,ERR,ERROR
2055-10-12T10:07:17Z,R-03,Walker,Radiation,107.5,OK
2055-10-12T10:07:21Z,R-01,Tracked,Atmosphere,94.1,OK
2055-10-12T10:07:24Z,R-02,Hover,Temperature,-41.9,OK
2055-10-12T10:07:29Z,R-01,Tracked,Atmosphere,93.2,OK
2055-10-12T10:07:30Z,R-03,Walker,Radiation,270.3,OK
2055-10-12T10:07:33Z,R-05,Tracked,Temperature,-57.8,OK
2055-10-12T10:07:37Z,R-01,Tracked,Temperature,-9999.0,ERROR
2055-10-12T10:07:38Z,R-03,Walker,Atmosphere,97.0,OK
2055-10-12T10:07:40Z,R-03,Walker,Radiation,54.8,OK
2055-10-12T10:07:44Z,R-05,Tracked,Radiation,274.9,OK
2055-10-12T10:07:48Z,R-01,Tracked,Temperature,-70.1,OK
2055-10-12T10:07:52Z,R-04,Hover,Temperature,-74.3,OK
2055-10-12T10:07:57Z,R-01,Tracked,Temperature,-47.2,OK
2055-10-12T10:08:02Z,R-03,Walker,Temperature,-42.1,OK
2055-10-12T10:08:06Z,R-01,Tracked,Radiation,-100.0,ERROR
2055-10-12T10:08:08Z,R-03,Walker,Radiation,195.5,OK
2055-10-12T10:08:11Z,R-01,Tracked,Atmosphere,98.6,OK
2055-10-12T10:08:13Z,R-04,Hover,Atmosphere,90.2,OK
2055-10-12T10:08:18Z,R-05,Tracked,Radiation,68.1,OK
2055-10-12T10:08:23Z,R-05,Tracked,Atmosphere,97.3,OK
2055-10-12T10:08:28Z,R-02,Hover,Temperature,-71.3,OK
2055-10-12T10:08:33Z,R-02,Hover,Radiation,-100.0,ERROR
2055-10-12T10:08:38Z,R-03,Walker,Radiation,266.7,OK
2055-10-12T10:08:42Z,R-03,Walker,Temperature,-55.2,OK
2055-10-12T10:08:47Z,R-04,Hover,Radiation,260.2,OK
2055-10-12T10:08:48Z,R-01,Tracked,Temperature,-20.3,OK
2055-10-12T10:08:53Z,R-05,Tracked,Temperature,-63.6,OK
2055-10-12T10:08:58Z,R-05,Tracked,Radiation,133.4,OK
2055-10-12T10:08:59Z,R-03,Walker,Atmosphere,95.0,OK
2055-10-12T10:09:00Z,R-01,Tracked,Atmosphere,98.4,OK
2055-10-12T10:09:02Z,R-02,Hover,Atmosphere,90.9,OK
2055-10-12T10:09:07Z,R-03,Walker,Atmosphere,95.9,OK
2055-10-12T10:09:10Z,R-02,Hover,Radiation,226.2,OK
2055-10-12T10:09:15Z,R-05,Tracked,Atmosphere,94.5,OK
2055-10-12T10:09:16Z,R-01,Tracked,Temperature,-75.0,OK
2055-10-12T10:09:20Z,R-02,Hover,Radiation,146.1,OK
2055-10-12T10:09:21Z,R-03,Walker,Atmosphere,99.0,OK
2055-10-12T10:09:22Z,R-01,Tracked,Radiation,236.2,OK
2055-10-12T10:09:23Z,R-04,Hover,Temperature,-11.0,OK
2055-10-12T10:09:25Z,R-03,Walker,Atmosphere,97.4,OK
2055-10-12T10:09:27Z,R-02,Hover,Temperature,-11.6,OK
2055-10-12T10:09:30Z,R-02,Hover,Temperature,-37.9,OK
2055-10-12T10:09:34Z,R-05,Tracked,Temperature,-18.1,OK
2055-10-12T10:09:37Z,R-04,Hover,Temperature,-21.8,OK
2055-10-12T10:09:40Z,R-03,Walker,Radiation,262.7,OK
2055-10-12T10:09:42Z,R-03,Walker,Temperature,-33.0,ERROR
2055-10-12T10:09:45Z,R-04,Hover,Atmosphere,94.7,OK
2055-10-12T10:09:49Z,R-02,Hover,Temperature,-72.5,OK
2055-10-12T10:09:54Z,R-01,Tracked,Radiation,99999.0,ERROR
2055-10-12T10:09:59Z,R-03,Walker,Temperature,-79.5,WARNING
2055-10-12T10:10:00Z,R-03,Walker,Atmosphere,90.8,OK
2055-10-12T10:10:01Z,R-05,Tracked,Radiation,128.7,OK
2055-10-12T10:10:04Z,R-02,Hover,Radiation,454.7,WARNING
2055-10-12T10:10:06Z,R-02,Hover,Temperature,-41.5,WARNING
2055-10-12T10:10:07Z,R-01,Tracked,Atmosphere,98.9,ERROR
2055-10-12T10:10:09Z,R-01,Tracked,Atmosphere,95.7,ERROR
2055-10-12T10:10:13Z,R-01,Tracked,Atmosphere,99.1,OK
2055-10-12T10:10:16Z,R-01,Tracked,Temperature,-24.4,OK
2055-10-12T10:10:17Z,R-01,Tracked,Atmosphere,91.7,OK
2055-10-12T10:10:22Z,R-02,Hover,Atmosphere,NaN,ERROR
2055-10-12T10:10:24Z,R-05,Tracked,Radiation,136.2,OK
2055-10-12T10:10:26Z,R-02,Hover,Radiation,278.5,OK
2055-10-12T10:10:30Z,R-02,Hover,Radiation,54.3,OK
2055-10-12T10:10:32Z,R-02,Hover,Radiation,84.2,OK
2055-10-12T10:10:34Z,R-05,Tracked,Radiation,112.1,OK
2055-10-12T10:10:39Z,R-02,Hover,Atmosphere,90.1,OK
2055-10-12T10:10:41Z,R-02,Hover,Radiation,85.3,OK
2055-10-12T10:10:46Z,R-03,Walker,Radiation,-100.0,ERROR
2055-10-12T10:10:47Z,R-03,Walker,Radiation,198.8,OK
2055-10-12T10:10:52Z,R-05,Tracked,Temperature,-17.8,OK
2055-10-12T10:10:53Z,R-03,Walker,Temperature,-78.2,OK
2055-10-12T10:10:54Z,R-01,Tracked,Radiation,280.5,OK
2055-10-12T10:10:57Z,R-01,Tracked,Atmosphere,90.6,OK
2055-10-12T10:10:58Z,R-05,Tracked,Radiation,125.6,OK
2055-10-12T10:11:03Z,R-02,Hover,Temperature,-42.5,OK
2055-10-12T10:11:08Z,R-01,Tracked,Temperature,-11.0,OK
2055-10-12T10:11:09Z,R-01,Tracked,Atmosphere,93.2,OK
2055-10-12T10:11:14Z,R-03,Walker,Radiation,283.2,OK
2055-10-12T10:11:18Z,R-02,Hover,Atmosphere,95.5,OK
2055-10-12T10:11:21Z,R-02,Hover,Temperature,-44.5,OK
2055-10-12T10:11:23Z,R-05,Tracked,Atmosphere,96.5,OK
2055-10-12T10:11:27Z,R-03,Walker,Temperature,-49.9,ERROR
2055-10-12T10:11:32Z,R-04,Hover,Atmosphere,ERR,ERROR
2055-10-12T10:11:37Z,R-01,Tracked,Radiation,59.7,OK
2055-10-12T10:11:40Z,R-05,Tracked,Atmosphere,96.3,OK
2055-10-12T10:11:44Z,R-05,Tracked,Temperature,-22.8,OK
2055-10-12T10:11:47Z,R-04,Hover,Atmosphere,96.4,ERROR
2055-10-12T10:11:51Z,R-03,Walker,Atmosphere,96.4,OK
2055-10-12T10:11:55Z,R-02,Hover,Radiation,NaN,ERROR
2055-10-12T10:12:00Z,R-04,Hover,Radiation,98.4,OK
2055-10-12T10:12:04Z,R-05,Tracked,Radiation,294.4,OK
2055-10-12T10:12:09Z,R-04,Hover,Atmosphere,98.1,ERROR
2055-10-12T10:12:12Z,R-02,Hover,Temperature,-24.4,OK
2055-10-12T10:12:16Z,R-01,Tracked,Atmosphere,96.0,OK
2055-10-12T10:12:21Z,R-04,Hover,Temperature,-78.5,OK
2055-10-12T10:12:24Z,R-03,Walker,Temperature,-55.9,OK
2055-10-12T10:12:29Z,R-03,Walker,Radiation,266.4,OK
2055-10-12T10:12:33Z,R-04,Hover,Atmosphere,93.6,OK
2055-10-12T10:12:34Z,R-01,Tracked,Radiation,276.3,OK
2055-10-12T10:12:37Z,R-05,Tracked,Temperature,-10.3,OK
2055-10-12T10:12:41Z,R-02,Hover,Radiation,148.3,OK
2055-10-12T10:12:46Z,R-03,Walker,Radiation,ERR,ERROR
2055-10-12T10:12:49Z,R-05,Tracked,Temperature,-48.0,OK
2055-10-12T10:12:51Z,R-03,Walker,Radiation,82.7,OK
2055-10-12T10:12:54Z,R-03,Walker,Temperature,5000.0,ERROR
2055-10-12T10:12:58Z,R-04,Hover,Radiation,291.4,OK
2055-10-12T10:13:01Z,R-03,Walker,Atmosphere,91.5,OK
2055-10-12T10:13:04Z,R-01,Tracked,Temperature,-22.8,OK
2055-10-12T10:13:09Z,R-03,Walker,Radiation,206.1,OK
2055-10-12T10:13:11Z,R-05,Tracked,Temperature,-46.8,OK
2055-10-12T10:13:12Z,R-03,Walker,Atmosphere,92.9,OK
2055-10-12T10:13:13Z,R-03,Walker,Atmosphere,99.6,ERROR
2055-10-12T10:13:17Z,R-01,Tracked,Atmosphere,91.9,OK
2055-10-12T10:13:19Z,R-04,Hover,Radiation,177.7,OK
2055-10-12T10:13:21Z,R-02,Hover,Radiation,496.7,WARNING
2055-10-12T10:13:23Z,R-05,Tracked,Temperature,-72.5,OK
2055-10-12T10:13:28Z,R-04,Hover,Atmosphere,97.4,OK
2055-10-12T10:13:32Z,R-02,Hover,Temperature,-48.9,OK
2055-10-12T10:13:33Z,R-05,Tracked,Atmosphere,94.0,ERROR
2055-10-12T10:13:38Z,R-05,Tracked,Temperature,-77.9,OK
2055-10-12T10:13:40Z,R-05,Tracked,Temperature,-50.9,OK
2055-10-12T10:13:43Z,R-03,Walker,Atmosphere,ERR,ERROR
2055-10-12T10:13:44Z,R-02,Hover,Radiation,262.2,OK
2055-10-12T10:13:47Z,R-03,Walker,Temperature,-48.0,WARNING
2055-10-12T10:13:49Z,R-05,Tracked,Atmosphere,,ERROR
2055-10-12T10:13:53Z,R-01,Tracked,Atmosphere,99.9,OK
2055-10-12T10:13:58Z,R-03,Walker,Atmosphere,91.1,OK
2055-10-12T10:14:01Z,R-01,Tracked,Radiation,453.1,WARNING
2055-10-12T10:14:02Z,R-02,Hover,Temperature,-64.4,OK
2055-10-12T10:14:07Z,R-05,Tracked,Temperature,-17.4,OK
2055-10-12T10:14:12Z,R-02,Hover,Radiation,259.2,OK
2055-10-12T10:14:17Z,R-05,Tracked,Temperature,-57.0,OK
2055-10-12T10:14:22Z,R-04,Hover,Radiation,70.1,OK
2055-10-12T10:14:27Z,R-01,Tracked,Atmosphere,92.9,OK
2055-10-12T10:14:32Z,R-04,Hover,Temperature,-24.4,OK
2055-10-12T10:14:36Z,R-05,Tracked,Temperature,-25.8,WARNING
2055-10-12T10:14:39Z,R-01,Tracked,Temperature,-21.5,OK
2055-10-12T10:14:43Z,R-03,Walker,Atmosphere,91.9,OK
2055-10-12T10:14:48Z,R-01,Tracked,Atmosphere,91.2,ERROR
2055-10-12T10:14:50Z,R-01,Tracked,Radiation,185.6,OK
2055-10-12T10:14:54Z,R-05,Tracked,Radiation,470.5,WARNING
2055-10-12T10:14:55Z,R-01,Tracked,Radiation,278.4,OK
2055-10-12T10:14:58Z,R-02,Hover,Temperature,,ERROR
2055-10-12T10:15:00Z,R-04,Hover,Radiation,102.7,OK
2055-10-12T10:15:03Z,R-04,Hover,Atmosphere,92.7,OK
2055-10-12T10:15:08Z,R-05,Tracked,Temperature,-38.9,OK
2055-10-12T10:15:12Z,R-03,Walker,Temperature,-13.0,OK
2055-10-12T10:15:13Z,R-05,Tracked,Radiation,75.8,OK
2055-10-12T10:15:17Z,R-02,Hover,Atmosphere,95.7,OK
2055-10-12T10:15:21Z,R-04,Hover,Temperature,-9999.0,ERROR
2055-10-12T10:15:22Z,R-05,Tracked,Radiation,ERR,ERROR
2055-10-12T10:15:23Z,R-02,Hover,Temperature,5000.0,ERROR
2055-10-12T10:15:26Z,R-04,Hover,Atmosphere,91.4,OK
2055-10-12T10:15:30Z,R-01,Tracked,Radiation,155.5,OK
2055-10-12T10:15:32Z,R-01,Tracked,Temperature,-12.0,OK
2055-10-12T10:15:36Z,R-01,Tracked,Radiation,156.1,OK
2055-10-12T10:15:41Z,R-04,Hover,Atmosphere,97.0,OK
2055-10-12T10:15:42Z,R-02,Hover,Radiation,242.0,OK
2055-10-12T10:15:46Z,R-03,Walker,Temperature,-66.8,OK
2055-10-12T10:15:47Z,R-01,Tracked,Radiation,235.6,OK
2055-10-12T10:15:49Z,R-03,Walker,Temperature,-28.8,OK
2055-10-12T10:15:52Z,R-02,Hover,Atmosphere,97.8,WARNING
2055-10-12T10:15:54Z,R-02,Hover,Temperature,,ERROR
2055-10-12T10:15:59Z,R-04,Hover,Atmosphere,97.7,OK
2055-10-12T10:16:00Z,R-05,Tracked,Atmosphere,99.6,OK
2055-10-12T10:16:04Z,R-03,Walker,Radiation,,ERROR
2055-10-12T10:16:07Z,R-02,Hover,Radiation,256.6,OK
2055-10-12T10:16:10Z,R-02,Hover,Temperature,-9999.0,ERROR
2055-10-12T10:16:15Z,R-03,Walker,Atmosphere,91.6,OK
2055-10-12T10:16:16Z,R-05,Tracked,Atmosphere,98.8,OK
2055-10-12T10:16:20Z,R-01,Tracked,Temperature,-12.0,OK
2055-10-12T10:16:21Z,R-03,Walker,Atmosphere,91.6,ERROR
2055-10-12T10:16:24Z,R-02,Hover,Atmosphere,91.8,OK
2055-10-12T10:16:25Z,R-03,Walker,Radiation,63.6,OK
2055-10-12T10:16:30Z,R-04,Hover,Atmosphere,93.4,OK
2055-10-12T10:16:34Z,R-04,Hover,Atmosphere,97.3,OK
2055-10-12T10:16:39Z,R-03,Walker,Atmosphere,99.1,OK
2055-10-12T10:16:40Z,R-03,Walker,Temperature,-66.1,OK
2055-10-12T10:16:42Z,R-04,Hover,Temperature,-16.2,OK
2055-10-12T10:16:43Z,R-05,Tracked,Temperature,-61.0,ERROR
2055-10-12T10:16:44Z,R-02,Hover,Atmosphere,92.9,OK
2055-10-12T10:16:49Z,R-03,Walker,Radiation,161.6,OK
2055-10-12T10:16:53Z,R-04,Hover,Radiation,96.0,OK
2055-10-12T10:16:55Z,R-01,Tracked,Atmosphere,91.0,OK
2055-10-12T10:17:00Z,R-05,Tracked,Atmosphere,96.2,OK
2055-10-12T10:17:03Z,R-05,Tracked,Atmosphere,#VALUE!,ERROR
2055-10-12T10:17:06Z,R-04,Hover,Radiation,118.0,OK
2055-10-12T10:17:11Z,R-04,Hover,Radiation,106.1,OK
2055-10-12T10:17:12Z,R-04,Hover,Atmosphere,91.4,OK
2055-10-12T10:17:13Z,R-03,Walker,Atmosphere,96.5,OK
2055-10-12T10:17:18Z,R-02,Hover,Radiation,149.7,OK
2055-10-12T10:17:19Z,R-02,Hover,Temperature,-20.5,OK
2055-10-12T10:17:20Z,R-03,Walker,Radiation,192.7,OK
2055-10-12T10:17:25Z,R-03,Walker,Temperature,NULL,ERROR
2055-10-12T10:17:26Z,R-02,Hover,Radiation,67.1,OK
2055-10-12T10:17:28Z,R-04,Hover,Temperature,-37.3,OK
2055-10-12T10:17:30Z,R-02,Hover,Temperature,-38.1,OK
2055-10-12T10:17:35Z,R-02,Hover,Radiation,,ERROR
2055-10-12T10:17:38Z,R-04,Hover,Atmosphere,99.9,OK
2055-10-12T10:17:43Z,R-02,Hover,Atmosphere,NULL,ERROR
2055-10-12T10:17:46Z,R-01,Tracked,Temperature,-47.1,OK
2055-10-12T10:17:48Z,R-03,Walker,Temperature,NULL,ERROR
2055-10-12T10:17:50Z,R-01,Tracked,Atmosphere,99.4,OK
2055-10-12T10:17:53Z,R-05,Tracked,Radiation,113.6,OK
2055-10-12T10:17:55Z,R-05,Tracked,Temperature,NaN,ERROR
2055-10-12T10:17:56Z,R-05,Tracked,Atmosphere,91.5,OK
2055-10-12T10:18:01Z,R-02,Hover,Radiation,281.5,OK
2055-10-12T10:18:06Z,R-04,Hover,Temperature,-41.7,ERROR
2055-10-12T10:18:11Z,R-05,Tracked,Atmosphere,95.3,OK
2055-10-12T10:18:13Z,R-03,Walker,Atmosphere,99.6,OK
2055-10-12T10:18:14Z,R-02,Hover,Temperature,-39.9,OK
2055-10-12T10:18:15Z,R-01,Tracked,Temperature,ERR,ERROR
2055-10-12T10:18:17Z,R-03,Walker,Radiation,262.3,OK
2055-10-12T10:18:20Z,R-04,Hover,Temperature,-12.8,OK
2055-10-12T10:18:23Z,R-05,Tracked,Atmosphere,92.2,OK
2055-10-12T10:18:27Z,R-02,Hover,Radiation,169.6,OK
2055-10-12T10:18:31Z,R-01,Tracked,Temperature,-50.3,OK
2055-10-12T10:18:35Z,R-01,Tracked,Temperature,-9999.0,ERROR
2055-10-12T10:18:38Z,R-03,Walker,Temperature,-42.3,OK
2055-10-12T10:18:41Z,R-01,Tracked,Atmosphere,97.1,OK
2055-10-12T10:18:44Z,R-05,Tracked,Temperature,-9999.0,ERROR
2055-10-12T10:18:47Z,R-04,Hover,Temperature,,ERROR
2055-10-12T10:18:50Z,R-01,Tracked,Temperature,-23.1,OK
2055-10-12T10:18:55Z,R-04,Hover,Atmosphere,100.0,OK
2055-10-12T10:19:00Z,R-04,Hover,Temperature,-24.9,OK
2055-10-12T10:19:03Z,R-04,Hover,Radiation,107.3,OK
2055-10-12T10:19:08Z,R-03,Walker,Radiation,115.0,OK
2055-10-12T10:19:13Z,R-01,Tracked,Temperature,-30.7,OK
2055-10-12T10:19:16Z,R-03,Walker,Atmosphere,96.2,OK
2055-10-12T10:19:21Z,R-05,Tracked,Radiation,70.0,OK
2055-10-12T10:19:26Z,R-05,Tracked,Atmosphere,92.3,OK
2055-10-12T10:19:29Z,R-01,Tracked,Radiation,199.5,OK
2055-10-12T10:19:32Z,R-04,Hover,Radiation,-100.0,ERROR
2055-10-12T10:19:37Z,R-05,Tracked,Temperature,-52.7,OK
2055-10-12T10:19:40Z,R-03,Walker,Temperature,-74.5,OK
2055-10-12T10:19:44Z,R-05,Tracked,Atmosphere,93.0,OK
2055-10-12T10:19:46Z,R-01,Tracked,Radiation,133.8,OK
2055-10-12T10:19:51Z,R-03,Walker,Radiation,96.2,OK
2055-10-12T10:19:54Z,R-03,Walker,Atmosphere,96.2,OK
2055-10-12T10:19:58Z,R-02,Hover,Temperature,-9999.0,ERROR
2055-10-12T10:20:01Z,R-05,Tracked,Radiation,141.6,OK
2055-10-12T10:20:05Z,R-03,Walker,Atmosphere,,ERROR
2055-10-12T10:20:06Z,R-05,Tracked,Atmosphere,90.1,OK
2055-10-12T10:20:08Z,R-02,Hover,Radiation,-100.0,ERROR
2055-10-12T10:20:12Z,R-05,Tracked,Radiation,148.3,OK
2055-10-12T10:20:17Z,R-01,Tracked,Atmosphere,90.4,OK
2055-10-12T10:20:21Z,R-05,Tracked,Radiation,285.5,OK
2055-10-12T10:20:24Z,R-05,Tracked,Atmosphere,90.7,OK
2055-10-12T10:20:28Z,R-02,Hover,Temperature,-58.6,OK
2055-10-12T10:20:33Z,R-01,Tracked,Atmosphere,NaN,ERROR
2055-10-12T10:20:38Z,R-01,Tracked,Temperature,-18.1,OK
2055-10-12T10:20:40Z,R-03,Walker,Radiation,-100.0,ERROR
2055-10-12T10:20:43Z,R-01,Tracked,Temperature,-9999.0,ERROR
2055-10-12T10:20:46Z,R-05,Tracked,Atmosphere,93.8,OK
2055-10-12T10:20:50Z,R-05,Tracked,Temperature,-34.1,OK
2055-10-12T10:20:54Z,R-05,Tracked,Temperature,-61.3,OK
2055-10-12T10:20:55Z,R-05,Tracked,Temperature,-36.1,OK
2055-10-12T10:20:58Z,R-02,Hover,Atmosphere,93.4,OK
2055-10-12T10:20:59Z,R-01,Tracked,Temperature,-12.6,OK
2055-10-12T10:21:02Z,R-05,Tracked,Radiation,139.7,OK
2055-10-12T10:21:04Z,R-05,Tracked,Radiation,271.5,OK
2055-10-12T10:21:05Z,R-04,Hover,Temperature,-60.5,OK
2055-10-12T10:21:10Z,R-02,Hover,Atmosphere,91.6,OK
2055-10-12T10:21:15Z,R-04,Hover,Temperature,-42.9,OK
2055-10-12T10:21:18Z,R-01,Tracked,Temperature,-38.9,OK
2055-10-12T10:21:23Z,R-05,Tracked,Temperature,-79.3,OK
2055-10-12T10:21:28Z,R-03,Walker,Radiation,177.4,OK
2055-10-12T10:21:32Z,R-05,Tracked,Atmosphere,,ERROR
2055-10-12T10:21:36Z,R-03,Walker,Atmosphere,91.9,OK
2055-10-12T10:21:37Z,R-03,Walker,Atmosphere,95.9,OK
2055-10-12T10:21:42Z,R-01,Tracked,Temperature,-15.4,OK
2055-10-12T10:21:47Z,R-03,Walker,Radiation,128.2,OK
2055-10-12T10:21:52Z,R-05,Tracked,Atmosphere,95.0,OK
2055-10-12T10:21:53Z,R-01,Tracked,Radiation,212.5,OK
2055-10-12T10:21:57Z,R-01,Tracked,Radiation,NaN,ERROR
2055-10-12T10:21:59Z,R-05,Tracked,Temperature,-59.0,OK
2055-10-12T10:22:00Z,R-01,Tracked,Atmosphere,99.5,OK
2055-10-12T10:22:01Z,R-01,Tracked,Atmosphere,99.0,OK
2055-10-12T10:22:06Z,R-01,Tracked,Radiation,154.0,OK
2055-10-12T10:22:09Z,R-04,Hover,Radiation,257.2,OK
2055-10-12T10:22:12Z,R-04,Hover,Radiation,137.6,OK
2055-10-12T10:22:17Z,R-03,Walker,Atmosphere,,ERROR
2055-10-12T10:22:22Z,R-01,Tracked,Radiation,201.9,OK
2055-10-12T10:22:27Z,R-02,Hover,Temperature,-9999.0,ERROR
2055-10-12T10:22:28Z,R-03,Walker,Atmosphere,96.8,WARNING
2055-10-12T10:22:33Z,R-04,Hover,Radiation,175.3,OK
2055-10-12T10:22:34Z,R-04,Hover,Radiation,180.2,OK
2055-10-12T10:22:39Z,R-05,Tracked,Radiation,100.2,OK
2055-10-12T10:22:41Z,R-02,Hover,Atmosphere,90.8,OK
2055-10-12T10:22:42Z,R-01,Tracked,Atmosphere,91.3,OK
2055-10-12T10:22:44Z,R-04,Hover,Atmosphere,98.5,OK
2055-10-12T10:22:48Z,R-04,Hover,Temperature,-18.8,OK
2055-10-12T10:22:51Z,R-03,Walker,Atmosphere,96.7,OK
2055-10-12T10:22:54Z,R-02,Hover,Atmosphere,99.2,OK
2055-10-12T10:22:57Z,R-05,Tracked,Radiation,53.1,OK
2055-10-12T10:23:01Z,R-02,Hover,Radiation,68.5,OK
2055-10-12T10:23:05Z,R-04,Hover,Atmosphere,90.5,OK
2055-10-12T10:23:06Z,R-03,Walker,Atmosphere,98.7,OK
2055-10-12T10:23:10Z,R-03,Walker,Radiation,136.1,OK
2055-10-12T10:23:12Z,R-01,Tracked,Radiation,172.5,OK
2055-10-12T10:23:13Z,R-02,Hover,Temperature,-16.7,OK
2055-10-12T10:23:15Z,R-04,Hover,Atmosphere,99.0,OK
2055-10-12T10:23:20Z,R-03,Walker,Atmosphere,94.8,OK
2055-10-12T10:23:25Z,R-01,Tracked,Atmosphere,99.1,OK
2055-10-12T10:23:29Z,R-05,Tracked,Radiation,156.9,OK
2055-10-12T10:23:32Z,R-05,Tracked,Radiation,74.2,OK
2055-10-12T10:23:33Z,R-02,Hover,Temperature,-18.6,OK
2055-10-12T10:23:37Z,R-02,Hover,Radiation,208.4,OK
2055-10-12T10:23:38Z,R-01,Tracked,Radiation,291.9,OK
2055-10-12T10:23:43Z,R-03,Walker,Temperature,-50.8,OK
2055-10-12T10:23:45Z,R-02,Hover,Radiation,56.4,OK
2055-10-12T10:23:48Z,R-01,Tracked,Atmosphere,92.1,OK
2055-10-12T10:23:51Z,R-04,Hover,Radiation,240.9,OK
2055-10-12T10:23:52Z,R-03,Walker,Temperature,-41.7,OK
2055-10-12T10:23:56Z,R-01,Tracked,Atmosphere,92.9,OK
2055-10-12T10:24:00Z,R-03,Walker,Atmosphere,94.9,OK
2055-10-12T10:24:03Z,R-04,Hover,Temperature,-72.7,OK
2055-10-12T10:24:04Z,R-05,Tracked,Temperature,-79.0,OK
2055-10-12T10:24:05Z,R-03,Walker,Radiation,98.6,OK
2055-10-12T10:24:09Z,R-04,Hover,Radiation,295.6,OK
2055-10-12T10:24:10Z,R-02,Hover,Atmosphere,96.3,OK
2055-10-12T10:24:15Z,R-01,Tracked,Temperature,-35.1,OK
2055-10-12T10:24:17Z,R-01,Tracked,Radiation,,ERROR
2055-10-12T10:24:19Z,R-01,Tracked,Radiation,260.6,OK
2055-10-12T10:24:20Z,R-02,Hover,Temperature,-10.1,OK
2055-10-12T10:24:21Z,R-04,Hover,Radiation,85.1,OK
2055-10-12T10:24:23Z,R-03,Walker,Atmosphere,98.2,OK
2055-10-12T10:24:25Z,R-05,Tracked,Temperature,-28.0,OK
2055-10-12T10:24:28Z,R-04,Hover,Temperature,-18.9,OK
2055-10-12T10:24:33Z,R-01,Tracked,Radiation,264.7,OK
2055-10-12T10:24:38Z,R-03,Walker,Atmosphere,98.9,OK
2055-10-12T10:24:41Z,R-03,Walker,Atmosphere,90.3,ERROR
2055-10-12T10:24:44Z,R-02,Hover,Temperature,-71.5,OK
2055-10-12T10:24:47Z,R-05,Tracked,Atmosphere,91.6,OK
2055-10-12T10:24:52Z,R-02,Hover,Radiation,257.1,OK
2055-10-12T10:24:57Z,R-01,Tracked,Radiation,297.8,OK
2055-10-12T10:24:59Z,R-03,Walker,Atmosphere,98.2,ERROR
2055-10-12T10:25:04Z,R-03,Walker,Atmosphere,92.0,ERROR
2055-10-12T10:25:09Z,R-04,Hover,Atmosphere,98.6,OK
2055-10-12T10:25:14Z,R-04,Hover,Atmosphere,99.4,OK
2055-10-12T10:25:15Z,R-04,Hover,Temperature,-34.8,OK
2055-10-12T10:25:17Z,R-05,Tracked,Temperature,-54.9,OK
2055-10-12T10:25:20Z,R-03,Walker,Temperature,-37.5,OK
2055-10-12T10:25:21Z,R-02,Hover,Temperature,-33.0,OK
2055-10-12T10:25:23Z,R-02,Hover,Temperature,-74.5,OK
2055-10-12T10:25:25Z,R-05,Tracked,Radiation,152.3,OK
2055-10-12T10:25:30Z,R-01,Tracked,Atmosphere,97.3,OK
2055-10-12T10:25:33Z,R-03,Walker,Atmosphere,91.8,OK
2055-10-12T10:25:34Z,R-05,Tracked,Radiation,147.4,OK
2055-10-12T10:25:39Z,R-03,Walker,Atmosphere,94.0,OK
2055-10-12T10:25:41Z,R-05,Tracked,Temperature,-66.2,OK
2055-10-12T10:25:43Z,R-02,Hover,Atmosphere,93.7,OK
2055-10-12T10:25:44Z,R-01,Tracked,Temperature,-65.3,OK
2055-10-12T10:25:45Z,R-03,Walker,Radiation,196.4,OK
2055-10-12T10:25:48Z,R-04,Hover,Radiation,-100.0,ERROR
2055-10-12T10:25:49Z,R-05,Tracked,Radiation,271.1,OK
2055-10-12T10:25:53Z,R-01,Tracked,Radiation,249.9,OK
2055-10-12T10:25:56Z,R-04,Hover,Temperature,-32.7,OK
2055-10-12T10:25:57Z,R-01,Tracked,Atmosphere,91.8,OK
2055-10-12T10:26:00Z,R-01,Tracked,Radiation,477.7,WARNING
2055-10-12T10:26:01Z,R-03,Walker,Temperature,-67.7,OK
2055-10-12T10:26:02Z,R-02,Hover,Atmosphere,98.5,ERROR
2055-10-12T10:26:05Z,R-03,Walker,Temperature,-48.2,WARNING
2055-10-12T10:26:10Z,R-04,Hover,Radiation,461.6,WARNING
2055-10-12T10:26:15Z,R-02,Hover,Radiation,498.1,WARNING
2055-10-12T10:26:19Z,R-04,Hover,Atmosphere,93.4,OK
2055-10-12T10:26:20Z,R-03,Walker,Temperature,-61.3,OK
2055-10-12T10:26:21Z,R-03,Walker,Atmosphere,98.8,OK
2055-10-12T10:26:22Z,R-01,Tracked,Atmosphere,93.0,OK
2055-10-12T10:26:24Z,R-01,Tracked,Radiation,276.5,OK
2055-10-12T10:26:26Z,R-04,Hover,Temperature,-36.4,OK
2055-10-12T10:26:28Z,R-03,Walker,Atmosphere,99.5,OK
2055-10-12T10:26:30Z,R-05,Tracked,Radiation,68.9,OK
2055-10-12T10:26:34Z,R-05,Tracked,Temperature,-69.0,OK
2055-10-12T10:26:38Z,R-02,Hover,Atmosphere,98.5,ERROR
2055-10-12T10:26:42Z,R-05,Tracked,Atmosphere,98.3,OK
2055-10-12T10:26:46Z,R-04,Hover,Atmosphere,95.5,OK
2055-10-12T10:26:49Z,R-04,Hover,Radiation,98.1,OK
2055-10-12T10:26:50Z,R-04,Hover,Atmosphere,95.0,OK
2055-10-12T10:26:52Z,R-04,Hover,Temperature,-29.0,OK
2055-10-12T10:26:55Z,R-02,Hover,Temperature,-22.4,OK
2055-10-12T10:26:58Z,R-02,Hover,Atmosphere,90.7,OK
2055-10-12T10:27:01Z,R-01,Tracked,Radiation,274.5,OK
2055-10-12T10:27:04Z,R-05,Tracked,Temperature,-62.6,OK
2055-10-12T10:27:08Z,R-01,Tracked,Radiation,488.7,WARNING
2055-10-12T10:27:09Z,R-05,Tracked,Radiation,110.1,OK
2055-10-12T10:27:14Z,R-01,Tracked,Temperature,5000.0,ERROR
2055-10-12T10:27:17Z,R-02,Hover,Atmosphere,94.2,OK
2055-10-12T10:27:20Z,R-05,Tracked,Atmosphere,98.8,OK
2055-10-12T10:27:21Z,R-02,Hover,Radiation,456.1,WARNING
2055-10-12T10:27:23Z,R-05,Tracked,Atmosphere,90.3,OK
2055-10-12T10:27:24Z,R-02,Hover,Temperature,-25.3,OK
2055-10-12T10:27:27Z,R-03,Walker,Radiation,259.2,OK
2055-10-12T10:27:32Z,R-02,Hover,Temperature,5000.0,ERROR
2055-10-12T10:27:36Z,R-05,Tracked,Atmosphere,90.5,OK
2055-10-12T10:27:40Z,R-05,Tracked,Atmosphere,97.3,OK
2055-10-12T10:27:42Z,R-02,Hover,Radiation,108.2,OK
2055-10-12T10:27:47Z,R-05,Tracked,Radiation,103.8,ERROR
2055-10-12T10:27:49Z,R-05,Tracked,Radiation,229.4,OK
2055-10-12T10:27:50Z,R-03,Walker,Temperature,-55.0,OK
2055-10-12T10:27:52Z,R-02,Hover,Radiation,NULL,ERROR
2055-10-12T10:27:55Z,R-01,Tracked,Radiation,99999.0,ERROR
2055-10-12T10:27:57Z,R-03,Walker,Temperature,-35.0,OK
2055-10-12T10:28:01Z,R-02,Hover,Atmosphere,96.1,OK
2055-10-12T10:28:03Z,R-01,Tracked,Radiation,99999.0,ERROR
2055-10-12T10:28:04Z,R-05,Tracked,Radiation,102.6,OK
2055-10-12T10:28:07Z,R-05,Tracked,Atmosphere,97.8,OK
2055-10-12T10:28:10Z,R-03,Walker,Radiation,52.2,OK
2055-10-12T10:28:11Z,R-01,Tracked,Atmosphere,97.9,OK
2055-10-12T10:28:16Z,R-02,Hover,Atmosphere,99.5,OK
2055-10-12T10:28:21Z,R-02,Hover,Radiation,255.2,OK
2055-10-12T10:28:23Z,R-02,Hover,Radiation,114.3,OK
2055-10-12T10:28:26Z,R-05,Tracked,Temperature,-25.3,OK
2055-10-12T10:28:30Z,R-01,Tracked,Radiation,149.3,OK
2055-10-12T10:28:33Z,R-02,Hover,Radiation,281.4,OK
2055-10-12T10:28:37Z,R-03,Walker,Atmosphere,99.9,OK
2055-10-12T10:28:42Z,R-01,Tracked,Atmosphere,90.0,OK
2055-10-12T10:28:43Z,R-01,Tracked,Temperature,5000.0,ERROR
2055-10-12T10:28:46Z,R-01,Tracked,Radiation,265.6,OK
2055-10-12T10:28:47Z,R-03,Walker,Radiation,152.4,OK
2055-10-12T10:28:52Z,R-05,Tracked,Atmosphere,97.4,OK
2055-10-12T10:28:56Z,R-04,Hover,Radiation,295.7,OK
2055-10-12T10:28:58Z,R-01,Tracked,Radiation,265.1,OK
2055-10-12T10:29:01Z,R-01,Tracked,Atmosphere,95.1,OK
2055-10-12T10:29:05Z,R-05,Tracked,Temperature,-58.0,OK
2055-10-12T10:29:07Z,R-02,Hover,Radiation,275.4,OK
2055-10-12T10:29:11Z,R-01,Tracked,Temperature,-52.4,OK
2055-10-12T10:29:14Z,R-03,Walker,Temperature,-70.0,OK
2055-10-12T10:29:19Z,R-02,Hover,Temperature,-22.6,OK
2055-10-12T10:29:21Z,R-02,Hover,Atmosphere,98.0,OK
2055-10-12T10:29:23Z,R-04,Hover,Temperature,-71.2,OK
2055-10-12T10:29:26Z,R-01,Tracked,Temperature,-43.7,OK
2055-10-12T10:29:27Z,R-05,Tracked,Radiation,413.6,WARNING
2055-10-12T10:29:29Z,R-03,Walker,Temperature,-55.5,OK
2055-10-12T10:29:34Z,R-01,Tracked,Radiation,216.9,OK
2055-10-12T10:29:38Z,R-01,Tracked,Radiation,,ERROR
2055-10-12T10:29:41Z,R-03,Walker,Temperature,-22.3,OK
2055-10-12T10:29:46Z,R-01,Tracked,Temperature,-55.2,ERROR
2055-10-12T10:29:49Z,R-01,Tracked,Temperature,-75.7,OK
2055-10-12T10:29:53Z,R-05,Tracked,Temperature,-25.3,OK
2055-10-12T10:29:56Z,R-04,Hover,Temperature,-59.7,ERROR
2055-10-12T10:30:00Z,R-01,Tracked,Radiation,277.1,OK
2055-10-12T10:30:01Z,R-01,Tracked,Radiation,267.5,OK
2055-10-12T10:30:06Z,R-04,Hover,Temperature,-72.8,ERROR
2055-10-12T10:30:10Z,R-04,Hover,Temperature,-67.0,OK
2055-10-12T10:30:15Z,R-04,Hover,Radiation,86.2,OK
2055-10-12T10:30:20Z,R-05,Tracked,Radiation,231.9,OK
2055-10-12T10:30:25Z,R-04,Hover,Radiation,257.2,OK
2055-10-12T10:30:27Z,R-01,Tracked,Radiation,58.5,OK
2055-10-12T10:30:30Z,R-05,Tracked,Radiation,175.3,OK
2055-10-12T10:30:34Z,R-02,Hover,Radiation,267.3,OK
2055-10-12T10:30:37Z,R-01,Tracked,Temperature,-22.0,OK
2055-10-12T10:30:40Z,R-03,Walker,Atmosphere,91.9,OK
2055-10-12T10:30:41Z,R-02,Hover,Temperature,-56.8,OK
2055-10-12T10:30:44Z,R-03,Walker,Atmosphere,93.4,OK
2055-10-12T10:30:45Z,R-03,Walker,Atmosphere,90.7,OK
2055-10-12T10:30:47Z,R-04,Hover,Atmosphere,98.6,OK
2055-10-12T10:30:48Z,R-03,Walker,Atmosphere,98.6,OK
2055-10-12T10:30:51Z,R-04,Hover,Atmosphere,97.9,OK
2055-10-12T10:30:56Z,R-03,Walker,Radiation,124.2,OK
2055-10-12T10:31:01Z,R-02,Hover,Temperature,-32.6,OK
2055-10-12T10:31:06Z,R-01,Tracked,Temperature,-48.4,OK
2055-10-12T10:31:08Z,R-03,Walker,Radiation,178.3,OK
2055-10-12T10:31:13Z,R-02,Hover,Temperature,-34.1,OK
2055-10-12T10:31:18Z,R-01,Tracked,Temperature,-54.8,OK
2055-10-12T10:31:21Z,R-03,Walker,Radiation,196.1,OK
2055-10-12T10:31:22Z,R-04,Hover,Atmosphere,97.8,OK
2055-10-12T10:31:27Z,R-04,Hover,Temperature,-55.5,WARNING
2055-10-12T10:31:32Z,R-02,Hover,Radiation,151.8,OK
2055-10-12T10:31:37Z,R-01,Tracked,Radiation,421.5,WARNING
2055-10-12T10:31:42Z,R-03,Walker,Atmosphere,99.3,OK
2055-10-12T10:31:47Z,R-05,Tracked,Temperature,-79.3,OK
2055-10-12T10:31:50Z,R-03,Walker,Atmosphere,98.2,OK
2055-10-12T10:31:53Z,R-04,Hover,Radiation,69.7,OK
2055-10-12T10:31:57Z,R-01,Tracked,Radiation,178.7,OK
2055-10-12T10:31:59Z,R-04,Hover,Temperature,-52.1,OK
2055-10-12T10:32:04Z,R-04,Hover,Radiation,56.7,OK
2055-10-12T10:32:06Z,R-04,Hover,Temperature,,ERROR
2055-10-12T10:32:07Z,R-03,Walker,Radiation,269.4,OK
2055-10-12T10:32:09Z,R-01,Tracked,Atmosphere,94.0,OK
2055-10-12T10:32:13Z,R-05,Tracked,Atmosphere,91.2,WARNING
2055-10-12T10:32:15Z,R-05,Tracked,Radiation,230.9,OK
2055-10-12T10:32:19Z,R-04,Hover,Radiation,247.0,OK
2055-10-12T10:32:22Z,R-02,Hover,Atmosphere,97.8,OK
2055-10-12T10:32:23Z,R-03,Walker,Temperature,-56.5,OK
2055-10-12T10:32:27Z,R-02,Hover,Radiation,#VALUE!,ERROR
2055-10-12T10:32:31Z,R-02,Hover,Atmosphere,96.5,OK
2055-10-12T10:32:33Z,R-02,Hover,Temperature,-23.0,OK
2055-10-12T10:32:37Z,R-05,Tracked,Temperature,NULL,ERROR
2055-10-12T10:32:41Z,R-05,Tracked,Atmosphere,94.6,OK
2055-10-12T10:32:42Z,R-04,Hover,Radiation,207.2,OK
2055-10-12T10:32:44Z,R-02,Hover,Atmosphere,,ERROR
2055-10-12T10:32:47Z,R-01,Tracked,Atmosphere,92.7,OK
2055-10-12T10:32:48Z,R-02,Hover,Radiation,,ERROR
2055-10-12T10:32:51Z,R-02,Hover,Radiation,72.8,OK
2055-10-12T10:32:54Z,R-02,Hover,Temperature,-49.8,OK
2055-10-12T10:32:57Z,R-01,Tracked,Temperature,-28.2,OK
2055-10-12T10:33:00Z,R-02,Hover,Temperature,-74.2,OK
2055-10-12T10:33:03Z,R-04,Hover,Temperature,-76.8,ERROR
2055-10-12T10:33:07Z,R-04,Hover,Radiation,186.4,OK
2055-10-12T10:33:09Z,R-04,Hover,Atmosphere,91.7,OK
2055-10-12T10:33:13Z,R-01,Tracked,Radiation,490.1,WARNING
2055-10-12T10:33:14Z,R-05,Tracked,Atmosphere,98.5,OK
2055-10-12T10:33:18Z,R-02,Hover,Atmosphere,97.9,OK
2055-10-12T10:33:20Z,R-03,Walker,Radiation,77.2,OK
2055-10-12T10:33:24Z,R-04,Hover,Radiation,260.9,OK
2055-10-12T10:33:26Z,R-04,Hover,Temperature,5000.0,ERROR
2055-10-12T10:33:27Z,R-03,Walker,Radiation,135.8,OK
2055-10-12T10:33:32Z,R-05,Tracked,Atmosphere,90.1,OK
2055-10-12T10:33:34Z,R-03,Walker,Temperature,-29.9,OK
2055-10-12T10:33:38Z,R-03,Walker,Radiation,197.7,OK
2055-10-12T10:33:39Z,R-05,Tracked,Temperature,-46.9,OK
2055-10-12T10:33:42Z,R-04,Hover,Radiation,267.5,OK
2055-10-12T10:33:44Z,R-05,Tracked,Radiation,274.4,OK
2055-10-12T10:33:47Z,R-03,Walker,Atmosphere,96.0,OK
2055-10-12T10:33:48Z,R-04,Hover,Radiation,252.5,OK
2055-10-12T10:33:50Z,R-02,Hover,Radiation,52.6,OK
2055-10-12T10:33:55Z,R-05,Tracked,Radiation,99999.0,ERROR
2055-10-12T10:33:58Z,R-03,Walker,Radiation,177.4,OK
2055-10-12T10:33:59Z,R-04,Hover,Temperature,-31.0,OK
2055-10-12T10:34:01Z,R-02,Hover,Atmosphere,93.5,OK
2055-10-12T10:34:02Z,R-04,Hover,Atmosphere,99.3,OK
2055-10-12T10:34:06Z,R-02,Hover,Atmosphere,96.4,ERROR
2055-10-12T10:34:08Z,R-02,Hover,Radiation,230.8,OK
2055-10-12T10:34:13Z,R-03,Walker,Radiation,275.1,OK
2055-10-12T10:34:17Z,R-02,Hover,Temperature,-28.3,OK
2055-10-12T10:34:21Z,R-03,Walker,Temperature,-12.2,OK
2055-10-12T10:34:23Z,R-04,Hover,Atmosphere,99.5,OK
2055-10-12T10:34:26Z,R-03,Walker,Temperature,-65.3,OK
2055-10-12T10:34:29Z,R-05,Tracked,Radiation,180.1,OK
2055-10-12T10:34:31Z,R-03,Walker,Atmosphere,92.3,OK
2055-10-12T10:34:32Z,R-02,Hover,Temperature,-27.8,ERROR
2055-10-12T10:34:35Z,R-04,Hover,Radiation,162.4,OK
2055-10-12T10:34:39Z,R-04,Hover,Atmosphere,91.1,OK
2055-10-12T10:34:41Z,R-05,Tracked,Radiation,232.4,OK
2055-10-12T10:34:46Z,R-05,Tracked,Temperature,-51.6,OK
2055-10-12T10:34:51Z,R-03,Walker,Radiation,221.7,OK
2055-10-12T10:34:56Z,R-02,Hover,Atmosphere,91.2,OK
2055-10-12T10:35:00Z,R-05,Tracked,Temperature,-54.9,OK
2055-10-12T10:35:05Z,R-03,Walker,Temperature,-42.5,OK
2055-10-12T10:35:06Z,R-04,Hover,Atmosphere,97.8,OK
2055-10-12T10:35:11Z,R-01,Tracked,Temperature,-69.9,ERROR
2055-10-12T10:35:13Z,R-05,Tracked,Radiation,110.5,OK
2055-10-12T10:35:18Z,R-04,Hover,Atmosphere,98.2,OK
2055-10-12T10:35:21Z,R-03,Walker,Radiation,56.1,OK
2055-10-12T10:35:23Z,R-02,Hover,Radiation,75.4,OK
2055-10-12T10:35:27Z,R-02,Hover,Temperature,-67.7,ERROR
2055-10-12T10:35:30Z,R-03,Walker,Radiation,283.1,OK
2055-10-12T10:35:34Z,R-04,Hover,Atmosphere,90.3,ERROR
2055-10-12T10:35:36Z,R-02,Hover,Radiation,164.4,OK
2055-10-12T10:35:41Z,R-04,Hover,Radiation,73.1,OK
2055-10-12T10:35:45Z,R-01,Tracked,Temperature,-58.1,OK
2055-10-12T10:35:49Z,R-02,Hover,Atmosphere,94.3,OK
2055-10-12T10:35:54Z,R-05,Tracked,Atmosphere,NaN,ERROR
2055-10-12T10:35:55Z,R-05,Tracked,Atmosphere,90.8,OK
2055-10-12T10:36:00Z,R-05,Tracked,Radiation,91.2,OK
2055-10-12T10:36:03Z,R-01,Tracked,Radiation,58.2,OK
2055-10-12T10:36:04Z,R-02,Hover,Atmosphere,94.4,OK
2055-10-12T10:36:08Z,R-04,Hover,Temperature,-38.3,OK
2055-10-12T10:36:11Z,R-03,Walker,Atmosphere,98.6,OK
2055-10-12T10:36:12Z,R-04,Hover,Atmosphere,91.3,OK
2055-10-12T10:36:14Z,R-05,Tracked,Temperature,-10.9,OK
2055-10-12T10:36:19Z,R-05,Tracked,Atmosphere,90.5,OK
2055-10-12T10:36:24Z,R-04,Hover,Temperature,-21.9,OK
2055-10-12T10:36:26Z,R-02,Hover,Atmosphere,,ERROR
2055-10-12T10:36:31Z,R-01,Tracked,Radiation,144.8,OK
2055-10-12T10:36:36Z,R-05,Tracked,Radiation,186.5,OK
2055-10-12T10:36:41Z,R-01,Tracked,Radiation,157.5,OK
2055-10-12T10:36:46Z,R-01,Tracked,Radiation,280.8,OK
2055-10-12T10:36:49Z,R-04,Hover,Radiation,194.6,OK
2055-10-12T10:36:53Z,R-02,Hover,Atmosphere,93.8,OK
2055-10-12T10:36:56Z,R-05,Tracked,Radiation,485.9,WARNING
2055-10-12T10:36:58Z,R-01,Tracked,Radiation,277.9,OK
2055-10-12T10:37:01Z,R-05,Tracked,Radiation,104.9,OK
2055-10-12T10:37:04Z,R-03,Walker,Radiation,,ERROR
2055-10-12T10:37:05Z,R-05,Tracked,Radiation,148.9,OK
2055-10-12T10:37:10Z,R-03,Walker,Atmosphere,91.8,OK
2055-10-12T10:37:11Z,R-01,Tracked,Radiation,291.8,OK
2055-10-12T10:37:12Z,R-02,Hover,Radiation,298.8,OK
2055-10-12T10:37:15Z,R-05,Tracked,Atmosphere,91.4,OK
2055-10-12T10:37:19Z,R-04,Hover,Atmosphere,98.3,OK
2055-10-12T10:37:21Z,R-03,Walker,Temperature,-9999.0,ERROR
2055-10-12T10:37:26Z,R-02,Hover,Radiation,ERR,ERROR
2055-10-12T10:37:28Z,R-03,Walker,Radiation,277.6,OK
2055-10-12T10:37:32Z,R-03,Walker,Temperature,-51.9,WARNING
2055-10-12T10:37:35Z,R-02,Hover,Temperature,-52.9,OK
2055-10-12T10:37:37Z,R-05,Tracked,Temperature,-9999.0,ERROR
2055-10-12T10:37:39Z,R-04,Hover,Radiation,#VALUE!,ERROR
2055-10-12T10:37:44Z,R-02,Hover,Radiation,222.0,OK
2055-10-12T10:37:45Z,R-01,Tracked,Atmosphere,94.6,OK
2055-10-12T10:37:46Z,R-02,Hover,Temperature,-35.2,OK
2055-10-12T10:37:49Z,R-05,Tracked,Atmosphere,97.3,OK
2055-10-12T10:37:52Z,R-04,Hover,Temperature,ERR,ERROR
2055-10-12T10:37:57Z,R-01,Tracked,Atmosphere,91.9,OK
2055-10-12T10:38:02Z,R-01,Tracked,Atmosphere,92.5,OK
2055-10-12T10:38:04Z,R-05,Tracked,Temperature,-58.1,WARNING
2055-10-12T10:38:05Z,R-02,Hover,Atmosphere,90.9,OK
2055-10-12T10:38:07Z,R-02,Hover,Atmosphere,ERR,ERROR
2055-10-12T10:38:09Z,R-03,Walker,Atmosphere,92.1,OK
2055-10-12T10:38:12Z,R-04,Hover,Atmosphere,94.9,OK
2055-10-12T10:38:15Z,R-02,Hover,Radiation,,ERROR
2055-10-12T10:38:19Z,R-04,Hover,Temperature,-11.6,OK
2055-10-12T10:38:22Z,R-02,Hover,Temperature,-29.6,OK
2055-10-12T10:38:27Z,R-01,Tracked,Radiation,260.5,OK
2055-10-12T10:38:32Z,R-01,Tracked,Radiation,,ERROR
2055-10-12T10:38:33Z,R-04,Hover,Radiation,50.7,OK
2055-10-12T10:38:37Z,R-02,Hover,Radiation,113.6,OK
2055-10-12T10:38:38Z,R-02,Hover,Atmosphere,91.6,OK
2055-10-12T10:38:43Z,R-02,Hover,Radiation,108.2,OK
2055-10-12T10:38:48Z,R-04,Hover,Temperature,-18.9,OK
2055-10-12T10:38:50Z,R-05,Tracked,Temperature,-45.0,OK
2055-10-12T10:38:53Z,R-04,Hover,Radiation,124.5,OK
2055-10-12T10:38:57Z,R-01,Tracked,Temperature,-15.0,OK
2055-10-12T10:39:00Z,R-02,Hover,Atmosphere,92.7,OK
2055-10-12T10:39:04Z,R-05,Tracked,Radiation,69.9,OK
2055-10-12T10:39:05Z,R-04,Hover,Atmosphere,91.9,OK
2055-10-12T10:39:09Z,R-02,Hover,Atmosphere,99.5,OK
2055-10-12T10:39:10Z,R-01,Tracked,Radiation,281.9,OK
2055-10-12T10:39:12Z,R-04,Hover,Temperature,-43.3,OK
2055-10-12T10:39:15Z,R-04,Hover,Temperature,-60.7,OK
2055-10-12T10:39:20Z,R-04,Hover,Temperature,-72.6,OK
2055-10-12T10:39:21Z,R-02,Hover,Temperature,-12.9,OK
2055-10-12T10:39:25Z,R-03,Walker,Radiation,204.9,OK
2055-10-12T10:39:26Z,R-01,Tracked,Radiation,123.1,OK
2055-10-12T10:39:28Z,R-02,Hover,Atmosphere,96.2,OK
2055-10-12T10:39:33Z,R-04,Hover,Radiation,476.6,WARNING
2055-10-12T10:39:34Z,R-01,Tracked,Radiation,221.2,OK
2055-10-12T10:39:35Z,R-01,Tracked,Temperature,-27.0,OK
2055-10-12T10:39:37Z,R-04,Hover,Radiation,233.7,OK
2055-10-12T10:39:39Z,R-03,Walker,Atmosphere,98.5,WARNING
2055-10-12T10:39:41Z,R-01,Tracked,Radiation,216.1,OK
2055-10-12T10:39:43Z,R-02,Hover,Atmosphere,93.7,OK
2055-10-12T10:39:46Z,R-04,Hover,Atmosphere,94.4,OK
2055-10-12T10:39:50Z,R-05,Tracked,Temperature,-45.2,OK
2055-10-12T10:39:51Z,R-04,Hover,Radiation,-100.0,ERROR
2055-10-12T10:39:56Z,R-03,Walker,Atmosphere,98.0,ERROR
2055-10-12T10:39:59Z,R-01,Tracked,Atmosphere,97.0,WARNING
2055-10-12T10:40:01Z,R-05,Tracked,Temperature,-16.9,OK
2055-10-12T10:40:03Z,R-05,Tracked,Atmosphere,90.3,OK
2055-10-12T10:40:08Z,R-03,Walker,Radiation,-100.0,ERROR
2055-10-12T10:40:11Z,R-02,Hover,Radiation,268.9,OK
2055-10-12T10:40:15Z,R-02,Hover,Atmosphere,,ERROR
2055-10-12T10:40:16Z,R-03,Walker,Radiation,197.1,OK
2055-10-12T10:40:21Z,R-03,Walker,Radiation,273.5,OK
2055-10-12T10:40:24Z,R-04,Hover,Temperature,,ERROR
2055-10-12T10:40:26Z,R-05,Tracked,Atmosphere,,ERROR
2055-10-12T10:40:31Z,R-05,Tracked,Radiation,184.3,OK
2055-10-12T10:40:36Z,R-02,Hover,Radiation,137.2,OK
2055-10-12T10:40:41Z,R-03,Walker,Atmosphere,93.7,OK
2055-10-12T10:40:42Z,R-04,Hover,Radiation,229.7,OK
2055-10-12T10:40:45Z,R-05,Tracked,Temperature,-17.5,OK
2055-10-12T10:40:46Z,R-03,Walker,Atmosphere,92.2,OK
2055-10-12T10:40:50Z,R-05,Tracked,Atmosphere,97.5,OK
2055-10-12T10:40:54Z,R-04,Hover,Temperature,-56.4,OK
2055-10-12T10:40:56Z,R-02,Hover,Temperature,-18.0,OK
2055-10-12T10:40:58Z,R-04,Hover,Atmosphere,,ERROR
2055-10-12T10:41:01Z,R-05,Tracked,Atmosphere,91.5,OK
2055-10-12T10:41:03Z,R-05,Tracked,Radiation,180.6,OK
2055-10-12T10:41:06Z,R-03,Walker,Radiation,63.2,OK
2055-10-12T10:41:10Z,R-05,Tracked,Radiation,72.2,OK
2055-10-12T10:41:15Z,R-01,Tracked,Atmosphere,92.4,OK
2055-10-12T10:41:20Z,R-03,Walker,Radiation,ERR,ERROR
2055-10-12T10:41:22Z,R-01,Tracked,Radiation,211.8,OK
2055-10-12T10:41:24Z,R-01,Tracked,Atmosphere,98.8,OK
2055-10-12T10:41:29Z,R-02,Hover,Radiation,-100.0,ERROR
2055-10-12T10:41:33Z,R-03,Walker,Atmosphere,94.6,OK
2055-10-12T10:41:37Z,R-02,Hover,Atmosphere,100.0,OK
2055-10-12T10:41:41Z,R-04,Hover,Atmosphere,90.9,OK
2055-10-12T10:41:43Z,R-01,Tracked,Temperature,-58.8,OK
2055-10-12T10:41:48Z,R-04,Hover,Atmosphere,93.2,OK
2055-10-12T10:41:50Z,R-05,Tracked,Atmosphere,97.2,OK
2055-10-12T10:41:51Z,R-01,Tracked,Radiation,265.7,OK
2055-10-12T10:41:54Z,R-01,Tracked,Temperature,-27.5,OK
2055-10-12T10:41:58Z,R-04,Hover,Atmosphere,90.5,OK
2055-10-12T10:42:02Z,R-02,Hover,Atmosphere,98.0,OK
2055-10-12T10:42:04Z,R-02,Hover,Temperature,-54.7,OK
2055-10-12T10:42:06Z,R-01,Tracked,Temperature,-22.4,ERROR
2055-10-12T10:42:11Z,R-05,Tracked,Atmosphere,95.6,OK
2055-10-12T10:42:13Z,R-04,Hover,Radiation,255.6,OK
2055-10-12T10:42:18Z,R-03,Walker,Atmosphere,94.0,OK
2055-10-12T10:42:23Z,R-02,Hover,Atmosphere,90.7,OK
2055-10-12T10:42:26Z,R-04,Hover,Radiation,-100.0,ERROR
2055-10-12T10:42:29Z,R-04,Hover,Atmosphere,97.7,OK
2055-10-12T10:42:34Z,R-04,Hover,Atmosphere,91.3,OK
2055-10-12T10:42:37Z,R-05,Tracked,Temperature,-78.1,WARNING
2055-10-12T10:42:41Z,R-02,Hover,Temperature,-75.8,OK
2055-10-12T10:42:42Z,R-01,Tracked,Radiation,59.6,OK
2055-10-12T10:42:43Z,R-05,Tracked,Temperature,-26.4,OK
2055-10-12T10:42:46Z,R-04,Hover,Temperature,-56.6,OK
2055-10-12T10:42:49Z,R-05,Tracked,Atmosphere,93.3,OK
2055-10-12T10:42:53Z,R-01,Tracked,Radiation,126.1,OK
2055-10-12T10:42:55Z,R-02,Hover,Temperature,-37.5,OK
2055-10-12T10:42:56Z,R-05,Tracked,Temperature,-28.5,OK
2055-10-12T10:42:57Z,R-02,Hover,Temperature,-62.1,OK
2055-10-12T10:43:01Z,R-04,Hover,Radiation,179.5,OK
2055-10-12T10:43:02Z,R-03,Walker,Temperature,-20.1,OK
2055-10-12T10:43:04Z,R-02,Hover,Atmosphere,91.4,WARNING
2055-10-12T10:43:08Z,R-02,Hover,Atmosphere,99.3,OK
2055-10-12T10:43:09Z,R-01,Tracked,Atmosphere,91.9,OK
2055-10-12T10:43:11Z,R-02,Hover,Temperature,-16.3,OK
2055-10-12T10:43:14Z,R-05,Tracked,Atmosphere,97.8,OK
2055-10-12T10:43:16Z,R-01,Tracked,Temperature,NaN,ERROR
2055-10-12T10:43:18Z,R-05,Tracked,Temperature,5000.0,ERROR
2055-10-12T10:43:20Z,R-02,Hover,Atmosphere,91.3,OK
2055-10-12T10:43:25Z,R-05,Tracked,Radiation,260.5,OK
2055-10-12T10:43:26Z,R-04,Hover,Temperature,-13.6,OK
2055-10-12T10:43:28Z,R-01,Tracked,Temperature,-56.5,OK
2055-10-12T10:43:32Z,R-01,Tracked,Temperature,-38.9,OK
2055-10-12T10:43:34Z,R-03,Walker,Temperature,-67.3,OK
2055-10-12T10:43:38Z,R-04,Hover,Temperature,-28.2,OK
2055-10-12T10:43:43Z,R-04,Hover,Radiation,113.9,OK
2055-10-12T10:43:45Z,R-03,Walker,Radiation,262.3,OK
2055-10-12T10:43:48Z,R-01,Tracked,Atmosphere,98.6,OK
2055-10-12T10:43:49Z,R-01,Tracked,Temperature,-17.3,OK
2055-10-12T10:43:54Z,R-05,Tracked,Atmosphere,95.0,OK
2055-10-12T10:43:59Z,R-03,Walker,Temperature,-10.5,OK
2055-10-12T10:44:04Z,R-01,Tracked,Temperature,-31.2,OK
2055-10-12T10:44:09Z,R-01,Tracked,Temperature,-38.7,OK
2055-10-12T10:44:13Z,R-01,Tracked,Temperature,-38.6,OK
2055-10-12T10:44:14Z,R-01,Tracked,Temperature,NULL,ERROR
2055-10-12T10:44:18Z,R-05,Tracked,Radiation,132.4,OK
2055-10-12T10:44:23Z,R-04,Hover,Temperature,-27.2,OK
2055-10-12T10:44:26Z,R-02,Hover,Radiation,267.2,OK
2055-10-12T10:44:29Z,R-04,Hover,Atmosphere,99.2,OK
2055-10-12T10:44:33Z,R-01,Tracked,Radiation,254.8,OK
2055-10-12T10:44:34Z,R-05,Tracked,Temperature,-28.1,OK
2055-10-12T10:44:35Z,R-04,Hover,Atmosphere,94.8,OK
2055-10-12T10:44:37Z,R-03,Walker,Radiation,121.5,OK
2055-10-12T10:44:40Z,R-04,Hover,Radiation,253.4,OK
2055-10-12T10:44:43Z,R-05,Tracked,Radiation,299.3,OK
2055-10-12T10:44:48Z,R-03,Walker,Radiation,,ERROR
2055-10-12T10:44:49Z,R-03,Walker,Atmosphere,98.5,OK
2055-10-12T10:44:53Z,R-04,Hover,Temperature,-71.0,OK
2055-10-12T10:44:57Z,R-02,Hover,Atmosphere,93.4,OK
2055-10-12T10:45:02Z,R-02,Hover,Atmosphere,96.8,OK
2055-10-12T10:45:03Z,R-05,Tracked,Atmosphere,95.0,OK
2055-10-12T10:45:04Z,R-03,Walker,Temperature,ERR,ERROR
2055-10-12T10:45:07Z,R-04,Hover,Radiation,274.9,OK
2055-10-12T10:45:11Z,R-05,Tracked,Atmosphere,90.4,OK
2055-10-12T10:45:15Z,R-02,Hover,Radiation,86.3,OK
2055-10-12T10:45:16Z,R-02,Hover,Atmosphere,99.0,OK
2055-10-12T10:45:20Z,R-02,Hover,Radiation,141.9,OK
2055-10-12T10:45:21Z,R-01,Tracked,Radiation,180.6,OK
2055-10-12T10:45:24Z,R-03,Walker,Radiation,95.6,OK
2055-10-12T10:45:28Z,R-02,Hover,Atmosphere,91.8,WARNING
2055-10-12T10:45:30Z,R-01,Tracked,Radiation,279.2,OK
2055-10-12T10:45:35Z,R-04,Hover,Radiation,211.0,OK
2055-10-12T10:45:37Z,R-02,Hover,Radiation,NULL,ERROR
2055-10-12T10:45:42Z,R-01,Tracked,Atmosphere,90.0,OK
2055-10-12T10:45:47Z,R-03,Walker,Radiation,265.9,OK
2055-10-12T10:45:51Z,R-03,Walker,Temperature,-9999.0,ERROR
2055-10-12T10:45:52Z,R-05,Tracked,Atmosphere,98.6,OK
2055-10-12T10:45:57Z,R-02,Hover,Atmosphere,94.9,OK
2055-10-12T10:45:58Z,R-02,Hover,Atmosphere,91.4,OK
2055-10-12T10:45:59Z,R-04,Hover,Radiation,,ERROR
2055-10-12T10:46:00Z,R-01,Tracked,Atmosphere,99.5,OK
2055-10-12T10:46:02Z,R-03,Walker,Temperature,-49.3,OK
2055-10-12T10:46:03Z,R-05,Tracked,Temperature,-52.2,OK
2055-10-12T10:46:07Z,R-04,Hover,Atmosphere,94.9,OK
2055-10-12T10:46:09Z,R-03,Walker,Atmosphere,94.8,OK
2055-10-12T10:46:10Z,R-05,Tracked,Temperature,-72.5,OK
2055-10-12T10:46:15Z,R-05,Tracked,Radiation,61.4,OK
2055-10-12T10:46:20Z,R-03,Walker,Radiation,124.3,OK
2055-10-12T10:46:21Z,R-04,Hover,Atmosphere,96.3,OK
2055-10-12T10:46:25Z,R-02,Hover,Temperature,-41.2,OK
2055-10-12T10:46:27Z,R-03,Walker,Atmosphere,93.4,OK
2055-10-12T10:46:32Z,R-04,Hover,Radiation,79.7,OK
2055-10-12T10:46:34Z,R-03,Walker,Atmosphere,99.3,OK
2055-10-12T10:46:39Z,R-04,Hover,Radiation,58.2,OK
2055-10-12T10:46:42Z,R-03,Walker,Atmosphere,96.1,OK
2055-10-12T10:46:44Z,R-01,Tracked,Temperature,-53.1,OK
2055-10-12T10:46:49Z,R-01,Tracked,Radiation,151.4,OK
2055-10-12T10:46:53Z,R-05,Tracked,Atmosphere,98.4,OK
2055-10-12T10:46:55Z,R-01,Tracked,Radiation,113.4,OK
2055-10-12T10:46:57Z,R-05,Tracked,Radiation,216.1,OK
2055-10-12T10:47:01Z,R-01,Tracked,Radiation,252.2,OK
2055-10-12T10:47:03Z,R-04,Hover,Temperature,-57.7,OK
2055-10-12T10:47:06Z,R-05,Tracked,Temperature,-39.2,OK
2055-10-12T10:47:10Z,R-01,Tracked,Temperature,-37.9,OK
2055-10-12T10:47:11Z,R-03,Walker,Atmosphere,96.0,OK
2055-10-12T10:47:12Z,R-04,Hover,Temperature,-76.5,OK
2055-10-12T10:47:14Z,R-01,Tracked,Radiation,256.1,OK
2055-10-12T10:47:19Z,R-02,Hover,Temperature,-62.4,OK
2055-10-12T10:47:23Z,R-02,Hover,Atmosphere,96.5,OK
2055-10-12T10:47:25Z,R-02,Hover,Radiation,466.6,WARNING
2055-10-12T10:47:28Z,R-03,Walker,Radiation,128.6,OK
2055-10-12T10:47:30Z,R-02,Hover,Atmosphere,99.3,OK
2055-10-12T10:47:32Z,R-02,Hover,Atmosphere,96.3,OK
2055-10-12T10:47:34Z,R-01,Tracked,Temperature,-53.0,OK
2055-10-12T10:47:36Z,R-05,Tracked,Radiation,105.5,OK
2055-10-12T10:47:39Z,R-03,Walker,Temperature,-54.3,OK
2055-10-12T10:47:43Z,R-01,Tracked,Atmosphere,98.7,OK
2055-10-12T10:47:46Z,R-04,Hover,Radiation,#VALUE!,ERROR
2055-10-12T10:47:49Z,R-02,Hover,Temperature,-60.1,OK
2055-10-12T10:47:52Z,R-03,Walker,Atmosphere,95.3,OK
2055-10-12T10:47:55Z,R-04,Hover,Temperature,-77.3,ERROR
2055-10-12T10:47:58Z,R-02,Hover,Temperature,-49.0,OK
2055-10-12T10:48:02Z,R-03,Walker,Radiation,,ERROR
2055-10-12T10:48:06Z,R-04,Hover,Atmosphere,99.6,OK
2055-10-12T10:48:09Z,R-04,Hover,Radiation,180.1,OK
2055-10-12T10:48:14Z,R-03,Walker,Atmosphere,92.4,OK
2055-10-12T10:48:17Z,R-02,Hover,Radiation,137.3,OK
2055-10-12T10:48:19Z,R-05,Tracked,Temperature,-40.8,OK
2055-10-12T10:48:20Z,R-03,Walker,Temperature,-9999.0,ERROR
2055-10-12T10:48:25Z,R-03,Walker,Temperature,N/A,ERROR
2055-10-12T10:48:30Z,R-02,Hover,Atmosphere,97.6,OK
2055-10-12T10:48:33Z,R-02,Hover,Atmosphere,N/A,ERROR
2055-10-12T10:48:37Z,R-05,Tracked,Radiation,-100.0,ERROR
2055-10-12T10:48:40Z,R-03,Walker,Radiation,231.9,OK
2055-10-12T10:48:42Z,R-02,Hover,Atmosphere,99.4,OK
2055-10-12T10:48:45Z,R-01,Tracked,Atmosphere,90.2,OK
2055-10-12T10:48:50Z,R-02,Hover,Atmosphere,91.5,ERROR
2055-10-12T10:48:54Z,R-02,Hover,Temperature,-69.7,OK
2055-10-12T10:48:58Z,R-03,Walker,Temperature,,ERROR
2055-10-12T10:49:02Z,R-03,Walker,Atmosphere,92.9,OK
2055-10-12T10:49:04Z,R-02,Hover,Atmosphere,96.5,OK
2055-10-12T10:49:07Z,R-02,Hover,Atmosphere,90.6,OK
2055-10-12T10:49:10Z,R-03,Walker,Temperature,-60.8,OK
2055-10-12T10:49:12Z,R-05,Tracked,Radiation,107.4,OK
2055-10-12T10:49:16Z,R-01,Tracked,Temperature,-22.6,WARNING
2055-10-12T10:49:18Z,R-04,Hover,Atmosphere,90.3,OK
2055-10-12T10:49:22Z,R-01,Tracked,Radiation,94.9,OK
2055-10-12T10:49:24Z,R-03,Walker,Radiation,51.8,OK
2055-10-12T10:49:27Z,R-02,Hover,Radiation,74.4,OK
2055-10-12T10:49:31Z,R-01,Tracked,Temperature,-11.1,OK
2055-10-12T10:49:32Z,R-04,Hover,Atmosphere,93.8,OK
2055-10-12T10:49:36Z,R-02,Hover,Radiation,442.0,WARNING
2055-10-12T10:49:40Z,R-05,Tracked,Radiation,202.7,OK
2055-10-12T10:49:43Z,R-03,Walker,Radiation,147.4,OK
2055-10-12T10:49:44Z,R-01,Tracked,Radiation,96.6,OK
2055-10-12T10:49:49Z,R-04,Hover,Temperature,,ERROR
2055-10-12T10:49:52Z,R-05,Tracked,Radiation,,ERROR
2055-10-12T10:49:57Z,R-05,Tracked,Atmosphere,97.7,OK
2055-10-12T10:50:01Z,R-02,Hover,Temperature,-29.8,OK
2055-10-12T10:50:04Z,R-04,Hover,Radiation,113.6,OK
2055-10-12T10:50:09Z,R-05,Tracked,Atmosphere,90.2,OK
2055-10-12T10:50:12Z,R-03,Walker,Atmosphere,90.7,OK
2055-10-12T10:50:14Z,R-01,Tracked,Temperature,-42.5,OK
2055-10-12T10:50:15Z,R-02,Hover,Atmosphere,92.4,WARNING
2055-10-12T10:50:16Z,R-04,Hover,Radiation,96.8,OK
2055-10-12T10:50:20Z,R-04,Hover,Temperature,-54.2,OK
2055-10-12T10:50:23Z,R-05,Tracked,Radiation,142.0,OK
2055-10-12T10:50:26Z,R-02,Hover,Temperature,-9999.0,ERROR
2055-10-12T10:50:30Z,R-04,Hover,Atmosphere,93.5,OK
2055-10-12T10:50:33Z,R-04,Hover,Temperature,-52.9,OK
2055-10-12T10:50:36Z,R-04,Hover,Temperature,-62.7,OK
2055-10-12T10:50:38Z,R-01,Tracked,Temperature,-9999.0,ERROR
2055-10-12T10:50:43Z,R-04,Hover,Temperature,-27.7,OK
2055-10-12T10:50:48Z,R-03,Walker,Atmosphere,94.7,OK
2055-10-12T10:50:49Z,R-05,Tracked,Radiation,210.3,OK
2055-10-12T10:50:50Z,R-03,Walker,Temperature,-47.0,OK
2055-10-12T10:50:55Z,R-01,Tracked,Atmosphere,93.4,OK
2055-10-12T10:50:59Z,R-04,Hover,Radiation,103.7,OK
2055-10-12T10:51:03Z,R-03,Walker,Radiation,-100.0,ERROR
2055-10-12T10:51:04Z,R-02,Hover,Atmosphere,94.6,OK
2055-10-12T10:51:08Z,R-02,Hover,Temperature,-45.8,WARNING
2055-10-12T10:51:12Z,R-01,Tracked,Radiation,233.0,OK
2055-10-12T10:51:14Z,R-02,Hover,Radiation,60.9,OK
2055-10-12T10:51:18Z,R-05,Tracked,Temperature,-10.6,OK
2055-10-12T10:51:22Z,R-02,Hover,Atmosphere,90.4,OK
2055-10-12T10:51:25Z,R-01,Tracked,Atmosphere,93.0,OK
2055-10-12T10:51:28Z,R-01,Tracked,Radiation,65.6,OK
2055-10-12T10:51:30Z,R-05,Tracked,Temperature,-78.8,WARNING
2055-10-12T10:51:31Z,R-02,Hover,Radiation,261.0,OK
2055-10-12T10:51:33Z,R-05,Tracked,Temperature,-10.2,OK
2055-10-12T10:51:36Z,R-04,Hover,Radiation,106.2,OK
2055-10-12T10:51:38Z,R-02,Hover,Radiation,115.6,OK
2055-10-12T10:51:39Z,R-05,Tracked,Atmosphere,,ERROR
2055-10-12T10:51:40Z,R-01,Tracked,Atmosphere,99.5,OK
2055-10-12T10:51:44Z,R-05,Tracked,Temperature,-40.7,OK
2055-10-12T10:51:46Z,R-03,Walker,Atmosphere,97.8,OK
2055-10-12T10:51:51Z,R-04,Hover,Temperature,-78.3,OK
2055-10-12T10:51:56Z,R-01,Tracked,Atmosphere,92.1,OK
2055-10-12T10:51:57Z,R-03,Walker,Temperature,N/A,ERROR
2055-10-12T10:52:01Z,R-01,Tracked,Temperature,-34.7,OK
2055-10-12T10:52:02Z,R-01,Tracked,Atmosphere,92.9,WARNING
2055-10-12T10:52:03Z,R-02,Hover,Radiation,219.7,OK
2055-10-12T10:52:06Z,R-03,Walker,Atmosphere,97.3,OK
2055-10-12T10:52:09Z,R-01,Tracked,Atmosphere,91.0,OK
2055-10-12T10:52:10Z,R-03,Walker,Temperature,-61.9,WARNING
2055-10-12T10:52:12Z,R-03,Walker,Radiation,99999.0,ERROR
2055-10-12T10:52:16Z,R-05,Tracked,Radiation,114.8,OK
2055-10-12T10:52:17Z,R-01,Tracked,Temperature,-42.5,OK
2055-10-12T10:52:20Z,R-05,Tracked,Radiation,NULL,ERROR
2055-10-12T10:52:22Z,R-01,Tracked,Temperature,-75.3,OK
2055-10-12T10:52:27Z,R-03,Walker,Radiation,219.2,OK
2055-10-12T10:52:32Z,R-02,Hover,Temperature,-62.0,OK
2055-10-12T10:52:34Z,R-03,Walker,Temperature,-72.5,OK
2055-10-12T10:52:38Z,R-01,Tracked,Atmosphere,91.2,OK
2055-10-12T10:52:41Z,R-04,Hover,Temperature,-10.9,OK
2055-10-12T10:52:42Z,R-04,Hover,Atmosphere,92.7,OK
2055-10-12T10:52:47Z,R-03,Walker,Radiation,99999.0,ERROR
2055-10-12T10:52:50Z,R-04,Hover,Radiation,235.4,OK
2055-10-12T10:52:53Z,R-01,Tracked,Atmosphere,90.3,OK
2055-10-12T10:52:54Z,R-03,Walker,Radiation,,ERROR
2055-10-12T10:52:58Z,R-02,Hover,Atmosphere,99.6,OK
2055-10-12T10:53:02Z,R-03,Walker,Atmosphere,99.9,OK
2055-10-12T10:53:04Z,R-04,Hover,Atmosphere,93.4,OK
2055-10-12T10:53:08Z,R-02,Hover,Temperature,-56.6,OK
2055-10-12T10:53:09Z,R-05,Tracked,Radiation,456.5,WARNING
2055-10-12T10:53:12Z,R-04,Hover,Radiation,232.9,OK
2055-10-12T10:53:14Z,R-04,Hover,Temperature,5000.0,ERROR
2055-10-12T10:53:19Z,R-01,Tracked,Temperature,-25.8,OK
2055-10-12T10:53:23Z,R-02,Hover,Atmosphere,91.7,OK
2055-10-12T10:53:25Z,R-01,Tracked,Radiation,94.2,OK
2055-10-12T10:53:26Z,R-04,Hover,Temperature,-55.3,OK
2055-10-12T10:53:27Z,R-03,Walker,Radiation,56.2,OK
2055-10-12T10:53:32Z,R-05,Tracked,Temperature,-60.1,OK
2055-10-12T10:53:36Z,R-02,Hover,Radiation,131.2,OK
2055-10-12T10:53:37Z,R-04,Hover,Temperature,-68.9,OK
2055-10-12T10:53:40Z,R-03,Walker,Temperature,-79.1,OK
2055-10-12T10:53:42Z,R-02,Hover,Temperature,-39.4,OK
2055-10-12T10:53:45Z,R-03,Walker,Temperature,#VALUE!,ERROR
2055-10-12T10:53:49Z,R-03,Walker,Radiation,281.7,OK
2055-10-12T10:53:52Z,R-02,Hover,Temperature,-33.8,OK
2055-10-12T10:53:57Z,R-04,Hover,Temperature,-56.1,OK
2055-10-12T10:54:01Z,R-03,Walker,Temperature,-45.4,WARNING
2055-10-12T10:54:06Z,R-04,Hover,Radiation,217.3,OK
2055-10-12T10:54:11Z,R-02,Hover,Temperature,-30.3,OK
2055-10-12T10:54:16Z,R-03,Walker,Radiation,192.1,OK
2055-10-12T10:54:17Z,R-01,Tracked,Radiation,250.5,OK
2055-10-12T10:54:19Z,R-02,Hover,Atmosphere,97.4,OK
2055-10-12T10:54:24Z,R-03,Walker,Temperature,-71.4,OK
2055-10-12T10:54:28Z,R-04,Hover,Atmosphere,93.6,OK
2055-10-12T10:54:32Z,R-05,Tracked,Radiation,237.0,OK
2055-10-12T10:54:37Z,R-01,Tracked,Temperature,-60.0,OK
2055-10-12T10:54:40Z,R-05,Tracked,Temperature,-20.8,OK
2055-10-12T10:54:42Z,R-03,Walker,Temperature,-74.5,OK
2055-10-12T10:54:44Z,R-03,Walker,Atmosphere,91.3,OK
2055-10-12T10:54:49Z,R-01,Tracked,Radiation,,ERROR
2055-10-12T10:54:53Z,R-03,Walker,Temperature,ERR,ERROR
2055-10-12T10:54:55Z,R-04,Hover,Temperature,-57.6,OK
2055-10-12T10:54:56Z,R-03,Walker,Temperature,-69.1,OK
2055-10-12T10:54:58Z,R-01,Tracked,Atmosphere,93.1,OK
2055-10-12T10:55:00Z,R-01,Tracked,Atmosphere,93.7,ERROR
2055-10-12T10:55:04Z,R-03,Walker,Temperature,-38.5,OK
2055-10-12T10:55:05Z,R-02,Hover,Atmosphere,96.6,OK
2055-10-12T10:55:06Z,R-04,Hover,Atmosphere,92.2,OK
2055-10-12T10:55:09Z,R-01,Tracked,Radiation,144.6,OK
2055-10-12T10:55:14Z,R-01,Tracked,Radiation,129.6,OK
2055-10-12T10:55:16Z,R-05,Tracked,Atmosphere,93.7,OK
2055-10-12T10:55:19Z,R-05,Tracked,Temperature,-11.3,OK
2055-10-12T10:55:22Z,R-04,Hover,Temperature,-13.9,OK
2055-10-12T10:55:23Z,R-02,Hover,Temperature,-76.9,OK
2055-10-12T10:55:27Z,R-04,Hover,Atmosphere,94.7,OK
2055-10-12T10:55:30Z,R-04,Hover,Temperature,-38.2,OK
2055-10-12T10:55:35Z,R-02,Hover,Temperature,-31.4,OK
2055-10-12T10:55:40Z,R-04,Hover,Atmosphere,93.6,OK
2055-10-12T10:55:42Z,R-03,Walker,Radiation,282.6,OK
2055-10-12T10:55:44Z,R-02,Hover,Radiation,212.5,OK
2055-10-12T10:55:46Z,R-01,Tracked,Temperature,-17.6,OK
2055-10-12T10:55:51Z,R-03,Walker,Temperature,-19.7,OK
2055-10-12T10:55:52Z,R-01,Tracked,Temperature,-35.2,OK
2055-10-12T10:55:56Z,R-03,Walker,Temperature,-42.3,OK
2055-10-12T10:55:58Z,R-01,Tracked,Radiation,269.7,OK
2055-10-12T10:56:01Z,R-02,Hover,Temperature,-20.0,OK
2055-10-12T10:56:03Z,R-02,Hover,Atmosphere,95.6,OK
2055-10-12T10:56:04Z,R-03,Walker,Atmosphere,97.4,OK
2055-10-12T10:56:05Z,R-02,Hover,Atmosphere,95.4,OK
2055-10-12T10:56:08Z,R-02,Hover,Radiation,73.7,OK
2055-10-12T10:56:10Z,R-02,Hover,Temperature,-46.6,OK
2055-10-12T10:56:13Z,R-03,Walker,Temperature,-17.2,OK
2055-10-12T10:56:16Z,R-03,Walker,Radiation,84.1,OK
2055-10-12T10:56:17Z,R-05,Tracked,Radiation,165.9,OK
2055-10-12T10:56:21Z,R-04,Hover,Radiation,283.5,OK
2055-10-12T10:56:22Z,R-01,Tracked,Atmosphere,93.0,OK
2055-10-12T10:56:24Z,R-01,Tracked,Atmosphere,98.3,OK
2055-10-12T10:56:26Z,R-03,Walker,Atmosphere,98.1,OK
2055-10-12T10:56:29Z,R-02,Hover,Temperature,-75.2,OK
2055-10-12T10:56:31Z,R-01,Tracked,Atmosphere,95.0,ERROR
2055-10-12T10:56:36Z,R-02,Hover,Atmosphere,95.2,OK
2055-10-12T10:56:37Z,R-03,Walker,Temperature,-13.5,OK
2055-10-12T10:56:40Z,R-03,Walker,Temperature,-62.4,WARNING
2055-10-12T10:56:45Z,R-04,Hover,Atmosphere,94.4,OK
2055-10-12T10:56:50Z,R-04,Hover,Temperature,-50.2,OK
2055-10-12T10:56:54Z,R-01,Tracked,Temperature,-42.9,OK
2055-10-12T10:56:58Z,R-04,Hover,Atmosphere,90.8,OK
2055-10-12T10:57:02Z,R-05,Tracked,Temperature,-71.2,OK
2055-10-12T10:57:04Z,R-03,Walker,Atmosphere,97.5,OK
2055-10-12T10:57:07Z,R-05,Tracked,Temperature,-70.4,WARNING
2055-10-12T10:57:12Z,R-03,Walker,Radiation,163.2,OK
2055-10-12T10:57:16Z,R-03,Walker,Atmosphere,99.8,OK
2055-10-12T10:57:20Z,R-05,Tracked,Atmosphere,95.2,OK
2055-10-12T10:57:25Z,R-03,Walker,Radiation,278.5,OK
2055-10-12T10:57:26Z,R-04,Hover,Temperature,-72.3,OK
2055-10-12T10:57:30Z,R-02,Hover,Temperature,-30.9,OK
2055-10-12T10:57:34Z,R-01,Tracked,Radiation,213.5,OK
2055-10-12T10:57:35Z,R-04,Hover,Atmosphere,91.0,OK
2055-10-12T10:57:37Z,R-03,Walker,Atmosphere,92.2,OK
2055-10-12T10:57:38Z,R-05,Tracked,Radiation,288.7,ERROR
2055-10-12T10:57:43Z,R-05,Tracked,Temperature,-27.4,OK
2055-10-12T10:57:44Z,R-04,Hover,Temperature,-22.8,OK
2055-10-12T10:57:45Z,R-03,Walker,Atmosphere,93.4,OK
2055-10-12T10:57:46Z,R-02,Hover,Atmosphere,92.8,WARNING
2055-10-12T10:57:48Z,R-03,Walker,Temperature,-54.9,OK
2055-10-12T10:57:52Z,R-04,Hover,Radiation,221.3,OK
2055-10-12T10:57:55Z,R-02,Hover,Temperature,5000.0,ERROR
2055-10-12T10:58:00Z,R-05,Tracked,Temperature,-70.2,OK
2055-10-12T10:58:03Z,R-02,Hover,Atmosphere,94.2,OK
2055-10-12T10:58:07Z,R-01,Tracked,Atmosphere,92.5,OK
2055-10-12T10:58:10Z,R-04,Hover,Radiation,,ERROR
2055-10-12T10:58:14Z,R-03,Walker,Temperature,-36.7,OK
2055-10-12T10:58:18Z,R-02,Hover,Temperature,-11.5,OK
2055-10-12T10:58:19Z,R-03,Walker,Temperature,-22.9,OK
2055-10-12T10:58:22Z,R-05,Tracked,Radiation,170.1,OK
2055-10-12T10:58:26Z,R-03,Walker,Temperature,-64.9,OK
2055-10-12T10:58:29Z,R-04,Hover,Atmosphere,,ERROR
2055-10-12T10:58:34Z,R-05,Tracked,Radiation,52.5,OK
2055-10-12T10:58:36Z,R-04,Hover,Temperature,-70.2,OK
2055-10-12T10:58:39Z,R-01,Tracked,Radiation,165.6,OK
2055-10-12T10:58:41Z,R-01,Tracked,Temperature,-55.6,OK
2055-10-12T10:58:45Z,R-02,Hover,Radiation,457.7,WARNING
2055-10-12T10:58:47Z,R-03,Walker,Atmosphere,93.4,OK
2055-10-12T10:58:49Z,R-01,Tracked,Temperature,-49.3,OK
2055-10-12T10:58:50Z,R-05,Tracked,Temperature,-40.7,OK
2055-10-12T10:58:52Z,R-01,Tracked,Radiation,238.0,OK
2055-10-12T10:58:56Z,R-01,Tracked,Atmosphere,97.7,OK
2055-10-12T10:59:01Z,R-02,Hover,Radiation,183.7,OK
2055-10-12T10:59:02Z,R-02,Hover,Radiation,257.0,OK
2055-10-12T10:59:03Z,R-01,Tracked,Temperature,-60.2,OK
2055-10-12T10:59:07Z,R-02,Hover,Temperature,-9999.0,ERROR
2055-10-12T10:59:10Z,R-04,Hover,Temperature,#VALUE!,ERROR
2055-10-12T10:59:11Z,R-03,Walker,Radiation,265.5,OK
2055-10-12T10:59:12Z,R-02,Hover,Temperature,-27.2,OK
2055-10-12T10:59:14Z,R-04,Hover,Radiation,150.0,OK
2055-10-12T10:59:18Z,R-01,Tracked,Temperature,-20.7,OK
2055-10-12T10:59:21Z,R-03,Walker,Atmosphere,99.2,ERROR
2055-10-12T10:59:23Z,R-04,Hover,Atmosphere,94.3,OK
2055-10-12T10:59:27Z,R-04,Hover,Atmosphere,99.2,OK
2055-10-12T10:59:32Z,R-05,Tracked,Temperature,-54.2,OK
2055-10-12T10:59:33Z,R-05,Tracked,Radiation,285.9,OK
2055-10-12T10:59:34Z,R-02,Hover,Temperature,-30.6,OK
2055-10-12T10:59:37Z,R-01,Tracked,Radiation,57.9,OK
2055-10-12T10:59:38Z,R-01,Tracked,Radiation,197.7,OK
2055-10-12T10:59:42Z,R-01,Tracked,Temperature,-30.6,OK
2055-10-12T10:59:46Z,R-05,Tracked,Temperature,-25.2,OK
2055-10-12T10:59:49Z,R-03,Walker,Radiation,149.1,ERROR
2055-10-12T10:59:53Z,R-01,Tracked,Atmosphere,93.7,OK
2055-10-12T10:59:57Z,R-01,Tracked,Radiation,154.6,OK
2055-10-12T10:59:59Z,R-04,Hover,Temperature,-27.5,OK
2055-10-12T11:00:04Z,R-05,Tracked,Atmosphere,NULL,ERROR
2055-10-12T11:00:06Z,R-02,Hover,Radiation,121.9,OK
2055-10-12T11:00:09Z,R-04,Hover,Atmosphere,93.5,OK
2055-10-12T11:00:12Z,R-04,Hover,Atmosphere,97.9,OK
2055-10-12T11:00:14Z,R-04,Hover,Temperature,-69.7,OK
2055-10-12T11:00:16Z,R-04,Hover,Temperature,-19.3,OK
2055-10-12T11:00:18Z,R-05,Tracked,Temperature,-28.8,ERROR
2055-10-12T11:00:20Z,R-05,Tracked,Atmosphere,90.5,OK
2055-10-12T11:00:24Z,R-03,Walker,Radiation,275.3,OK
2055-10-12T11:00:25Z,R-05,Tracked,Radiation,104.2,OK
2055-10-12T11:00:26Z,R-04,Hover,Atmosphere,90.5,OK
2055-10-12T11:00:30Z,R-03,Walker,Atmosphere,99.7,OK
2055-10-12T11:00:33Z,R-04,Hover,Radiation,148.0,OK
2055-10-12T11:00:35Z,R-04,Hover,Radiation,-100.0,ERROR
2055-10-12T11:00:39Z,R-04,Hover,Temperature,-37.9,OK
2055-10-12T11:00:41Z,R-02,Hover,Temperature,-12.7,OK
2055-10-12T11:00:43Z,R-03,Walker,Atmosphere,97.6,OK
2055-10-12T11:00:48Z,R-05,Tracked,Radiation,107.6,ERROR
2055-10-12T11:00:53Z,R-05,Tracked,Temperature,-77.0,OK
2055-10-12T11:00:57Z,R-03,Walker,Radiation,ERR,ERROR
2055-10-12T11:00:58Z,R-05,Tracked,Radiation,161.7,ERROR
2055-10-12T11:00:59Z,R-04,Hover,Atmosphere,99.4,OK
2055-10-12T11:01:04Z,R-01,Tracked,Temperature,-36.1,OK
2055-10-12T11:01:05Z,R-04,Hover,Atmosphere,97.6,OK
2055-10-12T11:01:10Z,R-04,Hover,Atmosphere,92.1,OK
2055-10-12T11:01:13Z,R-03,Walker,Atmosphere,92.1,OK
2055-10-12T11:01:18Z,R-05,Tracked,Temperature,-52.1,OK
2055-10-12T11:01:20Z,R-05,Tracked,Radiation,224.4,OK
2055-10-12T11:01:25Z,R-03,Walker,Temperature,5000.0,ERROR
2055-10-12T11:01:30Z,R-04,Hover,Temperature,-45.9,OK
2055-10-12T11:01:32Z,R-03,Walker,Temperature,-12.3,OK
2055-10-12T11:01:36Z,R-04,Hover,Radiation,109.8,OK
2055-10-12T11:01:38Z,R-04,Hover,Radiation,99999.0,ERROR
2055-10-12T11:01:40Z,R-03,Walker,Atmosphere,93.0,ERROR
2055-10-12T11:01:43Z,R-03,Walker,Radiation,278.0,OK
2055-10-12T11:01:45Z,R-01,Tracked,Atmosphere,93.7,OK
2055-10-12T11:01:46Z,R-02,Hover,Radiation,99999.0,ERROR
2055-10-12T11:01:47Z,R-05,Tracked,Radiation,127.7,OK
2055-10-12T11:01:48Z,R-04,Hover,Radiation,248.3,OK
2055-10-12T11:01:51Z,R-01,Tracked,Radiation,185.1,OK
2055-10-12T11:01:56Z,R-03,Walker,Radiation,262.8,OK
2055-10-12T11:01:59Z,R-01,Tracked,Temperature,-31.6,OK
2055-10-12T11:02:01Z,R-01,Tracked,Temperature,-36.3,OK
2055-10-12T11:02:02Z,R-05,Tracked,Atmosphere,97.7,OK
2055-10-12T11:02:06Z,R-04,Hover,Radiation,174.0,OK
2055-10-12T11:02:11Z,R-04,Hover,Atmosphere,92.1,OK
2055-10-12T11:02:15Z,R-01,Tracked,Temperature,-41.4,OK
2055-10-12T11:02:18Z,R-02,Hover,Atmosphere,92.1,OK
2055-10-12T11:02:23Z,R-02,Hover,Atmosphere,91.3,OK
2055-10-12T11:02:24Z,R-04,Hover,Atmosphere,99.7,ERROR
2055-10-12T11:02:27Z,R-01,Tracked,Atmosphere,92.3,WARNING
2055-10-12T11:02:32Z,R-03,Walker,Radiation,214.9,OK
2055-10-12T11:02:33Z,R-04,Hover,Radiation,213.5,OK
2055-10-12T11:02:36Z,R-03,Walker,Atmosphere,91.4,OK
2055-10-12T11:02:39Z,R-04,Hover,Temperature,-61.0,OK
2055-10-12T11:02:42Z,R-03,Walker,Radiation,162.9,OK
2055-10-12T11:02:47Z,R-03,Walker,Atmosphere,98.0,OK
2055-10-12T11:02:51Z,R-04,Hover,Temperature,-54.6,OK
2055-10-12T11:02:54Z,R-02,Hover,Radiation,164.5,OK
2055-10-12T11:02:58Z,R-01,Tracked,Atmosphere,97.5,WARNING
2055-10-12T11:02:59Z,R-01,Tracked,Atmosphere,99.4,OK
2055-10-12T11:03:04Z,R-03,Walker,Temperature,,ERROR
2055-10-12T11:03:06Z,R-01,Tracked,Atmosphere,92.9,OK
2055-10-12T11:03:10Z,R-04,Hover,Atmosphere,99.3,OK
2055-10-12T11:03:12Z,R-02,Hover,Radiation,133.6,OK
2055-10-12T11:03:14Z,R-01,Tracked,Atmosphere,93.8,OK
2055-10-12T11:03:15Z,R-05,Tracked,Radiation,157.2,OK
2055-10-12T11:03:20Z,R-02,Hover,Atmosphere,95.3,WARNING
2055-10-12T11:03:21Z,R-05,Tracked,Atmosphere,94.1,OK
2055-10-12T11:03:26Z,R-04,Hover,Radiation,231.7,OK
2055-10-12T11:03:28Z,R-03,Walker,Temperature,-33.5,OK
2055-10-12T11:03:31Z,R-02,Hover,Temperature,-47.4,OK
2055-10-12T11:03:34Z,R-04,Hover,Atmosphere,95.7,OK
2055-10-12T11:03:36Z,R-05,Tracked,Atmosphere,90.7,OK
2055-10-12T11:03:41Z,R-01,Tracked,Radiation,126.5,OK
2055-10-12T11:03:42Z,R-05,Tracked,Radiation,99999.0,ERROR
2055-10-12T11:03:47Z,R-03,Walker,Temperature,-77.2,OK
2055-10-12T11:03:50Z,R-05,Tracked,Temperature,-31.0,OK
2055-10-12T11:03:55Z,R-03,Walker,Atmosphere,92.2,OK
2055-10-12T11:03:56Z,R-01,Tracked,Temperature,-58.7,OK
2055-10-12T11:03:59Z,R-04,Hover,Atmosphere,92.6,OK
2055-10-12T11:04:00Z,R-04,Hover,Radiation,226.2,OK
2055-10-12T11:04:01Z,R-05,Tracked,Temperature,-63.2,OK
2055-10-12T11:04:05Z,R-04,Hover,Radiation,116.0,OK
2055-10-12T11:04:07Z,R-02,Hover,Temperature,-56.3,OK
2055-10-12T11:04:08Z,R-05,Tracked,Atmosphere,90.7,OK
2055-10-12T11:04:10Z,R-04,Hover,Radiation,69.2,OK
2055-10-12T11:04:11Z,R-05,Tracked,Atmosphere,96.9,OK
2055-10-12T11:04:14Z,R-01,Tracked,Atmosphere,98.1,OK
2055-10-12T11:04:17Z,R-04,Hover,Atmosphere,93.5,OK
2055-10-12T11:04:22Z,R-04,Hover,Atmosphere,98.7,OK
2055-10-12T11:04:23Z,R-05,Tracked,Radiation,99999.0,ERROR
2055-10-12T11:04:28Z,R-04,Hover,Radiation,152.5,OK
2055-10-12T11:04:30Z,R-04,Hover,Radiation,290.6,OK
2055-10-12T11:04:32Z,R-03,Walker,Temperature,-59.0,OK
2055-10-12T11:04:35Z,R-03,Walker,Atmosphere,#VALUE!,ERROR
2055-10-12T11:04:39Z,R-03,Walker,Temperature,-56.1,OK
2055-10-12T11:04:43Z,R-05,Tracked,Temperature,-49.7,OK
2055-10-12T11:04:44Z,R-05,Tracked,Atmosphere,95.6,OK
2055-10-12T11:04:45Z,R-05,Tracked,Radiation,69.9,OK
2055-10-12T11:04:46Z,R-05,Tracked,Atmosphere,NaN,ERROR
2055-10-12T11:04:48Z,R-02,Hover,Atmosphere,94.1,ERROR
2055-10-12T11:04:53Z,R-05,Tracked,Atmosphere,97.3,OK
2055-10-12T11:04:56Z,R-05,Tracked,Atmosphere,97.1,OK
2055-10-12T11:04:58Z,R-05,Tracked,Radiation,NULL,ERROR
2055-10-12T11:05:00Z,R-02,Hover,Atmosphere,95.9,OK
2055-10-12T11:05:02Z,R-03,Walker,Atmosphere,90.2,OK
2055-10-12T11:05:06Z,R-05,Tracked,Radiation,126.6,OK
2055-10-12T11:05:08Z,R-04,Hover,Radiation,297.8,ERROR
2055-10-12T11:05:09Z,R-03,Walker,Temperature,-36.9,WARNING
2055-10-12T11:05:11Z,R-05,Tracked,Atmosphere,94.3,OK
2055-10-12T11:05:16Z,R-02,Hover,Temperature,-40.9,OK
2055-10-12T11:05:18Z,R-05,Tracked,Atmosphere,92.1,OK
2055-10-12T11:05:21Z,R-03,Walker,Atmosphere,95.2,OK
2055-10-12T11:05:23Z,R-04,Hover,Temperature,-17.6,OK
2055-10-12T11:05:26Z,R-01,Tracked,Radiation,220.5,OK
2055-10-12T11:05:30Z,R-05,Tracked,Atmosphere,94.1,OK
2055-10-12T11:05:34Z,R-02,Hover,Atmosphere,96.9,OK
2055-10-12T11:05:39Z,R-01,Tracked,Atmosphere,90.6,OK
2055-10-12T11:05:43Z,R-02,Hover,Temperature,-39.9,OK
2055-10-12T11:05:45Z,R-04,Hover,Radiation,123.4,OK
2055-10-12T11:05:48Z,R-05,Tracked,Atmosphere,#VALUE!,ERROR
2055-10-12T11:05:51Z,R-05,Tracked,Radiation,113.9,OK
2055-10-12T11:05:56Z,R-01,Tracked,Temperature,-42.3,OK
2055-10-12T11:06:01Z,R-02,Hover,Atmosphere,95.0,OK
2055-10-12T11:06:03Z,R-02,Hover,Temperature,-61.1,OK
2055-10-12T11:06:06Z,R-02,Hover,Radiation,71.9,OK
2055-10-12T11:06:10Z,R-02,Hover,Temperature,N/A,ERROR
2055-10-12T11:06:14Z,R-05,Tracked,Atmosphere,95.9,OK
2055-10-12T11:06:18Z,R-01,Tracked,Radiation,155.5,OK
2055-10-12T11:06:22Z,R-01,Tracked,Atmosphere,91.2,OK
2055-10-12T11:06:27Z,R-02,Hover,Temperature,-31.8,OK
2055-10-12T11:06:28Z,R-01,Tracked,Temperature,-21.2,OK
2055-10-12T11:06:30Z,R-04,Hover,Temperature,-28.6,OK
2055-10-12T11:06:35Z,R-02,Hover,Radiation,57.1,OK
2055-10-12T11:06:39Z,R-02,Hover,Atmosphere,99.9,OK
2055-10-12T11:06:41Z,R-02,Hover,Atmosphere,96.7,OK
2055-10-12T11:06:45Z,R-01,Tracked,Temperature,-45.4,OK
2055-10-12T11:06:49Z,R-04,Hover,Atmosphere,93.7,ERROR
2055-10-12T11:06:51Z,R-02,Hover,Temperature,-46.1,OK
2055-10-12T11:06:54Z,R-05,Tracked,Temperature,-24.5,OK
2055-10-12T11:06:58Z,R-04,Hover,Temperature,-23.1,OK
2055-10-12T11:07:02Z,R-01,Tracked,Temperature,-46.8,OK
2055-10-12T11:07:06Z,R-05,Tracked,Atmosphere,96.4,OK
2055-10-12T11:07:11Z,R-02,Hover,Radiation,86.4,OK
2055-10-12T11:07:12Z,R-03,Walker,Temperature,-63.2,WARNING
2055-10-12T11:07:14Z,R-01,Tracked,Temperature,-46.9,OK
2055-10-12T11:07:19Z,R-01,Tracked,Radiation,280.6,OK
2055-10-12T11:07:24Z,R-01,Tracked,Radiation,259.9,OK
2055-10-12T11:07:25Z,R-01,Tracked,Atmosphere,97.5,OK
2055-10-12T11:07:27Z,R-05,Tracked,Radiation,104.1,OK
2055-10-12T11:07:30Z,R-05,Tracked,Atmosphere,94.6,OK
2055-10-12T11:07:31Z,R-03,Walker,Radiation,-100.0,ERROR
2055-10-12T11:07:34Z,R-01,Tracked,Temperature,-40.1,OK
2055-10-12T11:07:37Z,R-04,Hover,Temperature,-9999.0,ERROR
2055-10-12T11:07:40Z,R-01,Tracked,Atmosphere,99.4,OK
2055-10-12T11:07:44Z,R-01,Tracked,Temperature,-57.8,OK
2055-10-12T11:07:45Z,R-03,Walker,Radiation,142.2,OK
2055-10-12T11:07:50Z,R-04,Hover,Atmosphere,97.0,OK
2055-10-12T11:07:55Z,R-05,Tracked,Temperature,-39.6,OK
2055-10-12T11:07:56Z,R-01,Tracked,Temperature,-16.4,OK
2055-10-12T11:08:00Z,R-01,Tracked,Temperature,-50.9,OK
2055-10-12T11:08:03Z,R-02,Hover,Radiation,NULL,ERROR
2055-10-12T11:08:05Z,R-01,Tracked,Atmosphere,90.1,OK
2055-10-12T11:08:06Z,R-03,Walker,Temperature,-46.5,OK
2055-10-12T11:08:08Z,R-04,Hover,Atmosphere,NULL,ERROR
2055-10-12T11:08:10Z,R-01,Tracked,Atmosphere,98.3,OK
2055-10-12T11:08:13Z,R-04,Hover,Temperature,ERR,ERROR
2055-10-12T11:08:17Z,R-03,Walker,Atmosphere,91.1,OK
2055-10-12T11:08:19Z,R-04,Hover,Atmosphere,NaN,ERROR
2055-10-12T11:08:22Z,R-02,Hover,Atmosphere,90.9,OK
2055-10-12T11:08:24Z,R-01,Tracked,Atmosphere,97.5,OK
2055-10-12T11:08:28Z,R-01,Tracked,Atmosphere,98.7,OK
2055-10-12T11:08:33Z,R-02,Hover,Radiation,81.1,OK
2055-10-12T11:08:34Z,R-03,Walker,Radiation,252.2,OK
2055-10-12T11:08:37Z,R-02,Hover,Radiation,84.1,OK
2055-10-12T11:08:42Z,R-05,Tracked,Radiation,256.2,OK
2055-10-12T11:08:45Z,R-01,Tracked,Temperature,NaN,ERROR
2055-10-12T11:08:50Z,R-04,Hover,Atmosphere,93.8,OK
2055-10-12T11:08:52Z,R-05,Tracked,Temperature,-53.6,OK
2055-10-12T11:08:53Z,R-02,Hover,Radiation,190.4,OK
2055-10-12T11:08:56Z,R-03,Walker,Radiation,89.4,OK
2055-10-12T11:09:01Z,R-04,Hover,Atmosphere,97.0,OK
2055-10-12T11:09:02Z,R-02,Hover,Temperature,-64.0,OK
2055-10-12T11:09:03Z,R-01,Tracked,Temperature,-36.2,OK
2055-10-12T11:09:08Z,R-05,Tracked,Atmosphere,98.2,OK
2055-10-12T11:09:11Z,R-02,Hover,Radiation,259.2,OK
2055-10-12T11:09:14Z,R-01,Tracked,Atmosphere,97.7,OK
2055-10-12T11:09:17Z,R-04,Hover,Radiation,239.2,OK
2055-10-12T11:09:20Z,R-04,Hover,Temperature,-28.1,OK
2055-10-12T11:09:25Z,R-02,Hover,Radiation,171.6,OK
2055-10-12T11:09:28Z,R-01,Tracked,Radiation,182.7,OK
2055-10-12T11:09:33Z,R-03,Walker,Radiation,187.2,OK
2055-10-12T11:09:38Z,R-04,Hover,Radiation,232.0,OK
2055-10-12T11:09:40Z,R-02,Hover,Radiation,133.4,OK
2055-10-12T11:09:41Z,R-04,Hover,Atmosphere,95.4,OK
2055-10-12T11:09:43Z,R-04,Hover,Atmosphere,N/A,ERROR
2055-10-12T11:09:48Z,R-03,Walker,Radiation,104.9,OK
2055-10-12T11:09:53Z,R-03,Walker,Temperature,-59.3,OK
2055-10-12T11:09:55Z,R-03,Walker,Temperature,NaN,ERROR
2055-10-12T11:09:57Z,R-03,Walker,Temperature,-25.3,OK
2055-10-12T11:10:01Z,R-04,Hover,Radiation,58.4,OK
2055-10-12T11:10:06Z,R-02,Hover,Temperature,-66.0,OK
2055-10-12T11:10:10Z,R-01,Tracked,Atmosphere,90.3,OK
2055-10-12T11:10:11Z,R-04,Hover,Temperature,-71.3,OK
2055-10-12T11:10:15Z,R-02,Hover,Radiation,452.1,WARNING
2055-10-12T11:10:20Z,R-04,Hover,Temperature,-40.9,OK
2055-10-12T11:10:24Z,R-05,Tracked,Radiation,-100.0,ERROR
2055-10-12T11:10:29Z,R-03,Walker,Atmosphere,91.8,OK
2055-10-12T11:10:32Z,R-04,Hover,Radiation,284.9,OK
2055-10-12T11:10:33Z,R-05,Tracked,Radiation,208.8,OK
2055-10-12T11:10:36Z,R-03,Walker,Atmosphere,97.9,OK
2055-10-12T11:10:39Z,R-01,Tracked,Temperature,-59.1,WARNING
2055-10-12T11:10:43Z,R-02,Hover,Atmosphere,98.8,OK
2055-10-12T11:10:47Z,R-02,Hover,Atmosphere,96.1,OK
2055-10-12T11:10:51Z,R-03,Walker,Temperature,-37.9,OK
2055-10-12T11:10:56Z,R-03,Walker,Atmosphere,,ERROR
2055-10-12T11:10:58Z,R-04,Hover,Radiation,256.5,OK
2055-10-12T11:11:03Z,R-03,Walker,Atmosphere,ERR,ERROR
2055-10-12T11:11:07Z,R-05,Tracked,Radiation,119.6,OK
2055-10-12T11:11:11Z,R-01,Tracked,Atmosphere,98.7,OK
2055-10-12T11:11:13Z,R-05,Tracked,Radiation,166.4,OK
2055-10-12T11:11:15Z,R-05,Tracked,Radiation,168.0,OK
2055-10-12T11:11:20Z,R-01,Tracked,Temperature,-78.5,OK
2055-10-12T11:11:21Z,R-04,Hover,Radiation,124.4,OK
2055-10-12T11:11:23Z,R-03,Walker,Radiation,275.3,OK
2055-10-12T11:11:25Z,R-05,Tracked,Radiation,269.7,OK
2055-10-12T11:11:29Z,R-02,Hover,Temperature,-37.7,OK
2055-10-12T11:11:31Z,R-02,Hover,Atmosphere,96.7,OK
2055-10-12T11:11:36Z,R-02,Hover,Radiation,,ERROR
2055-10-12T11:11:41Z,R-02,Hover,Temperature,-20.1,OK
2055-10-12T11:11:46Z,R-04,Hover,Radiation,224.8,OK
2055-10-12T11:11:48Z,R-04,Hover,Radiation,271.9,OK
2055-10-12T11:11:51Z,R-05,Tracked,Radiation,150.2,OK
2055-10-12T11:11:55Z,R-05,Tracked,Atmosphere,95.1,OK
2055-10-12T11:11:58Z,R-05,Tracked,Atmosphere,95.4,OK
2055-10-12T11:11:59Z,R-01,Tracked,Temperature,#VALUE!,ERROR
2055-10-12T11:12:04Z,R-01,Tracked,Radiation,193.4,OK
2055-10-12T11:12:07Z,R-03,Walker,Radiation,103.3,OK
2055-10-12T11:12:12Z,R-04,Hover,Atmosphere,94.6,OK
2055-10-12T11:12:17Z,R-05,Tracked,Radiation,134.0,OK
2055-10-12T11:12:19Z,R-02,Hover,Atmosphere,92.1,OK
2055-10-12T11:12:21Z,R-05,Tracked,Temperature,-70.7,OK
2055-10-12T11:12:23Z,R-05,Tracked,Radiation,248.0,OK
2055-10-12T11:12:27Z,R-03,Walker,Atmosphere,92.4,OK
2055-10-12T11:12:31Z,R-02,Hover,Temperature,-35.8,OK
2055-10-12T11:12:33Z,R-02,Hover,Temperature,-34.2,OK
2055-10-12T11:12:35Z,R-04,Hover,Radiation,136.3,OK
2055-10-12T11:12:37Z,R-02,Hover,Temperature,-68.2,OK
2055-10-12T11:12:39Z,R-01,Tracked,Atmosphere,96.2,ERROR
2055-10-12T11:12:44Z,R-01,Tracked,Radiation,267.4,OK
2055-10-12T11:12:49Z,R-04,Hover,Atmosphere,92.9,OK
2055-10-12T11:12:54Z,R-05,Tracked,Radiation,149.7,OK
2055-10-12T11:12:57Z,R-01,Tracked,Temperature,-72.5,OK
2055-10-12T11:13:02Z,R-01,Tracked,Temperature,NULL,ERROR
2055-10-12T11:13:06Z,R-04,Hover,Temperature,-27.5,OK
2055-10-12T11:13:10Z,R-05,Tracked,Temperature,-66.2,OK
2055-10-12T11:13:11Z,R-01,Tracked,Temperature,-38.4,OK
2055-10-12T11:13:16Z,R-03,Walker,Radiation,206.6,OK
2055-10-12T11:13:21Z,R-03,Walker,Radiation,60.4,OK
2055-10-12T11:13:24Z,R-04,Hover,Temperature,-76.2,OK
2055-10-12T11:13:28Z,R-01,Tracked,Temperature,-49.1,OK
2055-10-12T11:13:31Z,R-04,Hover,Temperature,-14.6,OK
2055-10-12T11:13:33Z,R-04,Hover,Temperature,-20.6,OK
2055-10-12T11:13:35Z,R-01,Tracked,Atmosphere,98.4,OK
2055-10-12T11:13:39Z,R-03,Walker,Temperature,-12.1,OK
2055-10-12T11:13:41Z,R-02,Hover,Atmosphere,,ERROR
2055-10-12T11:13:44Z,R-03,Walker,Temperature,-10.2,OK
2055-10-12T11:13:46Z,R-01,Tracked,Atmosphere,90.3,OK
2055-10-12T11:13:47Z,R-01,Tracked,Radiation,493.1,WARNING
2055-10-12T11:13:49Z,R-01,Tracked,Radiation,112.9,OK
2055-10-12T11:13:54Z,R-03,Walker,Radiation,420.8,WARNING
2055-10-12T11:13:57Z,R-04,Hover,Radiation,98.5,OK
2055-10-12T11:13:58Z,R-02,Hover,Atmosphere,93.0,OK
2055-10-12T11:14:00Z,R-01,Tracked,Radiation,54.9,OK
2055-10-12T11:14:05Z,R-05,Tracked,Atmosphere,94.8,OK
2055-10-12T11:14:08Z,R-04,Hover,Temperature,,ERROR
2055-10-12T11:14:10Z,R-02,Hover,Temperature,-59.9,OK
2055-10-12T11:14:12Z,R-04,Hover,Temperature,-68.9,OK
2055-10-12T11:14:13Z,R-02,Hover,Temperature,-44.3,OK
2055-10-12T11:14:16Z,R-05,Tracked,Temperature,NULL,ERROR
2055-10-12T11:14:17Z,R-03,Walker,Radiation,265.7,OK
2055-10-12T11:14:19Z,R-03,Walker,Temperature,-13.0,OK
2055-10-12T11:14:20Z,R-01,Tracked,Temperature,-54.0,OK
2055-10-12T11:14:25Z,R-03,Walker,Temperature,NaN,ERROR
2055-10-12T11:14:30Z,R-01,Tracked,Radiation,268.6,OK
2055-10-12T11:14:31Z,R-05,Tracked,Radiation,77.8,OK
2055-10-12T11:14:34Z,R-03,Walker,Radiation,260.4,OK
2055-10-12T11:14:38Z,R-03,Walker,Temperature,-13.6,OK
2055-10-12T11:14:43Z,R-01,Tracked,Temperature,-58.5,OK
2055-10-12T11:14:48Z,R-02,Hover,Atmosphere,97.9,OK
2055-10-12T11:14:49Z,R-03,Walker,Temperature,-32.6,OK
2055-10-12T11:14:50Z,R-05,Tracked,Atmosphere,92.2,WARNING
2055-10-12T11:14:53Z,R-02,Hover,Temperature,-64.1,OK
2055-10-12T11:14:56Z,R-01,Tracked,Atmosphere,98.5,OK
2055-10-12T11:15:01Z,R-02,Hover,Atmosphere,93.1,OK
2055-10-12T11:15:02Z,R-02,Hover,Radiation,256.3,OK
2055-10-12T11:15:06Z,R-02,Hover,Atmosphere,98.6,OK
2055-10-12T11:15:09Z,R-04,Hover,Radiation,224.3,OK
2055-10-12T11:15:14Z,R-03,Walker,Atmosphere,90.4,ERROR
2055-10-12T11:15:15Z,R-05,Tracked,Temperature,-77.7,OK
2055-10-12T11:15:20Z,R-02,Hover,Temperature,-54.6,ERROR
2055-10-12T11:15:24Z,R-04,Hover,Temperature,-46.4,OK
2055-10-12T11:15:28Z,R-04,Hover,Atmosphere,98.3,OK
2055-10-12T11:15:32Z,R-01,Tracked,Temperature,-74.9,OK
2055-10-12T11:15:35Z,R-03,Walker,Atmosphere,94.3,OK
2055-10-12T11:15:39Z,R-05,Tracked,Temperature,-54.5,OK
2055-10-12T11:15:44Z,R-02,Hover,Temperature,-47.8,OK
2055-10-12T11:15:46Z,R-05,Tracked,Temperature,-29.0,OK
2055-10-12T11:15:50Z,R-02,Hover,Radiation,299.8,OK
2055-10-12T11:15:52Z,R-05,Tracked,Atmosphere,99.0,OK
2055-10-12T11:15:57Z,R-03,Walker,Atmosphere,93.8,OK
2055-10-12T11:15:58Z,R-03,Walker,Temperature,-20.9,OK
2055-10-12T11:15:59Z,R-01,Tracked,Temperature,-45.4,OK
2055-10-12T11:16:01Z,R-03,Walker,Radiation,94.1,OK
2055-10-12T11:16:02Z,R-01,Tracked,Temperature,-51.8,OK
2055-10-12T11:16:06Z,R-04,Hover,Atmosphere,90.6,OK
2055-10-12T11:16:07Z,R-05,Tracked,Temperature,-9999.0,ERROR
2055-10-12T11:16:09Z,R-01,Tracked,Temperature,-36.0,OK
2055-10-12T11:16:13Z,R-05,Tracked,Atmosphere,95.4,OK
2055-10-12T11:16:15Z,R-05,Tracked,Atmosphere,91.5,OK
2055-10-12T11:16:20Z,R-04,Hover,Radiation,99999.0,ERROR
2055-10-12T11:16:21Z,R-03,Walker,Atmosphere,90.4,OK
2055-10-12T11:16:26Z,R-04,Hover,Atmosphere,97.4,OK
2055-10-12T11:16:28Z,R-01,Tracked,Radiation,207.9,OK
2055-10-12T11:16:32Z,R-04,Hover,Temperature,-34.4,OK
2055-10-12T11:16:35Z,R-04,Hover,Atmosphere,93.6,OK
2055-10-12T11:16:38Z,R-03,Walker,Radiation,214.9,OK
2055-10-12T11:16:40Z,R-01,Tracked,Temperature,-55.8,OK
2055-10-12T11:16:42Z,R-01,Tracked,Radiation,142.4,OK
2055-10-12T11:16:43Z,R-03,Walker,Atmosphere,93.6,OK
2055-10-12T11:16:48Z,R-03,Walker,Temperature,-38.2,OK
2055-10-12T11:16:50Z,R-05,Tracked,Radiation,282.4,OK
2055-10-12T11:16:54Z,R-02,Hover,Radiation,50.6,OK
2055-10-12T11:16:58Z,R-03,Walker,Temperature,-9999.0,ERROR
2055-10-12T11:17:00Z,R-03,Walker,Temperature,-75.5,OK
2055-10-12T11:17:01Z,R-01,Tracked,Radiation,NULL,ERROR
2055-10-12T11:17:06Z,R-02,Hover,Atmosphere,99.5,OK
2055-10-12T11:17:10Z,R-02,Hover,Atmosphere,94.1,OK
2055-10-12T11:17:12Z,R-03,Walker,Temperature,-75.6,OK
2055-10-12T11:17:15Z,R-03,Walker,Atmosphere,92.8,ERROR
2055-10-12T11:17:17Z,R-01,Tracked,Radiation,158.6,OK
2055-10-12T11:17:20Z,R-04,Hover,Radiation,168.0,OK
2055-10-12T11:17:25Z,R-03,Walker,Radiation,198.3,OK
2055-10-12T11:17:27Z,R-02,Hover,Atmosphere,93.9,OK
2055-10-12T11:17:28Z,R-05,Tracked,Atmosphere,91.8,OK
2055-10-12T11:17:31Z,R-03,Walker,Atmosphere,97.1,OK
2055-10-12T11:17:32Z,R-03,Walker,Temperature,5000.0,ERROR
2055-10-12T11:17:33Z,R-05,Tracked,Temperature,-40.8,OK
2055-10-12T11:17:35Z,R-02,Hover,Atmosphere,94.7,OK
2055-10-12T11:17:38Z,R-05,Tracked,Atmosphere,99.8,OK
2055-10-12T11:17:41Z,R-03,Walker,Atmosphere,91.9,OK
2055-10-12T11:17:43Z,R-04,Hover,Temperature,N/A,ERROR
2055-10-12T11:17:48Z,R-04,Hover,Atmosphere,95.7,OK
2055-10-12T11:17:53Z,R-04,Hover,Atmosphere,98.6,ERROR
2055-10-12T11:17:54Z,R-05,Tracked,Temperature,-64.6,OK
2055-10-12T11:17:55Z,R-01,Tracked,Radiation,80.5,OK
2055-10-12T11:17:58Z,R-03,Walker,Radiation,163.8,OK
2055-10-12T11:18:01Z,R-04,Hover,Temperature,-49.7,OK
2055-10-12T11:18:05Z,R-02,Hover,Temperature,,ERROR
2055-10-12T11:18:10Z,R-01,Tracked,Radiation,269.9,OK
2055-10-12T11:18:13Z,R-05,Tracked,Temperature,-41.5,OK
2055-10-12T11:18:17Z,R-01,Tracked,Atmosphere,93.8,OK
2055-10-12T11:18:20Z,R-05,Tracked,Temperature,-17.9,OK
2055-10-12T11:18:23Z,R-04,Hover,Temperature,-54.6,OK
2055-10-12T11:18:25Z,R-01,Tracked,Temperature,-51.0,OK
2055-10-12T11:18:29Z,R-01,Tracked,Temperature,-50.6,OK
2055-10-12T11:18:33Z,R-04,Hover,Temperature,-11.1,OK
2055-10-12T11:18:34Z,R-01,Tracked,Atmosphere,91.5,OK
2055-10-12T11:18:38Z,R-01,Tracked,Radiation,194.6,OK
2055-10-12T11:18:40Z,R-03,Walker,Temperature,-12.9,WARNING
2055-10-12T11:18:45Z,R-05,Tracked,Atmosphere,N/A,ERROR
2055-10-12T11:18:47Z,R-02,Hover,Temperature,5000.0,ERROR
2055-10-12T11:18:51Z,R-05,Tracked,Temperature,-72.2,OK
2055-10-12T11:18:55Z,R-02,Hover,Radiation,82.3,OK
2055-10-12T11:18:56Z,R-01,Tracked,Atmosphere,99.0,OK
2055-10-12T11:19:01Z,R-03,Walker,Atmosphere,91.4,OK
2055-10-12T11:19:02Z,R-05,Tracked,Radiation,198.5,OK
2055-10-12T11:19:03Z,R-05,Tracked,Temperature,-47.7,OK
2055-10-12T11:19:07Z,R-02,Hover,Radiation,157.2,OK
2055-10-12T11:19:10Z,R-01,Tracked,Atmosphere,98.4,OK
2055-10-12T11:19:11Z,R-05,Tracked,Temperature,-47.9,OK
2055-10-12T11:19:12Z,R-04,Hover,Radiation,94.9,OK
2055-10-12T11:19:13Z,R-03,Walker,Temperature,-52.2,OK
2055-10-12T11:19:18Z,R-05,Tracked,Temperature,-13.6,OK
2055-10-12T11:19:23Z,R-05,Tracked,Radiation,216.7,OK
2055-10-12T11:19:28Z,R-05,Tracked,Temperature,-17.6,OK
2055-10-12T11:19:32Z,R-02,Hover,Atmosphere,93.1,OK
2055-10-12T11:19:36Z,R-03,Walker,Temperature,-22.6,ERROR
2055-10-12T11:19:40Z,R-01,Tracked,Temperature,-43.2,OK
2055-10-12T11:19:43Z,R-05,Tracked,Radiation,138.3,OK
2055-10-12T11:19:44Z,R-03,Walker,Temperature,-60.4,OK
2055-10-12T11:19:48Z,R-02,Hover,Temperature,-34.8,OK
2055-10-12T11:19:53Z,R-03,Walker,Atmosphere,92.4,OK
2055-10-12T11:19:56Z,R-04,Hover,Temperature,5000.0,ERROR
2055-10-12T11:19:57Z,R-05,Tracked,Atmosphere,94.6,OK
2055-10-12T11:19:58Z,R-04,Hover,Temperature,-23.6,OK
2055-10-12T11:20:01Z,R-02,Hover,Temperature,-59.0,OK
2055-10-12T11:20:04Z,R-03,Walker,Temperature,-63.6,OK
2055-10-12T11:20:06Z,R-01,Tracked,Temperature,-57.2,OK
2055-10-12T11:20:08Z,R-03,Walker,Radiation,271.3,OK
2055-10-12T11:20:12Z,R-02,Hover,Temperature,-13.3,ERROR
2055-10-12T11:20:16Z,R-05,Tracked,Atmosphere,90.7,WARNING
2055-10-12T11:20:21Z,R-04,Hover,Radiation,145.1,OK
2055-10-12T11:20:24Z,R-04,Hover,Radiation,155.8,OK
2055-10-12T11:20:28Z,R-05,Tracked,Temperature,-56.6,WARNING
2055-10-12T11:20:31Z,R-05,Tracked,Atmosphere,98.4,OK
2055-10-12T11:20:34Z,R-02,Hover,Radiation,198.0,OK
2055-10-12T11:20:38Z,R-04,Hover,Radiation,,ERROR
2055-10-12T11:20:42Z,R-05,Tracked,Radiation,105.5,OK
2055-10-12T11:20:43Z,R-01,Tracked,Radiation,120.8,OK
2055-10-12T11:20:48Z,R-01,Tracked,Temperature,-23.5,OK
2055-10-12T11:20:51Z,R-01,Tracked,Temperature,-11.1,OK
2055-10-12T11:20:53Z,R-04,Hover,Atmosphere,99.3,OK
2055-10-12T11:20:54Z,R-04,Hover,Atmosphere,96.4,OK
2055-10-12T11:20:59Z,R-03,Walker,Temperature,-75.8,OK
2055-10-12T11:21:03Z,R-03,Walker,Temperature,-28.5,ERROR
2055-10-12T11:21:04Z,R-03,Walker,Temperature,-22.5,OK
2055-10-12T11:21:05Z,R-01,Tracked,Temperature,-17.1,WARNING
2055-10-12T11:21:07Z,R-03,Walker,Atmosphere,98.7,OK
2055-10-12T11:21:11Z,R-02,Hover,Radiation,108.2,OK
2055-10-12T11:21:13Z,R-04,Hover,Atmosphere,99.6,OK
2055-10-12T11:21:14Z,R-04,Hover,Radiation,65.1,OK
2055-10-12T11:21:17Z,R-04,Hover,Temperature,-45.5,ERROR
2055-10-12T11:21:18Z,R-04,Hover,Atmosphere,93.4,OK
2055-10-12T11:21:22Z,R-01,Tracked,Radiation,110.6,OK
2055-10-12T11:21:27Z,R-01,Tracked,Radiation,207.3,OK
2055-10-12T11:21:32Z,R-02,Hover,Atmosphere,90.3,OK
2055-10-12T11:21:37Z,R-04,Hover,Temperature,-50.0,OK
2055-10-12T11:21:42Z,R-02,Hover,Radiation,109.0,OK
2055-10-12T11:21:45Z,R-04,Hover,Atmosphere,98.5,OK
2055-10-12T11:21:47Z,R-04,Hover,Temperature,-78.9,OK
2055-10-12T11:21:50Z,R-02,Hover,Radiation,NULL,ERROR
2055-10-12T11:21:51Z,R-04,Hover,Temperature,-58.3,OK
2055-10-12T11:21:55Z,R-01,Tracked,Atmosphere,,ERROR
2055-10-12T11:21:59Z,R-03,Walker,Atmosphere,90.7,OK
2055-10-12T11:22:02Z,R-02,Hover,Temperature,-11.4,WARNING
2055-10-12T11:22:05Z,R-02,Hover,Radiation,172.9,OK
2055-10-12T11:22:09Z,R-02,Hover,Radiation,169.5,OK
2055-10-12T11:22:12Z,R-04,Hover,Atmosphere,93.8,OK
2055-10-12T11:22:16Z,R-05,Tracked,Radiation,N/A,ERROR
2055-10-12T11:22:17Z,R-05,Tracked,Temperature,-56.7,OK
2055-10-12T11:22:22Z,R-05,Tracked,Atmosphere,92.0,OK
2055-10-12T11:22:27Z,R-02,Hover,Radiation,176.1,OK
2055-10-12T11:22:30Z,R-03,Walker,Atmosphere,94.6,OK
2055-10-12T11:22:32Z,R-04,Hover,Radiation,292.4,OK
2055-10-12T11:22:34Z,R-04,Hover,Radiation,162.9,OK
2055-10-12T11:22:39Z,R-01,Tracked,Radiation,228.0,OK
2055-10-12T11:22:44Z,R-03,Walker,Radiation,58.5,OK
2055-10-12T11:22:49Z,R-04,Hover,Atmosphere,98.9,OK
2055-10-12T11:22:54Z,R-05,Tracked,Radiation,273.6,OK
2055-10-12T11:22:55Z,R-02,Hover,Radiation,84.8,OK
2055-10-12T11:22:57Z,R-01,Tracked,Radiation,217.5,OK
2055-10-12T11:23:00Z,R-04,Hover,Temperature,-78.5,OK
2055-10-12T11:23:05Z,R-02,Hover,Atmosphere,94.2,OK
2055-10-12T11:23:07Z,R-04,Hover,Atmosphere,94.5,ERROR
2055-10-12T11:23:12Z,R-01,Tracked,Radiation,185.6,OK
2055-10-12T11:23:15Z,R-03,Walker,Atmosphere,91.0,OK
2055-10-12T11:23:16Z,R-02,Hover,Radiation,,ERROR
2055-10-12T11:23:17Z,R-02,Hover,Temperature,-49.5,OK
2055-10-12T11:23:20Z,R-01,Tracked,Radiation,78.3,OK
2055-10-12T11:23:21Z,R-05,Tracked,Radiation,99999.0,ERROR
2055-10-12T11:23:26Z,R-05,Tracked,Temperature,-39.3,OK
2055-10-12T11:23:30Z,R-05,Tracked,Temperature,#VALUE!,ERROR
2055-10-12T11:23:31Z,R-01,Tracked,Radiation,178.2,OK
2055-10-12T11:23:33Z,R-03,Walker,Temperature,,ERROR
2055-10-12T11:23:35Z,R-02,Hover,Radiation,156.6,OK
2055-10-12T11:23:40Z,R-05,Tracked,Atmosphere,92.4,OK
2055-10-12T11:23:44Z,R-01,Tracked,Temperature,-72.1,OK
2055-10-12T11:23:48Z,R-02,Hover,Temperature,-64.8,OK
2055-10-12T11:23:50Z,R-03,Walker,Radiation,136.1,OK
2055-10-12T11:23:53Z,R-03,Walker,Radiation,96.5,OK
2055-10-12T11:23:55Z,R-04,Hover,Radiation,175.7,OK
2055-10-12T11:24:00Z,R-04,Hover,Radiation,207.2,OK
2055-10-12T11:24:05Z,R-04,Hover,Temperature,-31.7,OK
2055-10-12T11:24:06Z,R-02,Hover,Temperature,NULL,ERROR
2055-10-12T11:24:09Z,R-04,Hover,Temperature,-55.3,OK
2055-10-12T11:24:10Z,R-02,Hover,Temperature,-73.9,WARNING
2055-10-12T11:24:11Z,R-02,Hover,Radiation,205.6,OK
2055-10-12T11:24:12Z,R-01,Tracked,Radiation,253.2,OK
2055-10-12T11:24:15Z,R-04,Hover,Radiation,246.2,ERROR
2055-10-12T11:24:20Z,R-01,Tracked,Radiation,70.8,OK
2055-10-12T11:24:22Z,R-02,Hover,Radiation,271.3,OK
2055-10-12T11:24:23Z,R-05,Tracked,Atmosphere,93.3,OK
2055-10-12T11:24:27Z,R-02,Hover,Atmosphere,96.5,OK
2055-10-12T11:24:32Z,R-01,Tracked,Radiation,441.4,WARNING
2055-10-12T11:24:35Z,R-01,Tracked,Atmosphere,93.0,OK
2055-10-12T11:24:40Z,R-02,Hover,Atmosphere,91.7,OK
2055-10-12T11:24:44Z,R-03,Walker,Temperature,-69.2,OK
2055-10-12T11:24:49Z,R-01,Tracked,Radiation,290.2,OK
2055-10-12T11:24:51Z,R-02,Hover,Temperature,-22.5,OK
2055-10-12T11:24:56Z,R-03,Walker,Atmosphere,95.9,OK
2055-10-12T11:24:59Z,R-01,Tracked,Atmosphere,94.6,WARNING
2055-10-12T11:25:01Z,R-05,Tracked,Temperature,-9999.0,ERROR
2055-10-12T11:25:03Z,R-02,Hover,Temperature,-52.6,ERROR
2055-10-12T11:25:08Z,R-03,Walker,Temperature,-28.9,OK
2055-10-12T11:25:11Z,R-03,Walker,Radiation,208.1,OK
2055-10-12T11:25:15Z,R-03,Walker,Temperature,-19.2,OK
2055-10-12T11:25:19Z,R-01,Tracked,Temperature,-63.2,OK
2055-10-12T11:25:22Z,R-05,Tracked,Atmosphere,90.2,OK
2055-10-12T11:25:25Z,R-01,Tracked,Radiation,179.8,OK
2055-10-12T11:25:28Z,R-04,Hover,Atmosphere,93.3,OK
2055-10-12T11:25:32Z,R-04,Hover,Atmosphere,90.0,OK
2055-10-12T11:25:37Z,R-02,Hover,Temperature,-42.4,WARNING
2055-10-12T11:25:41Z,R-04,Hover,Atmosphere,92.0,ERROR
2055-10-12T11:25:43Z,R-04,Hover,Temperature,-61.3,OK
2055-10-12T11:25:46Z,R-03,Walker,Radiation,154.2,OK
2055-10-12T11:25:51Z,R-03,Walker,Atmosphere,97.7,OK
2055-10-12T11:25:54Z,R-01,Tracked,Temperature,-74.2,OK
2055-10-12T11:25:58Z,R-05,Tracked,Radiation,159.3,OK
2055-10-12T11:26:01Z,R-02,Hover,Temperature,-11.9,OK
2055-10-12T11:26:06Z,R-04,Hover,Atmosphere,98.5,OK
2055-10-12T11:26:10Z,R-05,Tracked,Radiation,210.3,OK
2055-10-12T11:26:15Z,R-03,Walker,Temperature,-52.7,OK
2055-10-12T11:26:20Z,R-01,Tracked,Temperature,-28.2,OK
2055-10-12T11:26:21Z,R-04,Hover,Radiation,171.1,OK
2055-10-12T11:26:25Z,R-05,Tracked,Radiation,-100.0,ERROR
2055-10-12T11:26:28Z,R-04,Hover,Radiation,121.7,OK
2055-10-12T11:26:29Z,R-05,Tracked,Radiation,296.2,OK
2055-10-12T11:26:34Z,R-05,Tracked,Atmosphere,90.1,OK
2055-10-12T11:26:36Z,R-01,Tracked,Atmosphere,92.2,OK
2055-10-12T11:26:37Z,R-04,Hover,Atmosphere,91.4,OK
2055-10-12T11:26:39Z,R-02,Hover,Radiation,227.9,OK
2055-10-12T11:26:44Z,R-03,Walker,Radiation,106.0,OK
2055-10-12T11:26:49Z,R-03,Walker,Temperature,-71.1,ERROR
2055-10-12T11:26:51Z,R-02,Hover,Radiation,264.7,OK
2055-10-12T11:26:56Z,R-01,Tracked,Atmosphere,98.6,OK
2055-10-12T11:27:01Z,R-02,Hover,Radiation,211.4,OK
2055-10-12T11:27:02Z,R-03,Walker,Atmosphere,93.1,ERROR
2055-10-12T11:27:03Z,R-03,Walker,Atmosphere,99.9,WARNING
2055-10-12T11:27:08Z,R-03,Walker,Temperature,5000.0,ERROR
2055-10-12T11:27:10Z,R-02,Hover,Radiation,201.6,OK
2055-10-12T11:27:14Z,R-01,Tracked,Radiation,81.4,OK
2055-10-12T11:27:15Z,R-01,Tracked,Atmosphere,95.2,OK
2055-10-12T11:27:20Z,R-03,Walker,Atmosphere,94.0,OK
2055-10-12T11:27:22Z,R-04,Hover,Temperature,-25.5,OK
2055-10-12T11:27:24Z,R-02,Hover,Atmosphere,99.6,OK
2055-10-12T11:27:29Z,R-05,Tracked,Atmosphere,94.4,OK
2055-10-12T11:27:32Z,R-02,Hover,Radiation,250.8,OK
2055-10-12T11:27:35Z,R-03,Walker,Atmosphere,90.0,OK
2055-10-12T11:27:40Z,R-04,Hover,Temperature,-54.1,OK
2055-10-12T11:27:42Z,R-01,Tracked,Temperature,#VALUE!,ERROR
2055-10-12T11:27:43Z,R-02,Hover,Temperature,-66.3,OK
2055-10-12T11:27:46Z,R-05,Tracked,Atmosphere,98.3,OK
2055-10-12T11:27:48Z,R-01,Tracked,Temperature,-61.1,OK
2055-10-12T11:27:51Z,R-03,Walker,Temperature,-15.7,OK
2055-10-12T11:27:54Z,R-04,Hover,Radiation,94.3,OK
2055-10-12T11:27:57Z,R-02,Hover,Temperature,-51.7,OK
2055-10-12T11:28:00Z,R-02,Hover,Radiation,242.9,OK
2055-10-12T11:28:04Z,R-01,Tracked,Temperature,#VALUE!,ERROR
2055-10-12T11:28:05Z,R-01,Tracked,Atmosphere,96.0,OK
2055-10-12T11:28:06Z,R-01,Tracked,Atmosphere,99.2,OK
2055-10-12T11:28:09Z,R-03,Walker,Radiation,226.9,OK
2055-10-12T11:28:11Z,R-03,Walker,Atmosphere,ERR,ERROR
2055-10-12T11:28:13Z,R-02,Hover,Radiation,,ERROR
2055-10-12T11:28:17Z,R-02,Hover,Temperature,-11.4,OK
2055-10-12T11:28:18Z,R-05,Tracked,Temperature,-73.0,OK
2055-10-12T11:28:19Z,R-02,Hover,Atmosphere,97.3,OK
2055-10-12T11:28:24Z,R-03,Walker,Temperature,-74.0,OK
2055-10-12T11:28:26Z,R-01,Tracked,Atmosphere,90.6,OK
2055-10-12T11:28:27Z,R-01,Tracked,Radiation,105.6,OK
2055-10-12T11:28:29Z,R-05,Tracked,Radiation,295.9,OK
2055-10-12T11:28:31Z,R-02,Hover,Atmosphere,93.8,OK
2055-10-12T11:28:36Z,R-04,Hover,Atmosphere,94.1,OK
2055-10-12T11:28:39Z,R-03,Walker,Radiation,151.8,OK
2055-10-12T11:28:44Z,R-05,Tracked,Atmosphere,91.4,OK
2055-10-12T11:28:48Z,R-01,Tracked,Radiation,117.8,OK
2055-10-12T11:28:50Z,R-03,Walker,Radiation,221.2,OK
2055-10-12T11:28:55Z,R-05,Tracked,Atmosphere,97.7,ERROR
2055-10-12T11:28:56Z,R-03,Walker,Radiation,ERR,ERROR
2055-10-12T11:28:57Z,R-04,Hover,Atmosphere,92.2,ERROR
2055-10-12T11:29:02Z,R-05,Tracked,Atmosphere,98.4,OK
2055-10-12T11:29:04Z,R-01,Tracked,Atmosphere,90.4,OK
2055-10-12T11:29:06Z,R-04,Hover,Atmosphere,94.1,OK
2055-10-12T11:29:11Z,R-03,Walker,Radiation,54.6,OK
2055-10-12T11:29:16Z,R-03,Walker,Radiation,63.6,OK
2055-10-12T11:29:21Z,R-02,Hover,Radiation,97.3,OK
2055-10-12T11:29:23Z,R-05,Tracked,Temperature,-12.6,OK
2055-10-12T11:29:24Z,R-03,Walker,Radiation,52.5,OK
2055-10-12T11:29:25Z,R-03,Walker,Temperature,N/A,ERROR
2055-10-12T11:29:27Z,R-05,Tracked,Atmosphere,92.6,OK
2055-10-12T11:29:29Z,R-04,Hover,Temperature,-30.3,OK
2055-10-12T11:29:32Z,R-04,Hover,Temperature,-51.3,OK
2055-10-12T11:29:33Z,R-01,Tracked,Radiation,176.2,OK
2055-10-12T11:29:38Z,R-04,Hover,Temperature,ERR,ERROR
2055-10-12T11:29:41Z,R-04,Hover,Atmosphere,91.0,OK
2055-10-12T11:29:43Z,R-02,Hover,Atmosphere,N/A,ERROR
2055-10-12T11:29:48Z,R-04,Hover,Radiation,NULL,ERROR
2055-10-12T11:29:52Z,R-05,Tracked,Temperature,-56.6,OK
2055-10-12T11:29:57Z,R-05,Tracked,Temperature,-49.6,OK
2055-10-12T11:30:01Z,R-01,Tracked,Radiation,237.5,OK
2055-10-12T11:30:03Z,R-04,Hover,Atmosphere,90.4,OK
2055-10-12T11:30:06Z,R-03,Walker,Temperature,-78.9,OK
2055-10-12T11:30:09Z,R-01,Tracked,Temperature,-62.1,OK
2055-10-12T11:30:13Z,R-05,Tracked,Temperature,-65.9,OK
2055-10-12T11:30:14Z,R-03,Walker,Radiation,163.4,OK
2055-10-12T11:30:18Z,R-01,Tracked,Atmosphere,90.7,OK
2055-10-12T11:30:19Z,R-05,Tracked,Atmosphere,90.2,OK
2055-10-12T11:30:21Z,R-01,Tracked,Atmosphere,93.8,OK
2055-10-12T11:30:23Z,R-02,Hover,Atmosphere,93.8,OK
2055-10-12T11:30:26Z,R-04,Hover,Temperature,-23.0,OK
2055-10-12T11:30:28Z,R-01,Tracked,Temperature,-45.2,OK
2055-10-12T11:30:32Z,R-01,Tracked,Temperature,-46.7,OK
2055-10-12T11:30:34Z,R-01,Tracked,Temperature,-40.9,OK
2055-10-12T11:30:37Z,R-01,Tracked,Temperature,-24.4,OK
2055-10-12T11:30:41Z,R-01,Tracked,Atmosphere,90.6,OK
2055-10-12T11:30:45Z,R-04,Hover,Radiation,235.8,OK
2055-10-12T11:30:50Z,R-04,Hover,Radiation,NULL,ERROR
2055-10-12T11:30:55Z,R-02,Hover,Temperature,-10.5,OK
2055-10-12T11:30:58Z,R-03,Walker,Radiation,141.5,OK
2055-10-12T11:30:59Z,R-01,Tracked,Temperature,-78.0,OK
2055-10-12T11:31:00Z,R-04,Hover,Radiation,269.2,OK
2055-10-12T11:31:03Z,R-04,Hover,Radiation,480.7,WARNING
2055-10-12T11:31:06Z,R-01,Tracked,Temperature,-9999.0,ERROR
2055-10-12T11:31:10Z,R-01,Tracked,Temperature,-69.7,OK
2055-10-12T11:31:14Z,R-04,Hover,Temperature,-37.6,OK
2055-10-12T11:31:18Z,R-05,Tracked,Atmosphere,94.8,ERROR
2055-10-12T11:31:19Z,R-04,Hover,Radiation,70.8,OK
2055-10-12T11:31:20Z,R-02,Hover,Temperature,-23.9,OK
2055-10-12T11:31:21Z,R-03,Walker,Radiation,238.1,OK
2055-10-12T11:31:26Z,R-04,Hover,Temperature,-34.8,OK
2055-10-12T11:31:31Z,R-04,Hover,Temperature,-60.4,OK
2055-10-12T11:31:33Z,R-03,Walker,Atmosphere,90.3,OK
2055-10-12T11:31:37Z,R-01,Tracked,Radiation,,ERROR
2055-10-12T11:31:41Z,R-02,Hover,Atmosphere,96.8,ERROR
2055-10-12T11:31:42Z,R-04,Hover,Radiation,-100.0,ERROR
2055-10-12T11:31:43Z,R-05,Tracked,Atmosphere,93.7,OK
2055-10-12T11:31:45Z,R-01,Tracked,Atmosphere,93.1,OK
2055-10-12T11:31:49Z,R-01,Tracked,Temperature,-40.5,OK
2055-10-12T11:31:51Z,R-01,Tracked,Radiation,145.9,OK
2055-10-12T11:31:56Z,R-02,Hover,Atmosphere,96.8,OK
2055-10-12T11:32:00Z,R-05,Tracked,Radiation,187.3,OK
2055-10-12T11:32:05Z,R-05,Tracked,Atmosphere,99.4,OK
2055-10-12T11:32:08Z,R-04,Hover,Atmosphere,,ERROR
2055-10-12T11:32:11Z,R-01,Tracked,Radiation,194.0,OK
2055-10-12T11:32:13Z,R-05,Tracked,Atmosphere,97.8,ERROR
2055-10-12T11:32:17Z,R-03,Walker,Radiation,160.2,OK
2055-10-12T11:32:19Z,R-01,Tracked,Temperature,-41.2,OK
2055-10-12T11:32:21Z,R-01,Tracked,Atmosphere,95.9,OK
2055-10-12T11:32:24Z,R-05,Tracked,Radiation,462.7,WARNING
2055-10-12T11:32:27Z,R-05,Tracked,Radiation,101.0,OK
2055-10-12T11:32:28Z,R-02,Hover,Atmosphere,93.7,OK
2055-10-12T11:32:29Z,R-05,Tracked,Temperature,-40.1,OK
2055-10-12T11:32:31Z,R-03,Walker,Radiation,241.5,OK
2055-10-12T11:32:32Z,R-03,Walker,Radiation,81.4,OK
2055-10-12T11:32:35Z,R-04,Hover,Atmosphere,95.8,OK
2055-10-12T11:32:36Z,R-04,Hover,Temperature,-16.9,OK
2055-10-12T11:32:39Z,R-02,Hover,Temperature,NULL,ERROR
2055-10-12T11:32:41Z,R-05,Tracked,Atmosphere,,ERROR
2055-10-12T11:32:45Z,R-05,Tracked,Radiation,56.6,OK
2055-10-12T11:32:48Z,R-01,Tracked,Temperature,-58.7,OK
2055-10-12T11:32:49Z,R-03,Walker,Temperature,-10.1,OK
2055-10-12T11:32:50Z,R-01,Tracked,Radiation,120.2,OK
2055-10-12T11:32:51Z,R-02,Hover,Temperature,-19.9,OK
2055-10-12T11:32:54Z,R-01,Tracked,Atmosphere,93.0,OK
2055-10-12T11:32:57Z,R-01,Tracked,Atmosphere,94.2,OK
2055-10-12T11:32:59Z,R-01,Tracked,Temperature,-20.2,OK
2055-10-12T11:33:03Z,R-02,Hover,Temperature,-66.1,OK
2055-10-12T11:33:08Z,R-04,Hover,Radiation,124.5,OK
2055-10-12T11:33:10Z,R-01,Tracked,Atmosphere,95.9,OK
2055-10-12T11:33:12Z,R-02,Hover,Atmosphere,ERR,ERROR
2055-10-12T11:33:13Z,R-04,Hover,Temperature,-63.3,OK
2055-10-12T11:33:16Z,R-01,Tracked,Atmosphere,93.7,OK
2055-10-12T11:33:17Z,R-04,Hover,Temperature,-29.9,OK
2055-10-12T11:33:19Z,R-04,Hover,Temperature,-65.7,OK
2055-10-12T11:33:24Z,R-05,Tracked,Temperature,-76.8,ERROR
2055-10-12T11:33:27Z,R-01,Tracked,Atmosphere,ERR,ERROR
2055-10-12T11:33:29Z,R-02,Hover,Temperature,-36.1,OK
2055-10-12T11:33:31Z,R-05,Tracked,Radiation,87.2,OK
2055-10-12T11:33:36Z,R-05,Tracked,Temperature,-76.4,OK
2055-10-12T11:33:39Z,R-03,Walker,Radiation,264.2,OK
2055-10-12T11:33:44Z,R-01,Tracked,Temperature,-78.4,OK
2055-10-12T11:33:46Z,R-02,Hover,Radiation,242.6,OK
2055-10-12T11:33:51Z,R-03,Walker,Atmosphere,91.0,OK
2055-10-12T11:33:53Z,R-03,Walker,Radiation,122.8,OK
2055-10-12T11:33:57Z,R-03,Walker,Atmosphere,94.5,OK
2055-10-12T11:34:00Z,R-01,Tracked,Atmosphere,95.8,OK
2055-10-12T11:34:02Z,R-03,Walker,Atmosphere,92.7,WARNING
2055-10-12T11:34:06Z,R-01,Tracked,Radiation,197.0,OK
2055-10-12T11:34:10Z,R-04,Hover,Radiation,127.2,OK
2055-10-12T11:34:13Z,R-03,Walker,Radiation,176.7,OK
2055-10-12T11:34:15Z,R-04,Hover,Atmosphere,NaN,ERROR
2055-10-12T11:34:18Z,R-05,Tracked,Atmosphere,93.2,OK
2055-10-12T11:34:20Z,R-02,Hover,Temperature,-39.5,OK
2055-10-12T11:34:23Z,R-03,Walker,Atmosphere,94.7,OK
2055-10-12T11:34:26Z,R-04,Hover,Temperature,-30.2,OK
2055-10-12T11:34:31Z,R-04,Hover,Radiation,77.1,OK
2055-10-12T11:34:33Z,R-01,Tracked,Radiation,233.6,ERROR
2055-10-12T11:34:35Z,R-02,Hover,Temperature,-28.9,OK
2055-10-12T11:34:38Z,R-05,Tracked,Radiation,114.1,OK
2055-10-12T11:34:39Z,R-05,Tracked,Atmosphere,94.9,OK
2055-10-12T11:34:42Z,R-05,Tracked,Temperature,-51.0,OK
2055-10-12T11:34:47Z,R-05,Tracked,Radiation,56.6,OK
2055-10-12T11:34:49Z,R-05,Tracked,Radiation,,ERROR
2055-10-12T11:34:52Z,R-02,Hover,Atmosphere,NULL,ERROR
2055-10-12T11:34:54Z,R-02,Hover,Atmosphere,96.9,OK
2055-10-12T11:34:55Z,R-03,Walker,Atmosphere,95.2,ERROR
2055-10-12T11:34:57Z,R-05,Tracked,Temperature,-70.3,OK
2055-10-12T11:34:58Z,R-04,Hover,Radiation,165.0,ERROR
2055-10-12T11:34:59Z,R-03,Walker,Radiation,195.6,OK
2055-10-12T11:35:02Z,R-04,Hover,Temperature,-47.1,OK
2055-10-12T11:35:05Z,R-03,Walker,Atmosphere,99.0,OK
2055-10-12T11:35:09Z,R-04,Hover,Atmosphere,96.1,OK
2055-10-12T11:35:11Z,R-01,Tracked,Temperature,-25.5,OK
2055-10-12T11:35:16Z,R-04,Hover,Atmosphere,92.2,OK
2055-10-12T11:35:21Z,R-02,Hover,Radiation,99999.0,ERROR
2055-10-12T11:35:25Z,R-02,Hover,Radiation,-100.0,ERROR
2055-10-12T11:35:27Z,R-04,Hover,Radiation,,ERROR
2055-10-12T11:35:32Z,R-04,Hover,Radiation,287.6,OK
2055-10-12T11:35:37Z,R-05,Tracked,Temperature,-30.8,OK
2055-10-12T11:35:40Z,R-01,Tracked,Atmosphere,94.8,OK
2055-10-12T11:35:42Z,R-02,Hover,Temperature,-50.3,OK
2055-10-12T11:35:46Z,R-03,Walker,Atmosphere,91.1,OK
2055-10-12T11:35:49Z,R-03,Walker,Radiation,114.6,OK
2055-10-12T11:35:53Z,R-04,Hover,Radiation,184.3,OK
2055-10-12T11:35:55Z,R-03,Walker,Atmosphere,97.9,OK
2055-10-12T11:35:58Z,R-05,Tracked,Temperature,-58.0,OK
2055-10-12T11:36:00Z,R-05,Tracked,Atmosphere,91.0,OK
2055-10-12T11:36:03Z,R-01,Tracked,Radiation,190.7,OK
2055-10-12T11:36:07Z,R-05,Tracked,Radiation,119.9,OK
2055-10-12T11:36:09Z,R-05,Tracked,Radiation,217.4,ERROR
2055-10-12T11:36:11Z,R-04,Hover,Radiation,,ERROR
2055-10-12T11:36:14Z,R-05,Tracked,Temperature,-43.3,OK
2055-10-12T11:36:17Z,R-05,Tracked,Radiation,108.2,OK
2055-10-12T11:36:19Z,R-02,Hover,Radiation,129.6,OK
2055-10-12T11:36:20Z,R-01,Tracked,Radiation,299.0,OK
2055-10-12T11:36:22Z,R-04,Hover,Temperature,-23.7,OK
2055-10-12T11:36:24Z,R-01,Tracked,Radiation,57.3,OK
2055-10-12T11:36:28Z,R-01,Tracked,Atmosphere,96.2,OK
2055-10-12T11:36:29Z,R-05,Tracked,Temperature,-25.8,OK
2055-10-12T11:36:34Z,R-03,Walker,Radiation,99999.0,ERROR
2055-10-12T11:36:38Z,R-02,Hover,Radiation,243.9,OK
2055-10-12T11:36:43Z,R-04,Hover,Temperature,-66.6,OK
2055-10-12T11:36:48Z,R-02,Hover,Atmosphere,94.6,OK
2055-10-12T11:36:52Z,R-03,Walker,Temperature,-11.2,OK
2055-10-12T11:36:55Z,R-02,Hover,Atmosphere,96.8,OK
2055-10-12T11:36:58Z,R-01,Tracked,Temperature,-55.5,OK
2055-10-12T11:37:01Z,R-03,Walker,Temperature,-48.1,OK
2055-10-12T11:37:02Z,R-01,Tracked,Radiation,231.7,ERROR
2055-10-12T11:37:03Z,R-05,Tracked,Radiation,275.9,OK
2055-10-12T11:37:08Z,R-05,Tracked,Temperature,-60.1,OK
2055-10-12T11:37:13Z,R-01,Tracked,Temperature,-32.7,ERROR
2055-10-12T11:37:17Z,R-05,Tracked,Radiation,146.3,OK
2055-10-12T11:37:22Z,R-05,Tracked,Atmosphere,93.8,OK
2055-10-12T11:37:23Z,R-01,Tracked,Temperature,-42.5,OK
2055-10-12T11:37:28Z,R-01,Tracked,Radiation,210.5,OK
2055-10-12T11:37:32Z,R-03,Walker,Temperature,-42.0,OK
2055-10-12T11:37:37Z,R-02,Hover,Atmosphere,95.1,WARNING
2055-10-12T11:37:39Z,R-04,Hover,Radiation,239.7,OK
2055-10-12T11:37:44Z,R-04,Hover,Temperature,-63.0,OK
2055-10-12T11:37:47Z,R-04,Hover,Atmosphere,ERR,ERROR
2055-10-12T11:37:48Z,R-04,Hover,Atmosphere,98.0,OK
2055-10-12T11:37:53Z,R-02,Hover,Radiation,151.3,OK
2055-10-12T11:37:58Z,R-01,Tracked,Radiation,#VALUE!,ERROR
2055-10-12T11:38:03Z,R-05,Tracked,Temperature,-26.7,OK
2055-10-12T11:38:04Z,R-02,Hover,Temperature,NULL,ERROR
2055-10-12T11:38:05Z,R-02,Hover,Radiation,108.9,OK
2055-10-12T11:38:08Z,R-02,Hover,Radiation,ERR,ERROR
2055-10-12T11:38:13Z,R-02,Hover,Atmosphere,97.0,OK
2055-10-12T11:38:18Z,R-03,Walker,Temperature,-22.7,OK
2055-10-12T11:38:21Z,R-02,Hover,Temperature,-69.2,OK
2055-10-12T11:38:25Z,R-01,Tracked,Temperature,-59.2,OK
2055-10-12T11:38:29Z,R-04,Hover,Atmosphere,91.2,OK
2055-10-12T11:38:30Z,R-01,Tracked,Temperature,-10.7,OK
2055-10-12T11:38:33Z,R-05,Tracked,Atmosphere,95.5,OK
2055-10-12T11:38:35Z,R-02,Hover,Temperature,,ERROR
2055-10-12T11:38:39Z,R-03,Walker,Temperature,-12.6,OK
2055-10-12T11:38:41Z,R-01,Tracked,Radiation,277.8,OK
2055-10-12T11:38:45Z,R-01,Tracked,Temperature,-21.9,ERROR
2055-10-12T11:38:49Z,R-02,Hover,Radiation,185.7,OK
2055-10-12T11:38:53Z,R-04,Hover,Radiation,100.7,OK
2055-10-12T11:38:58Z,R-01,Tracked,Atmosphere,91.2,OK
2055-10-12T11:39:03Z,R-04,Hover,Atmosphere,94.4,OK
2055-10-12T11:39:06Z,R-04,Hover,Radiation,273.8,OK
2055-10-12T11:39:11Z,R-05,Tracked,Atmosphere,NaN,ERROR
2055-10-12T11:39:15Z,R-01,Tracked,Atmosphere,93.7,OK
2055-10-12T11:39:17Z,R-02,Hover,Atmosphere,92.8,OK
2055-10-12T11:39:18Z,R-05,Tracked,Radiation,239.8,OK
2055-10-12T11:39:20Z,R-02,Hover,Atmosphere,94.9,OK
2055-10-12T11:39:23Z,R-02,Hover,Atmosphere,97.4,OK
2055-10-12T11:39:25Z,R-03,Walker,Temperature,-47.4,OK
2055-10-12T11:39:28Z,R-01,Tracked,Temperature,-73.2,OK
2055-10-12T11:39:29Z,R-03,Walker,Atmosphere,ERR,ERROR
2055-10-12T11:39:33Z,R-05,Tracked,Temperature,-63.7,OK
2055-10-12T11:39:36Z,R-04,Hover,Temperature,-70.9,OK
2055-10-12T11:39:38Z,R-04,Hover,Atmosphere,99.7,OK
2055-10-12T11:39:42Z,R-02,Hover,Atmosphere,91.1,OK
2055-10-12T11:39:45Z,R-05,Tracked,Temperature,-12.7,OK
2055-10-12T11:39:47Z,R-02,Hover,Atmosphere,93.6,OK
2055-10-12T11:39:50Z,R-02,Hover,Radiation,279.0,OK
2055-10-12T11:39:51Z,R-03,Walker,Radiation,-100.0,ERROR
2055-10-12T11:39:52Z,R-03,Walker,Atmosphere,98.6,OK
2055-10-12T11:39:56Z,R-04,Hover,Temperature,-63.4,WARNING
2055-10-12T11:39:59Z,R-03,Walker,Radiation,94.2,OK
2055-10-12T11:40:03Z,R-02,Hover,Temperature,,ERROR
2055-10-12T11:40:08Z,R-04,Hover,Atmosphere,95.6,ERROR
2055-10-12T11:40:11Z,R-03,Walker,Radiation,161.8,OK
2055-10-12T11:40:13Z,R-05,Tracked,Radiation,245.6,OK
2055-10-12T11:40:18Z,R-01,Tracked,Atmosphere,94.7,OK
2055-10-12T11:40:21Z,R-04,Hover,Atmosphere,92.2,OK
2055-10-12T11:40:22Z,R-05,Tracked,Temperature,-65.9,OK
2055-10-12T11:40:26Z,R-02,Hover,Radiation,200.7,OK
2055-10-12T11:40:31Z,R-01,Tracked,Temperature,-9999.0,ERROR
2055-10-12T11:40:33Z,R-01,Tracked,Radiation,181.3,OK
2055-10-12T11:40:36Z,R-05,Tracked,Atmosphere,95.5,OK
2055-10-12T11:40:38Z,R-04,Hover,Atmosphere,92.7,OK
2055-10-12T11:40:39Z,R-05,Tracked,Radiation,73.6,OK
2055-10-12T11:40:41Z,R-04,Hover,Atmosphere,,ERROR
2055-10-12T11:40:42Z,R-05,Tracked,Temperature,-31.2,OK
2055-10-12T11:40:43Z,R-01,Tracked,Temperature,-73.8,OK
2055-10-12T11:40:45Z,R-02,Hover,Radiation,-100.0,ERROR
2055-10-12T11:40:50Z,R-03,Walker,Temperature,-75.0,OK
2055-10-12T11:40:54Z,R-05,Tracked,Radiation,161.2,OK
2055-10-12T11:40:57Z,R-02,Hover,Radiation,116.3,OK
2055-10-12T11:40:59Z,R-01,Tracked,Radiation,253.3,OK
2055-10-12T11:41:02Z,R-01,Tracked,Radiation,99999.0,ERROR
2055-10-12T11:41:06Z,R-01,Tracked,Radiation,232.4,OK
2055-10-12T11:41:10Z,R-02,Hover,Atmosphere,NaN,ERROR
2055-10-12T11:41:14Z,R-03,Walker,Atmosphere,90.6,ERROR
2055-10-12T11:41:15Z,R-05,Tracked,Radiation,66.2,OK
2055-10-12T11:41:16Z,R-05,Tracked,Temperature,-26.7,OK
2055-10-12T11:41:21Z,R-03,Walker,Atmosphere,98.0,OK
2055-10-12T11:41:23Z,R-04,Hover,Atmosphere,91.2,OK
2055-10-12T11:41:26Z,R-01,Tracked,Atmosphere,98.0,OK
2055-10-12T11:41:29Z,R-02,Hover,Radiation,135.9,OK
2055-10-12T11:41:32Z,R-04,Hover,Temperature,-50.6,OK
2055-10-12T11:41:37Z,R-04,Hover,Radiation,99999.0,ERROR
2055-10-12T11:41:38Z,R-04,Hover,Radiation,256.0,OK
2055-10-12T11:41:41Z,R-04,Hover,Temperature,-51.0,OK
2055-10-12T11:41:44Z,R-01,Tracked,Atmosphere,95.5,OK
2055-10-12T11:41:47Z,R-01,Tracked,Atmosphere,97.0,OK
2055-10-12T11:41:50Z,R-04,Hover,Temperature,-18.4,OK
2055-10-12T11:41:55Z,R-03,Walker,Atmosphere,,ERROR
2055-10-12T11:41:58Z,R-04,Hover,Radiation,80.1,OK
2055-10-12T11:42:03Z,R-05,Tracked,Temperature,-68.7,OK
2055-10-12T11:42:06Z,R-02,Hover,Radiation,,ERROR
2055-10-12T11:42:09Z,R-04,Hover,Radiation,58.7,OK
2055-10-12T11:42:14Z,R-01,Tracked,Radiation,154.0,OK
2055-10-12T11:42:16Z,R-03,Walker,Radiation,-100.0,ERROR
2055-10-12T11:42:18Z,R-01,Tracked,Temperature,-79.2,OK
2055-10-12T11:42:22Z,R-01,Tracked,Temperature,-59.1,OK
2055-10-12T11:42:26Z,R-02,Hover,Radiation,230.8,OK
2055-10-12T11:42:31Z,R-04,Hover,Temperature,-79.9,WARNING
2055-10-12T11:42:32Z,R-03,Walker,Radiation,NULL,ERROR
2055-10-12T11:42:35Z,R-01,Tracked,Radiation,164.2,OK
2055-10-12T11:42:37Z,R-03,Walker,Temperature,-15.0,OK
2055-10-12T11:42:40Z,R-01,Tracked,Temperature,,ERROR
2055-10-12T11:42:45Z,R-01,Tracked,Radiation,286.7,OK
2055-10-12T11:42:49Z,R-05,Tracked,Temperature,-60.4,OK
2055-10-12T11:42:50Z,R-04,Hover,Atmosphere,92.3,OK
2055-10-12T11:42:55Z,R-03,Walker,Temperature,-72.3,OK
2055-10-12T11:42:58Z,R-03,Walker,Temperature,-78.5,OK
2055-10-12T11:43:00Z,R-03,Walker,Atmosphere,95.9,OK
2055-10-12T11:43:03Z,R-04,Hover,Atmosphere,99.2,OK
2055-10-12T11:43:04Z,R-01,Tracked,Temperature,-40.1,OK
2055-10-12T11:43:05Z,R-01,Tracked,Atmosphere,97.1,OK
2055-10-12T11:43:06Z,R-01,Tracked,Temperature,-65.5,OK
2055-10-12T11:43:07Z,R-05,Tracked,Atmosphere,92.5,WARNING
2055-10-12T11:43:10Z,R-01,Tracked,Atmosphere,95.3,OK
2055-10-12T11:43:11Z,R-02,Hover,Atmosphere,92.0,OK
2055-10-12T11:43:12Z,R-01,Tracked,Atmosphere,96.1,ERROR
2055-10-12T11:43:13Z,R-02,Hover,Atmosphere,91.9,OK
2055-10-12T11:43:14Z,R-04,Hover,Atmosphere,92.0,OK
2055-10-12T11:43:19Z,R-02,Hover,Temperature,-43.4,OK
2055-10-12T11:43:23Z,R-01,Tracked,Atmosphere,94.2,OK
2055-10-12T11:43:25Z,R-04,Hover,Radiation,272.0,OK
2055-10-12T11:43:29Z,R-02,Hover,Radiation,160.3,OK
2055-10-12T11:43:34Z,R-05,Tracked,Temperature,-10.8,OK
2055-10-12T11:43:38Z,R-05,Tracked,Radiation,278.7,OK
2055-10-12T11:43:40Z,R-04,Hover,Temperature,-43.1,OK
2055-10-12T11:43:42Z,R-04,Hover,Atmosphere,98.1,OK
2055-10-12T11:43:43Z,R-02,Hover,Radiation,193.2,OK
2055-10-12T11:43:44Z,R-01,Tracked,Atmosphere,94.5,OK
2055-10-12T11:43:48Z,R-01,Tracked,Radiation,64.0,OK
2055-10-12T11:43:50Z,R-05,Tracked,Temperature,-69.3,OK
2055-10-12T11:43:51Z,R-04,Hover,Temperature,-23.4,ERROR
2055-10-12T11:43:55Z,R-01,Tracked,Radiation,264.9,OK
2055-10-12T11:44:00Z,R-04,Hover,Temperature,,ERROR
2055-10-12T11:44:02Z,R-01,Tracked,Radiation,247.4,OK
2055-10-12T11:44:06Z,R-05,Tracked,Radiation,197.6,OK
2055-10-12T11:44:11Z,R-01,Tracked,Atmosphere,,ERROR
2055-10-12T11:44:16Z,R-04,Hover,Atmosphere,,ERROR
2055-10-12T11:44:20Z,R-04,Hover,Temperature,-16.0,OK
2055-10-12T11:44:23Z,R-03,Walker,Temperature,-38.7,OK
2055-10-12T11:44:24Z,R-05,Tracked,Temperature,-74.0,OK
2055-10-12T11:44:29Z,R-04,Hover,Radiation,138.1,OK
2055-10-12T11:44:33Z,R-05,Tracked,Radiation,238.0,OK
2055-10-12T11:44:35Z,R-05,Tracked,Temperature,-33.8,OK
2055-10-12T11:44:39Z,R-04,Hover,Radiation,242.6,OK
2055-10-12T11:44:41Z,R-03,Walker,Atmosphere,90.4,OK
2055-10-12T11:44:43Z,R-02,Hover,Temperature,#VALUE!,ERROR
2055-10-12T11:44:47Z,R-02,Hover,Temperature,-31.2,OK
2055-10-12T11:44:50Z,R-03,Walker,Atmosphere,,ERROR
2055-10-12T11:44:55Z,R-01,Tracked,Temperature,-37.6,OK
2055-10-12T11:44:59Z,R-02,Hover,Radiation,59.8,OK
2055-10-12T11:45:03Z,R-04,Hover,Temperature,-73.5,OK
2055-10-12T11:45:05Z,R-05,Tracked,Atmosphere,91.6,OK
2055-10-12T11:45:10Z,R-02,Hover,Radiation,167.0,OK
2055-10-12T11:45:15Z,R-05,Tracked,Temperature,-14.0,OK
2055-10-12T11:45:16Z,R-05,Tracked,Temperature,-64.6,OK
2055-10-12T11:45:21Z,R-04,Hover,Radiation,290.7,OK
2055-10-12T11:45:25Z,R-05,Tracked,Temperature,-23.8,WARNING
2055-10-12T11:45:30Z,R-02,Hover,Atmosphere,91.9,OK
2055-10-12T11:45:33Z,R-05,Tracked,Atmosphere,99.1,OK
2055-10-12T11:45:36Z,R-05,Tracked,Temperature,-73.2,OK
2055-10-12T11:45:39Z,R-01,Tracked,Atmosphere,,ERROR
2055-10-12T11:45:42Z,R-01,Tracked,Atmosphere,94.7,OK
2055-10-12T11:45:45Z,R-01,Tracked,Temperature,-33.7,OK
2055-10-12T11:45:46Z,R-04,Hover,Temperature,-76.1,OK
2055-10-12T11:45:50Z,R-03,Walker,Temperature,ERR,ERROR
2055-10-12T11:45:51Z,R-05,Tracked,Atmosphere,92.6,OK
2055-10-12T11:45:55Z,R-04,Hover,Radiation,267.7,OK
2055-10-12T11:45:56Z,R-02,Hover,Radiation,163.3,OK
2055-10-12T11:45:57Z,R-02,Hover,Atmosphere,99.5,OK
2055-10-12T11:46:02Z,R-05,Tracked,Temperature,-57.4,OK
2055-10-12T11:46:04Z,R-01,Tracked,Atmosphere,92.8,OK
2055-10-12T11:46:09Z,R-03,Walker,Atmosphere,90.2,WARNING
2055-10-12T11:46:14Z,R-01,Tracked,Temperature,-73.9,OK
2055-10-12T11:46:15Z,R-01,Tracked,Temperature,-60.1,OK
2055-10-12T11:46:20Z,R-01,Tracked,Atmosphere,96.3,OK
2055-10-12T11:46:23Z,R-03,Walker,Radiation,190.4,OK
2055-10-12T11:46:24Z,R-05,Tracked,Radiation,64.4,OK
2055-10-12T11:46:26Z,R-05,Tracked,Radiation,54.3,OK
2055-10-12T11:46:31Z,R-01,Tracked,Temperature,-55.5,OK
2055-10-12T11:46:34Z,R-05,Tracked,Atmosphere,99.9,ERROR
2055-10-12T11:46:35Z,R-04,Hover,Temperature,-49.7,OK
2055-10-12T11:46:36Z,R-04,Hover,Radiation,143.5,OK
2055-10-12T11:46:37Z,R-04,Hover,Temperature,-68.4,OK
2055-10-12T11:46:42Z,R-02,Hover,Atmosphere,95.0,OK
2055-10-12T11:46:45Z,R-04,Hover,Temperature,-60.1,OK
2055-10-12T11:46:50Z,R-04,Hover,Temperature,-49.7,OK
2055-10-12T11:46:52Z,R-04,Hover,Atmosphere,99.0,WARNING
2055-10-12T11:46:57Z,R-03,Walker,Atmosphere,96.0,OK
2055-10-12T11:47:00Z,R-04,Hover,Temperature,-71.6,OK
2055-10-12T11:47:03Z,R-03,Walker,Atmosphere,96.2,OK
2055-10-12T11:47:06Z,R-02,Hover,Atmosphere,92.2,OK
2055-10-12T11:47:09Z,R-05,Tracked,Atmosphere,94.3,OK
2055-10-12T11:47:11Z,R-01,Tracked,Radiation,158.7,OK
2055-10-12T11:47:13Z,R-05,Tracked,Temperature,-40.8,OK
2055-10-12T11:47:14Z,R-04,Hover,Radiation,182.8,OK
2055-10-12T11:47:19Z,R-02,Hover,Radiation,63.8,OK
2055-10-12T11:47:24Z,R-05,Tracked,Atmosphere,98.7,OK
2055-10-12T11:47:26Z,R-04,Hover,Temperature,-68.4,OK
2055-10-12T11:47:28Z,R-03,Walker,Temperature,-49.5,OK
2055-10-12T11:47:29Z,R-03,Walker,Temperature,-49.5,OK
2055-10-12T11:47:33Z,R-05,Tracked,Radiation,231.8,OK
2055-10-12T11:47:34Z,R-04,Hover,Radiation,260.3,ERROR
2055-10-12T11:47:35Z,R-02,Hover,Temperature,-22.1,OK
2055-10-12T11:47:38Z,R-01,Tracked,Atmosphere,96.1,OK
2055-10-12T11:47:40Z,R-01,Tracked,Atmosphere,98.3,OK
2055-10-12T11:47:41Z,R-04,Hover,Temperature,-70.2,OK
2055-10-12T11:47:43Z,R-02,Hover,Atmosphere,99.1,OK
2055-10-12T11:47:46Z,R-05,Tracked,Radiation,83.8,OK
2055-10-12T11:47:48Z,R-03,Walker,Atmosphere,90.0,OK
2055-10-12T11:47:53Z,R-03,Walker,Radiation,122.4,OK
2055-10-12T11:47:55Z,R-05,Tracked,Radiation,234.9,OK
2055-10-12T11:47:56Z,R-01,Tracked,Radiation,167.4,OK
2055-10-12T11:47:58Z,R-04,Hover,Radiation,207.5,OK
2055-10-12T11:48:03Z,R-03,Walker,Atmosphere,97.1,WARNING
2055-10-12T11:48:07Z,R-05,Tracked,Atmosphere,97.1,OK
2055-10-12T11:48:09Z,R-01,Tracked,Temperature,,ERROR
2055-10-12T11:48:12Z,R-04,Hover,Atmosphere,NaN,ERROR
2055-10-12T11:48:17Z,R-01,Tracked,Radiation,71.3,OK
2055-10-12T11:48:19Z,R-05,Tracked,Atmosphere,92.8,OK
2055-10-12T11:48:21Z,R-03,Walker,Atmosphere,95.4,OK
2055-10-12T11:48:22Z,R-05,Tracked,Atmosphere,97.6,OK
2055-10-12T11:48:23Z,R-02,Hover,Atmosphere,97.1,OK
2055-10-12T11:48:25Z,R-04,Hover,Temperature,-25.1,OK
2055-10-12T11:48:28Z,R-02,Hover,Radiation,,ERROR
2055-10-12T11:48:33Z,R-02,Hover,Radiation,127.8,OK
2055-10-12T11:48:35Z,R-05,Tracked,Temperature,-58.3,ERROR
2055-10-12T11:48:38Z,R-03,Walker,Radiation,248.3,OK
2055-10-12T11:48:42Z,R-01,Tracked,Atmosphere,99.1,OK
2055-10-12T11:48:43Z,R-04,Hover,Radiation,164.5,OK
2055-10-12T11:48:45Z,R-03,Walker,Radiation,-100.0,ERROR
2055-10-12T11:48:46Z,R-04,Hover,Radiation,121.5,OK
2055-10-12T11:48:49Z,R-04,Hover,Temperature,-60.4,OK
2055-10-12T11:48:53Z,R-01,Tracked,Radiation,234.2,OK
2055-10-12T11:48:58Z,R-02,Hover,Atmosphere,96.1,OK
2055-10-12T11:49:02Z,R-02,Hover,Radiation,66.9,ERROR
2055-10-12T11:49:05Z,R-02,Hover,Atmosphere,99.2,OK
2055-10-12T11:49:07Z,R-04,Hover,Radiation,126.8,OK
2055-10-12T11:49:11Z,R-04,Hover,Temperature,-31.2,OK
2055-10-12T11:49:14Z,R-02,Hover,Radiation,453.1,WARNING
2055-10-12T11:49:15Z,R-02,Hover,Radiation,70.4,ERROR
2055-10-12T11:49:20Z,R-03,Walker,Radiation,287.7,OK
2055-10-12T11:49:22Z,R-04,Hover,Temperature,-20.6,OK
2055-10-12T11:49:23Z,R-01,Tracked,Atmosphere,96.1,OK
2055-10-12T11:49:24Z,R-03,Walker,Atmosphere,,ERROR
2055-10-12T11:49:25Z,R-03,Walker,Temperature,-31.3,OK
2055-10-12T11:49:29Z,R-01,Tracked,Temperature,5000.0,ERROR
2055-10-12T11:49:30Z,R-01,Tracked,Atmosphere,91.8,ERROR
2055-10-12T11:49:31Z,R-01,Tracked,Radiation,160.4,OK
2055-10-12T11:49:34Z,R-03,Walker,Atmosphere,99.1,OK
2055-10-12T11:49:35Z,R-03,Walker,Radiation,190.9,OK
2055-10-12T11:49:39Z,R-04,Hover,Atmosphere,94.5,OK
2055-10-12T11:49:43Z,R-01,Tracked,Atmosphere,98.1,OK
2055-10-12T11:49:44Z,R-05,Tracked,Temperature,-73.6,OK
2055-10-12T11:49:46Z,R-01,Tracked,Atmosphere,94.0,OK
2055-10-12T11:49:48Z,R-01,Tracked,Temperature,-70.8,OK
2055-10-12T11:49:53Z,R-04,Hover,Temperature,-14.7,OK
2055-10-12T11:49:56Z,R-04,Hover,Temperature,5000.0,ERROR
2055-10-12T11:49:59Z,R-05,Tracked,Temperature,-31.4,OK
2055-10-12T11:50:04Z,R-02,Hover,Atmosphere,99.2,OK
2055-10-12T11:50:09Z,R-01,Tracked,Atmosphere,93.4,OK
2055-10-12T11:50:14Z,R-01,Tracked,Radiation,181.3,ERROR
2055-10-12T11:50:19Z,R-02,Hover,Atmosphere,96.6,OK
2055-10-12T11:50:21Z,R-05,Tracked,Temperature,-69.8,OK
2055-10-12T11:50:25Z,R-04,Hover,Atmosphere,98.1,OK
2055-10-12T11:50:30Z,R-02,Hover,Radiation,139.2,OK
2055-10-12T11:50:32Z,R-01,Tracked,Temperature,-67.5,OK
2055-10-12T11:50:33Z,R-02,Hover,Temperature,-22.7,OK
2055-10-12T11:50:36Z,R-02,Hover,Radiation,160.8,OK
2055-10-12T11:50:38Z,R-02,Hover,Atmosphere,99.4,OK
2055-10-12T11:50:43Z,R-03,Walker,Temperature,-14.6,OK
2055-10-12T11:50:47Z,R-01,Tracked,Atmosphere,99.1,WARNING
2055-10-12T11:50:52Z,R-01,Tracked,Atmosphere,99.3,OK
2055-10-12T11:50:57Z,R-04,Hover,Atmosphere,93.2,OK
2055-10-12T11:50:59Z,R-03,Walker,Temperature,-26.2,OK
2055-10-12T11:51:02Z,R-04,Hover,Temperature,-42.5,OK
2055-10-12T11:51:03Z,R-04,Hover,Atmosphere,99.9,OK
2055-10-12T11:51:06Z,R-01,Tracked,Atmosphere,93.6,OK
2055-10-12T11:51:11Z,R-02,Hover,Temperature,-45.4,OK
2055-10-12T11:51:12Z,R-04,Hover,Temperature,-19.8,OK
2055-10-12T11:51:15Z,R-03,Walker,Temperature,#VALUE!,ERROR
2055-10-12T11:51:19Z,R-03,Walker,Radiation,263.5,OK
2055-10-12T11:51:20Z,R-04,Hover,Temperature,-43.5,OK
2055-10-12T11:51:22Z,R-03,Walker,Radiation,225.2,OK
2055-10-12T11:51:23Z,R-05,Tracked,Atmosphere,90.3,OK
2055-10-12T11:51:24Z,R-04,Hover,Atmosphere,95.2,OK
2055-10-12T11:51:25Z,R-03,Walker,Radiation,475.8,WARNING
2055-10-12T11:51:28Z,R-01,Tracked,Radiation,196.3,OK
2055-10-12T11:51:30Z,R-04,Hover,Temperature,-76.1,WARNING
2055-10-12T11:51:35Z,R-05,Tracked,Temperature,-26.2,OK
2055-10-12T11:51:40Z,R-03,Walker,Atmosphere,99.9,OK
2055-10-12T11:51:41Z,R-05,Tracked,Atmosphere,96.2,OK
2055-10-12T11:51:46Z,R-05,Tracked,Temperature,-75.6,OK
2055-10-12T11:51:49Z,R-03,Walker,Temperature,-74.4,OK
2055-10-12T11:51:54Z,R-04,Hover,Temperature,-65.1,OK
2055-10-12T11:51:59Z,R-02,Hover,Temperature,,ERROR
2055-10-12T11:52:01Z,R-03,Walker,Atmosphere,93.1,ERROR
2055-10-12T11:52:06Z,R-04,Hover,Radiation,265.9,OK
2055-10-12T11:52:08Z,R-02,Hover,Atmosphere,96.4,OK
2055-10-12T11:52:10Z,R-03,Walker,Temperature,-15.5,OK
2055-10-12T11:52:14Z,R-04,Hover,Radiation,-100.0,ERROR
2055-10-12T11:52:15Z,R-02,Hover,Temperature,-64.4,OK
2055-10-12T11:52:17Z,R-02,Hover,Radiation,116.8,OK
2055-10-12T11:52:22Z,R-02,Hover,Radiation,60.7,OK
2055-10-12T11:52:23Z,R-02,Hover,Temperature,-38.9,OK
2055-10-12T11:52:28Z,R-01,Tracked,Radiation,485.9,ERROR
2055-10-12T11:52:33Z,R-02,Hover,Temperature,-76.9,OK
2055-10-12T11:52:36Z,R-01,Tracked,Temperature,-62.3,OK
2055-10-12T11:52:38Z,R-05,Tracked,Atmosphere,90.1,OK
2055-10-12T11:52:42Z,R-05,Tracked,Radiation,108.4,OK
2055-10-12T11:52:44Z,R-03,Walker,Radiation,99999.0,ERROR
2055-10-12T11:52:45Z,R-02,Hover,Temperature,-44.5,OK
2055-10-12T11:52:46Z,R-01,Tracked,Temperature,-36.0,OK
2055-10-12T11:52:50Z,R-02,Hover,Radiation,261.6,OK
2055-10-12T11:52:55Z,R-01,Tracked,Temperature,-14.1,OK
2055-10-12T11:52:56Z,R-04,Hover,Atmosphere,97.2,OK
2055-10-12T11:53:00Z,R-03,Walker,Radiation,160.3,OK
2055-10-12T11:53:01Z,R-02,Hover,Temperature,-40.8,OK
2055-10-12T11:53:05Z,R-01,Tracked,Temperature,-47.9,OK
2055-10-12T11:53:06Z,R-05,Tracked,Atmosphere,97.8,OK
2055-10-12T11:53:10Z,R-05,Tracked,Atmosphere,92.8,OK
2055-10-12T11:53:13Z,R-04,Hover,Atmosphere,ERR,ERROR
2055-10-12T11:53:14Z,R-01,Tracked,Atmosphere,91.0,OK
2055-10-12T11:53:19Z,R-01,Tracked,Atmosphere,95.3,OK
2055-10-12T11:53:23Z,R-01,Tracked,Atmosphere,96.4,OK
2055-10-12T11:53:27Z,R-04,Hover,Temperature,-36.1,OK
2055-10-12T11:53:28Z,R-05,Tracked,Temperature,-75.5,OK
2055-10-12T11:53:29Z,R-04,Hover,Atmosphere,97.2,OK
2055-10-12T11:53:34Z,R-03,Walker,Radiation,260.6,OK
2055-10-12T11:53:39Z,R-02,Hover,Radiation,254.7,OK
2055-10-12T11:53:41Z,R-05,Tracked,Temperature,-52.9,OK
2055-10-12T11:53:42Z,R-05,Tracked,Atmosphere,92.9,OK
2055-10-12T11:53:45Z,R-02,Hover,Atmosphere,90.8,OK
2055-10-12T11:53:48Z,R-05,Tracked,Temperature,-74.5,OK
2055-10-12T11:53:49Z,R-04,Hover,Atmosphere,90.3,OK
2055-10-12T11:53:51Z,R-05,Tracked,Atmosphere,94.6,OK
2055-10-12T11:53:56Z,R-03,Walker,Temperature,NaN,ERROR
2055-10-12T11:53:58Z,R-04,Hover,Atmosphere,NaN,ERROR
2055-10-12T11:54:00Z,R-04,Hover,Atmosphere,98.2,OK
2055-10-12T11:54:05Z,R-05,Tracked,Atmosphere,92.3,OK
2055-10-12T11:54:07Z,R-04,Hover,Temperature,#VALUE!,ERROR
2055-10-12T11:54:10Z,R-02,Hover,Temperature,-65.7,OK
2055-10-12T11:54:14Z,R-03,Walker,Temperature,-32.3,ERROR
2055-10-12T11:54:19Z,R-01,Tracked,Radiation,84.6,OK
2055-10-12T11:54:20Z,R-01,Tracked,Atmosphere,99.3,OK
2055-10-12T11:54:24Z,R-03,Walker,Atmosphere,96.5,ERROR
2055-10-12T11:54:27Z,R-01,Tracked,Temperature,-67.5,OK
2055-10-12T11:54:29Z,R-01,Tracked,Atmosphere,94.7,OK
2055-10-12T11:54:31Z,R-05,Tracked,Radiation,280.8,OK
2055-10-12T11:54:32Z,R-02,Hover,Radiation,97.6,OK
2055-10-12T11:54:35Z,R-04,Hover,Radiation,160.9,OK
2055-10-12T11:54:37Z,R-03,Walker,Temperature,-49.8,OK
2055-10-12T11:54:39Z,R-04,Hover,Radiation,137.3,OK
2055-10-12T11:54:44Z,R-04,Hover,Atmosphere,90.1,ERROR
2055-10-12T11:54:46Z,R-01,Tracked,Radiation,211.9,OK
2055-10-12T11:54:48Z,R-05,Tracked,Atmosphere,95.8,WARNING
2055-10-12T11:54:52Z,R-04,Hover,Radiation,55.0,OK
2055-10-12T11:54:57Z,R-01,Tracked,Radiation,276.7,OK
2055-10-12T11:55:00Z,R-02,Hover,Temperature,ERR,ERROR
2055-10-12T11:55:02Z,R-03,Walker,Radiation,239.4,OK
2055-10-12T11:55:05Z,R-02,Hover,Atmosphere,99.6,OK
2055-10-12T11:55:08Z,R-05,Tracked,Atmosphere,ERR,ERROR
2055-10-12T11:55:11Z,R-05,Tracked,Temperature,-61.6,OK
2055-10-12T11:55:16Z,R-05,Tracked,Temperature,-65.0,WARNING
2055-10-12T11:55:18Z,R-05,Tracked,Radiation,74.9,OK
2055-10-12T11:55:20Z,R-05,Tracked,Atmosphere,95.5,OK
2055-10-12T11:55:21Z,R-04,Hover,Temperature,-73.0,OK
2055-10-12T11:55:22Z,R-04,Hover,Radiation,N/A,ERROR
2055-10-12T11:55:24Z,R-01,Tracked,Radiation,254.4,OK
2055-10-12T11:55:27Z,R-02,Hover,Temperature,-77.1,OK
2055-10-12T11:55:29Z,R-04,Hover,Temperature,-17.0,OK
2055-10-12T11:55:30Z,R-03,Walker,Atmosphere,,ERROR
2055-10-12T11:55:33Z,R-05,Tracked,Temperature,-76.9,OK
2055-10-12T11:55:34Z,R-01,Tracked,Atmosphere,96.4,OK
2055-10-12T11:55:37Z,R-05,Tracked,Radiation,143.2,OK
2055-10-12T11:55:38Z,R-05,Tracked,Atmosphere,94.3,OK
2055-10-12T11:55:41Z,R-05,Tracked,Temperature,-18.8,OK
2055-10-12T11:55:45Z,R-01,Tracked,Temperature,-61.1,ERROR
2055-10-12T11:55:49Z,R-05,Tracked,Radiation,138.6,OK
2055-10-12T11:55:52Z,R-05,Tracked,Temperature,-26.9,OK
2055-10-12T11:55:57Z,R-03,Walker,Radiation,90.4,OK
2055-10-12T11:55:58Z,R-04,Hover,Atmosphere,90.3,ERROR
2055-10-12T11:56:01Z,R-01,Tracked,Atmosphere,,ERROR
2055-10-12T11:56:05Z,R-03,Walker,Temperature,-78.9,OK
2055-10-12T11:56:07Z,R-04,Hover,Temperature,-55.8,OK
2055-10-12T11:56:08Z,R-02,Hover,Atmosphere,99.2,OK
2055-10-12T11:56:13Z,R-05,Tracked,Radiation,145.7,OK
2055-10-12T11:56:14Z,R-02,Hover,Atmosphere,94.6,WARNING
2055-10-12T11:56:18Z,R-05,Tracked,Radiation,-100.0,ERROR
2055-10-12T11:56:23Z,R-04,Hover,Radiation,52.4,OK
2055-10-12T11:56:27Z,R-04,Hover,Radiation,242.7,OK
2055-10-12T11:56:32Z,R-02,Hover,Temperature,-56.2,OK
2055-10-12T11:56:33Z,R-05,Tracked,Temperature,-67.6,OK
2055-10-12T11:56:38Z,R-03,Walker,Temperature,-9999.0,ERROR
2055-10-12T11:56:41Z,R-04,Hover,Radiation,269.1,OK
2055-10-12T11:56:44Z,R-05,Tracked,Radiation,197.4,OK
2055-10-12T11:56:48Z,R-04,Hover,Atmosphere,95.2,OK
2055-10-12T11:56:50Z,R-05,Tracked,Radiation,239.0,OK
2055-10-12T11:56:55Z,R-05,Tracked,Temperature,-41.5,OK
2055-10-12T11:56:58Z,R-04,Hover,Temperature,-75.6,OK
2055-10-12T11:57:03Z,R-02,Hover,Temperature,-79.1,OK
2055-10-12T11:57:06Z,R-01,Tracked,Atmosphere,93.5,OK
2055-10-12T11:57:11Z,R-01,Tracked,Radiation,142.4,OK
2055-10-12T11:57:13Z,R-01,Tracked,Temperature,-9999.0,ERROR
2055-10-12T11:57:14Z,R-01,Tracked,Atmosphere,92.0,OK
2055-10-12T11:57:15Z,R-02,Hover,Atmosphere,98.7,OK
2055-10-12T11:57:16Z,R-02,Hover,Radiation,90.7,OK
2055-10-12T11:57:18Z,R-05,Tracked,Temperature,-26.1,OK
2055-10-12T11:57:23Z,R-04,Hover,Temperature,-51.7,OK
2055-10-12T11:57:26Z,R-04,Hover,Radiation,271.9,OK
2055-10-12T11:57:28Z,R-05,Tracked,Temperature,-53.9,OK
2055-10-12T11:57:33Z,R-03,Walker,Temperature,-42.6,OK
2055-10-12T11:57:37Z,R-04,Hover,Temperature,ERR,ERROR
2055-10-12T11:57:41Z,R-05,Tracked,Temperature,-28.1,OK
2055-10-12T11:57:46Z,R-01,Tracked,Radiation,244.1,OK
2055-10-12T11:57:47Z,R-03,Walker,Atmosphere,97.3,OK
2055-10-12T11:57:48Z,R-04,Hover,Temperature,-18.5,OK
2055-10-12T11:57:50Z,R-03,Walker,Temperature,-78.7,OK
2055-10-12T11:57:51Z,R-03,Walker,Radiation,151.8,OK
2055-10-12T11:57:53Z,R-01,Tracked,Atmosphere,92.6,OK
2055-10-12T11:57:58Z,R-02,Hover,Radiation,196.4,OK
2055-10-12T11:57:59Z,R-05,Tracked,Radiation,75.7,OK
2055-10-12T11:58:01Z,R-01,Tracked,Radiation,233.5,OK
2055-10-12T11:58:05Z,R-04,Hover,Atmosphere,93.1,OK
2055-10-12T11:58:07Z,R-02,Hover,Temperature,-14.0,OK
2055-10-12T11:58:11Z,R-01,Tracked,Temperature,-10.0,OK
2055-10-12T11:58:12Z,R-04,Hover,Atmosphere,96.4,OK
2055-10-12T11:58:14Z,R-03,Walker,Radiation,155.0,OK
2055-10-12T11:58:18Z,R-03,Walker,Radiation,144.3,OK
2055-10-12T11:58:21Z,R-03,Walker,Radiation,183.9,OK
2055-10-12T11:58:26Z,R-02,Hover,Temperature,-53.8,OK
2055-10-12T11:58:28Z,R-03,Walker,Temperature,-45.7,OK
2055-10-12T11:58:30Z,R-04,Hover,Atmosphere,99.9,OK
2055-10-12T11:58:32Z,R-04,Hover,Atmosphere,,ERROR
2055-10-12T11:58:33Z,R-03,Walker,Atmosphere,94.0,OK
2055-10-12T11:58:35Z,R-02,Hover,Atmosphere,95.5,ERROR
2055-10-12T11:58:38Z,R-04,Hover,Temperature,-44.6,OK
2055-10-12T11:58:41Z,R-05,Tracked,Temperature,-17.3,OK
2055-10-12T11:58:42Z,R-03,Walker,Temperature,-28.1,OK
2055-10-12T11:58:47Z,R-04,Hover,Atmosphere,95.1,OK
2055-10-12T11:58:48Z,R-04,Hover,Atmosphere,90.7,OK
2055-10-12T11:58:49Z,R-03,Walker,Atmosphere,95.9,OK
2055-10-12T11:58:54Z,R-05,Tracked,Atmosphere,98.0,OK
2055-10-12T11:58:55Z,R-01,Tracked,Temperature,-22.9,OK
2055-10-12T11:58:57Z,R-03,Walker,Radiation,178.8,OK
2055-10-12T11:59:01Z,R-03,Walker,Temperature,-73.1,OK
2055-10-12T11:59:04Z,R-01,Tracked,Atmosphere,98.3,OK
2055-10-12T11:59:07Z,R-02,Hover,Atmosphere,90.7,OK
2055-10-12T11:59:10Z,R-04,Hover,Atmosphere,98.3,OK
2055-10-12T11:59:13Z,R-02,Hover,Radiation,69.7,OK
2055-10-12T11:59:18Z,R-01,Tracked,Temperature,-48.6,OK
2055-10-12T11:59:21Z,R-03,Walker,Radiation,269.5,OK
2055-10-12T11:59:26Z,R-02,Hover,Radiation,99999.0,ERROR
2055-10-12T11:59:31Z,R-01,Tracked,Radiation,136.9,OK
2055-10-12T11:59:35Z,R-04,Hover,Radiation,182.3,OK
2055-10-12T11:59:38Z,R-04,Hover,Temperature,,ERROR
2055-10-12T11:59:41Z,R-02,Hover,Temperature,-71.4,OK
2055-10-12T11:59:45Z,R-03,Walker,Radiation,125.7,OK
2055-10-12T11:59:46Z,R-02,Hover,Temperature,-37.6,OK
2055-10-12T11:59:51Z,R-01,Tracked,Temperature,-45.3,OK
2055-10-12T11:59:53Z,R-04,Hover,Atmosphere,95.0,OK
2055-10-12T11:59:57Z,R-01,Tracked,Temperature,-48.4,OK
2055-10-12T12:00:01Z,R-04,Hover,Temperature,-50.8,OK
2055-10-12T12:00:06Z,R-05,Tracked,Radiation,104.8,OK
2055-10-12T12:00:07Z,R-02,Hover,Temperature,-10.3,OK
2055-10-12T12:00:12Z,R-02,Hover,Temperature,-14.0,OK
2055-10-12T12:00:17Z,R-04,Hover,Temperature,N/A,ERROR
2055-10-12T12:00:20Z,R-02,Hover,Temperature,-66.0,OK
2055-10-12T12:00:21Z,R-02,Hover,Atmosphere,90.3,OK
2055-10-12T12:00:26Z,R-02,Hover,Temperature,-42.5,OK
2055-10-12T12:00:27Z,R-01,Tracked,Radiation,295.7,OK
2055-10-12T12:00:32Z,R-01,Tracked,Atmosphere,90.9,OK
2055-10-12T12:00:35Z,R-01,Tracked,Temperature,-63.1,OK
2055-10-12T12:00:40Z,R-01,Tracked,Temperature,-57.4,WARNING
2055-10-12T12:00:45Z,R-04,Hover,Temperature,-32.4,OK
2055-10-12T12:00:50Z,R-05,Tracked,Radiation,59.8,OK
2055-10-12T12:00:51Z,R-04,Hover,Radiation,272.4,OK
2055-10-12T12:00:55Z,R-03,Walker,Atmosphere,98.6,ERROR
2055-10-12T12:01:00Z,R-03,Walker,Temperature,-73.2,OK
2055-10-12T12:01:04Z,R-05,Tracked,Radiation,N/A,ERROR
2055-10-12T12:01:05Z,R-02,Hover,Atmosphere,97.0,OK
2055-10-12T12:01:09Z,R-05,Tracked,Radiation,171.1,OK
2055-10-12T12:01:12Z,R-05,Tracked,Atmosphere,99.2,OK
2055-10-12T12:01:15Z,R-05,Tracked,Radiation,-100.0,ERROR
2055-10-12T12:01:16Z,R-05,Tracked,Atmosphere,99.4,OK
2055-10-12T12:01:20Z,R-01,Tracked,Atmosphere,90.7,WARNING
2055-10-12T12:01:24Z,R-02,Hover,Atmosphere,93.5,WARNING
2055-10-12T12:01:27Z,R-04,Hover,Atmosphere,96.0,OK
2055-10-12T12:01:32Z,R-02,Hover,Atmosphere,96.0,OK
2055-10-12T12:01:35Z,R-01,Tracked,Temperature,-57.4,WARNING
2055-10-12T12:01:40Z,R-05,Tracked,Temperature,-26.8,WARNING
2055-10-12T12:01:42Z,R-05,Tracked,Radiation,189.8,OK
2055-10-12T12:01:47Z,R-03,Walker,Radiation,80.0,OK
2055-10-12T12:01:50Z,R-01,Tracked,Radiation,266.1,OK
2055-10-12T12:01:55Z,R-03,Walker,Temperature,-64.5,OK
2055-10-12T12:01:57Z,R-01,Tracked,Temperature,-20.4,OK
2055-10-12T12:02:01Z,R-03,Walker,Radiation,134.1,OK
2055-10-12T12:02:06Z,R-04,Hover,Atmosphere,96.8,OK
2055-10-12T12:02:11Z,R-03,Walker,Radiation,240.6,OK
2055-10-12T12:02:12Z,R-01,Tracked,Temperature,-79.4,OK
2055-10-12T12:02:15Z,R-01,Tracked,Radiation,241.2,OK
2055-10-12T12:02:16Z,R-01,Tracked,Radiation,233.7,OK
2055-10-12T12:02:19Z,R-04,Hover,Radiation,234.8,OK
2055-10-12T12:02:23Z,R-02,Hover,Temperature,-75.1,OK
2055-10-12T12:02:24Z,R-02,Hover,Temperature,-33.5,OK
2055-10-12T12:02:27Z,R-02,Hover,Temperature,-27.7,OK
2055-10-12T12:02:28Z,R-01,Tracked,Temperature,-74.9,OK
2055-10-12T12:02:33Z,R-05,Tracked,Temperature,-34.6,OK
2055-10-12T12:02:37Z,R-03,Walker,Temperature,-68.2,OK
2055-10-12T12:02:41Z,R-02,Hover,Radiation,265.7,OK
2055-10-12T12:02:44Z,R-02,Hover,Temperature,-75.3,OK
2055-10-12T12:02:49Z,R-05,Tracked,Atmosphere,90.1,WARNING
2055-10-12T12:02:54Z,R-04,Hover,Temperature,-55.7,OK
2055-10-12T12:02:56Z,R-03,Walker,Temperature,-26.3,OK
2055-10-12T12:02:57Z,R-02,Hover,Atmosphere,94.0,ERROR
2055-10-12T12:02:59Z,R-05,Tracked,Radiation,193.4,OK
2055-10-12T12:03:03Z,R-03,Walker,Atmosphere,91.1,OK
2055-10-12T12:03:07Z,R-01,Tracked,Atmosphere,90.1,OK
2055-10-12T12:03:11Z,R-05,Tracked,Atmosphere,99.5,ERROR
2055-10-12T12:03:16Z,R-05,Tracked,Temperature,-9999.0,ERROR
2055-10-12T12:03:20Z,R-01,Tracked,Temperature,-39.0,OK
2055-10-12T12:03:25Z,R-02,Hover,Atmosphere,95.0,OK
2055-10-12T12:03:29Z,R-02,Hover,Atmosphere,91.0,OK
2055-10-12T12:03:34Z,R-05,Tracked,Radiation,137.9,OK
2055-10-12T12:03:36Z,R-03,Walker,Radiation,211.8,ERROR
2055-10-12T12:03:40Z,R-05,Tracked,Atmosphere,96.9,OK
2055-10-12T12:03:44Z,R-05,Tracked,Radiation,201.1,OK
2055-10-12T12:03:49Z,R-03,Walker,Radiation,74.7,OK
2055-10-12T12:03:54Z,R-01,Tracked,Radiation,278.7,OK
2055-10-12T12:03:57Z,R-03,Walker,Temperature,-30.5,OK
2055-10-12T12:03:58Z,R-04,Hover,Radiation,262.8,OK
2055-10-12T12:03:59Z,R-01,Tracked,Radiation,139.0,OK
2055-10-12T12:04:04Z,R-01,Tracked,Temperature,-25.0,OK
2055-10-12T12:04:09Z,R-01,Tracked,Atmosphere,98.7,ERROR
2055-10-12T12:04:12Z,R-01,Tracked,Radiation,-100.0,ERROR
2055-10-12T12:04:14Z,R-05,Tracked,Atmosphere,96.0,OK
2055-10-12T12:04:15Z,R-03,Walker,Temperature,-62.4,OK
2055-10-12T12:04:20Z,R-05,Tracked,Temperature,-44.1,WARNING
2055-10-12T12:04:24Z,R-03,Walker,Temperature,-53.4,OK
2055-10-12T12:04:29Z,R-01,Tracked,Atmosphere,92.0,WARNING
2055-10-12T12:04:30Z,R-05,Tracked,Atmosphere,98.5,OK
2055-10-12T12:04:33Z,R-02,Hover,Atmosphere,,ERROR
2055-10-12T12:04:34Z,R-02,Hover,Radiation,140.4,OK
2055-10-12T12:04:35Z,R-03,Walker,Temperature,NULL,ERROR
2055-10-12T12:04:40Z,R-02,Hover,Radiation,203.9,OK
2055-10-12T12:04:43Z,R-03,Walker,Atmosphere,93.5,OK
2055-10-12T12:04:45Z,R-01,Tracked,Temperature,-52.3,OK
2055-10-12T12:04:50Z,R-02,Hover,Atmosphere,93.4,OK
2055-10-12T12:04:54Z,R-04,Hover,Radiation,137.1,OK
2055-10-12T12:04:55Z,R-05,Tracked,Radiation,90.1,OK
2055-10-12T12:04:58Z,R-03,Walker,Radiation,178.6,OK
2055-10-12T12:05:01Z,R-02,Hover,Atmosphere,98.0,OK
2055-10-12T12:05:06Z,R-02,Hover,Radiation,82.5,ERROR
2055-10-12T12:05:09Z,R-03,Walker,Temperature,-34.9,ERROR
2055-10-12T12:05:13Z,R-04,Hover,Temperature,-55.2,WARNING
2055-10-12T12:05:15Z,R-04,Hover,Radiation,270.9,OK
2055-10-12T12:05:16Z,R-05,Tracked,Atmosphere,96.5,WARNING
2055-10-12T12:05:20Z,R-03,Walker,Temperature,-70.9,OK
2055-10-12T12:05:24Z,R-03,Walker,Radiation,141.4,OK
2055-10-12T12:05:27Z,R-03,Walker,Temperature,-68.9,OK
2055-10-12T12:05:29Z,R-01,Tracked,Radiation,-100.0,ERROR
2055-10-12T12:05:31Z,R-03,Walker,Temperature,-21.8,OK
2055-10-12T12:05:34Z,R-05,Tracked,Temperature,-77.0,OK
2055-10-12T12:05:39Z,R-03,Walker,Radiation,81.9,OK
2055-10-12T12:05:43Z,R-05,Tracked,Radiation,233.1,OK
2055-10-12T12:05:47Z,R-01,Tracked,Atmosphere,99.0,OK
2055-10-12T12:05:51Z,R-05,Tracked,Atmosphere,98.0,OK
2055-10-12T12:05:55Z,R-01,Tracked,Temperature,-15.8,OK
2055-10-12T12:05:58Z,R-04,Hover,Radiation,128.4,OK
2055-10-12T12:06:03Z,R-04,Hover,Atmosphere,97.7,OK
2055-10-12T12:06:06Z,R-04,Hover,Atmosphere,97.4,OK
2055-10-12T12:06:08Z,R-01,Tracked,Atmosphere,98.0,OK
2055-10-12T12:06:09Z,R-01,Tracked,Radiation,278.7,OK
2055-10-12T12:06:14Z,R-02,Hover,Atmosphere,93.9,OK
2055-10-12T12:06:18Z,R-01,Tracked,Temperature,-60.8,OK
2055-10-12T12:06:21Z,R-04,Hover,Temperature,-72.8,OK
2055-10-12T12:06:25Z,R-01,Tracked,Radiation,298.5,OK
2055-10-12T12:06:27Z,R-02,Hover,Radiation,75.8,OK
2055-10-12T12:06:28Z,R-03,Walker,Temperature,-66.2,OK
2055-10-12T12:06:29Z,R-04,Hover,Temperature,-72.4,OK
2055-10-12T12:06:30Z,R-03,Walker,Radiation,210.9,OK
2055-10-12T12:06:34Z,R-02,Hover,Temperature,-38.6,OK
2055-10-12T12:06:38Z,R-04,Hover,Atmosphere,99.2,OK
2055-10-12T12:06:41Z,R-02,Hover,Atmosphere,94.2,OK
2055-10-12T12:06:46Z,R-02,Hover,Temperature,-13.0,OK
2055-10-12T12:06:50Z,R-03,Walker,Radiation,77.5,OK
2055-10-12T12:06:54Z,R-03,Walker,Atmosphere,94.4,WARNING
2055-10-12T12:06:55Z,R-01,Tracked,Radiation,111.8,OK
2055-10-12T12:06:56Z,R-03,Walker,Atmosphere,98.6,OK
2055-10-12T12:06:57Z,R-01,Tracked,Temperature,-46.4,OK
2055-10-12T12:06:59Z,R-04,Hover,Atmosphere,95.7,OK
2055-10-12T12:07:01Z,R-01,Tracked,Radiation,60.3,OK
2055-10-12T12:07:03Z,R-01,Tracked,Radiation,212.9,OK
2055-10-12T12:07:05Z,R-01,Tracked,Temperature,-78.6,OK
2055-10-12T12:07:07Z,R-01,Tracked,Atmosphere,95.6,OK
2055-10-12T12:07:11Z,R-03,Walker,Atmosphere,90.1,OK
2055-10-12T12:07:13Z,R-01,Tracked,Radiation,227.1,OK
2055-10-12T12:07:18Z,R-05,Tracked,Radiation,253.9,OK
2055-10-12T12:07:21Z,R-02,Hover,Radiation,290.9,OK
2055-10-12T12:07:26Z,R-04,Hover,Radiation,136.8,OK
2055-10-12T12:07:29Z,R-02,Hover,Atmosphere,93.5,OK
2055-10-12T12:07:33Z,R-01,Tracked,Radiation,130.2,OK
2055-10-12T12:07:36Z,R-03,Walker,Temperature,-68.7,OK
2055-10-12T12:07:38Z,R-05,Tracked,Temperature,-11.6,OK
2055-10-12T12:07:41Z,R-03,Walker,Temperature,-45.4,OK
2055-10-12T12:07:43Z,R-03,Walker,Temperature,-44.5,OK
2055-10-12T12:07:44Z,R-04,Hover,Temperature,-75.0,OK
2055-10-12T12:07:45Z,R-05,Tracked,Atmosphere,98.3,ERROR
2055-10-12T12:07:49Z,R-03,Walker,Temperature,-76.3,OK
2055-10-12T12:07:52Z,R-02,Hover,Temperature,5000.0,ERROR
2055-10-12T12:07:57Z,R-01,Tracked,Radiation,252.9,OK
2055-10-12T12:08:02Z,R-04,Hover,Radiation,280.5,OK
2055-10-12T12:08:03Z,R-05,Tracked,Radiation,88.4,OK
2055-10-12T12:08:05Z,R-02,Hover,Temperature,-13.1,OK
2055-10-12T12:08:09Z,R-02,Hover,Temperature,,ERROR
2055-10-12T12:08:14Z,R-05,Tracked,Radiation,171.8,OK
2055-10-12T12:08:16Z,R-02,Hover,Atmosphere,92.7,OK
2055-10-12T12:08:20Z,R-01,Tracked,Radiation,170.2,OK
2055-10-12T12:08:23Z,R-01,Tracked,Temperature,-33.1,OK
2055-10-12T12:08:24Z,R-01,Tracked,Temperature,ERR,ERROR
2055-10-12T12:08:25Z,R-01,Tracked,Temperature,-63.4,OK
2055-10-12T12:08:29Z,R-03,Walker,Temperature,-71.4,OK
2055-10-12T12:08:30Z,R-03,Walker,Temperature,-40.7,OK
2055-10-12T12:08:32Z,R-02,Hover,Radiation,97.8,OK
2055-10-12T12:08:34Z,R-05,Tracked,Radiation,99999.0,ERROR
2055-10-12T12:08:36Z,R-01,Tracked,Atmosphere,95.4,OK
2055-10-12T12:08:38Z,R-05,Tracked,Radiation,179.1,OK
2055-10-12T12:08:43Z,R-04,Hover,Atmosphere,95.5,OK
2055-10-12T12:08:44Z,R-01,Tracked,Temperature,-56.2,OK
2055-10-12T12:08:49Z,R-04,Hover,Temperature,NaN,ERROR
2055-10-12T12:08:53Z,R-02,Hover,Radiation,277.4,OK
2055-10-12T12:08:58Z,R-02,Hover,Temperature,-20.7,OK
2055-10-12T12:09:02Z,R-04,Hover,Atmosphere,98.8,OK
2055-10-12T12:09:05Z,R-04,Hover,Temperature,-65.7,OK
2055-10-12T12:09:09Z,R-02,Hover,Atmosphere,96.2,ERROR
2055-10-12T12:09:13Z,R-05,Tracked,Atmosphere,93.8,ERROR
2055-10-12T12:09:14Z,R-03,Walker,Temperature,-79.1,OK
2055-10-12T12:09:16Z,R-02,Hover,Atmosphere,,ERROR
2055-10-12T12:09:19Z,R-02,Hover,Temperature,-22.8,OK
2055-10-12T12:09:23Z,R-01,Tracked,Radiation,150.5,OK
2055-10-12T12:09:28Z,R-01,Tracked,Temperature,-35.6,WARNING
2055-10-12T12:09:33Z,R-02,Hover,Atmosphere,90.9,ERROR
2055-10-12T12:09:35Z,R-05,Tracked,Radiation,98.4,OK
2055-10-12T12:09:36Z,R-04,Hover,Atmosphere,,ERROR
2055-10-12T12:09:37Z,R-01,Tracked,Radiation,86.6,OK
2055-10-12T12:09:41Z,R-04,Hover,Temperature,-27.1,OK
2055-10-12T12:09:42Z,R-04,Hover,Radiation,106.7,OK
2055-10-12T12:09:45Z,R-01,Tracked,Temperature,-67.6,OK
2055-10-12T12:09:48Z,R-05,Tracked,Temperature,-73.7,WARNING
2055-10-12T12:09:51Z,R-02,Hover,Temperature,-10.0,OK
2055-10-12T12:09:53Z,R-02,Hover,Temperature,-75.2,OK
2055-10-12T12:09:57Z,R-04,Hover,Radiation,289.3,OK
2055-10-12T12:09:58Z,R-01,Tracked,Radiation,174.1,OK
2055-10-12T12:10:03Z,R-03,Walker,Temperature,-61.7,OK
2055-10-12T12:10:07Z,R-03,Walker,Radiation,,ERROR
2055-10-12T12:10:10Z,R-02,Hover,Atmosphere,98.6,OK
2055-10-12T12:10:12Z,R-04,Hover,Radiation,208.8,OK
2055-10-12T12:10:15Z,R-01,Tracked,Atmosphere,,ERROR
2055-10-12T12:10:18Z,R-05,Tracked,Atmosphere,92.5,OK
2055-10-12T12:10:19Z,R-02,Hover,Atmosphere,,ERROR
2055-10-12T12:10:22Z,R-01,Tracked,Temperature,-62.9,OK
2055-10-12T12:10:23Z,R-05,Tracked,Radiation,98.5,OK
2055-10-12T12:10:26Z,R-02,Hover,Temperature,-44.6,OK
2055-10-12T12:10:28Z,R-03,Walker,Radiation,109.4,OK
2055-10-12T12:10:30Z,R-02,Hover,Radiation,109.6,OK
2055-10-12T12:10:32Z,R-04,Hover,Atmosphere,,ERROR
2055-10-12T12:10:35Z,R-04,Hover,Atmosphere,95.6,OK
2055-10-12T12:10:37Z,R-01,Tracked,Temperature,-20.4,OK
2055-10-12T12:10:42Z,R-03,Walker,Atmosphere,98.0,OK
2055-10-12T12:10:45Z,R-02,Hover,Radiation,,ERROR
2055-10-12T12:10:50Z,R-04,Hover,Temperature,-65.8,OK
2055-10-12T12:10:53Z,R-05,Tracked,Temperature,-75.4,OK
2055-10-12T12:10:54Z,R-05,Tracked,Radiation,273.2,OK
2055-10-12T12:10:56Z,R-01,Tracked,Atmosphere,91.6,ERROR
2055-10-12T12:10:57Z,R-04,Hover,Atmosphere,,ERROR
2055-10-12T12:10:59Z,R-04,Hover,Radiation,160.6,OK
2055-10-12T12:11:03Z,R-03,Walker,Temperature,-69.2,OK
2055-10-12T12:11:07Z,R-05,Tracked,Temperature,-24.4,OK
2055-10-12T12:11:09Z,R-01,Tracked,Atmosphere,99.0,OK
2055-10-12T12:11:11Z,R-03,Walker,Radiation,160.3,OK
2055-10-12T12:11:14Z,R-03,Walker,Temperature,-41.8,OK
2055-10-12T12:11:15Z,R-04,Hover,Atmosphere,93.7,OK
2055-10-12T12:11:18Z,R-05,Tracked,Atmosphere,93.0,OK
2055-10-12T12:11:23Z,R-03,Walker,Radiation,173.7,OK
2055-10-12T12:11:28Z,R-02,Hover,Radiation,NaN,ERROR
2055-10-12T12:11:33Z,R-02,Hover,Temperature,-44.2,WARNING
2055-10-12T12:11:36Z,R-03,Walker,Temperature,-77.2,OK
2055-10-12T12:11:38Z,R-03,Walker,Atmosphere,NaN,ERROR
2055-10-12T12:11:40Z,R-03,Walker,Atmosphere,94.9,ERROR
2055-10-12T12:11:43Z,R-04,Hover,Temperature,-41.1,OK
2055-10-12T12:11:48Z,R-03,Walker,Radiation,260.1,OK
2055-10-12T12:11:50Z,R-03,Walker,Temperature,-15.3,OK
2055-10-12T12:11:55Z,R-01,Tracked,Atmosphere,92.9,OK
2055-10-12T12:11:56Z,R-03,Walker,Temperature,#VALUE!,ERROR
2055-10-12T12:12:00Z,R-05,Tracked,Temperature,-70.3,OK
2055-10-12T12:12:03Z,R-02,Hover,Atmosphere,92.6,OK
2055-10-12T12:12:07Z,R-01,Tracked,Atmosphere,95.5,OK
2055-10-12T12:12:10Z,R-01,Tracked,Atmosphere,99.0,OK
2055-10-12T12:12:14Z,R-04,Hover,Atmosphere,97.5,OK
2055-10-12T12:12:19Z,R-03,Walker,Atmosphere,,ERROR
2055-10-12T12:12:24Z,R-04,Hover,Radiation,156.6,OK
2055-10-12T12:12:26Z,R-04,Hover,Temperature,-75.3,OK
2055-10-12T12:12:30Z,R-01,Tracked,Temperature,-27.4,OK
2055-10-12T12:12:32Z,R-01,Tracked,Atmosphere,97.8,OK
2055-10-12T12:12:37Z,R-01,Tracked,Temperature,-58.3,OK
2055-10-12T12:12:38Z,R-04,Hover,Atmosphere,90.3,OK
2055-10-12T12:12:42Z,R-01,Tracked,Temperature,-62.4,OK
2055-10-12T12:12:43Z,R-05,Tracked,Temperature,,ERROR
2055-10-12T12:12:44Z,R-01,Tracked,Temperature,-25.6,OK
2055-10-12T12:12:49Z,R-04,Hover,Temperature,-12.1,OK
2055-10-12T12:12:53Z,R-03,Walker,Radiation,437.2,WARNING
2055-10-12T12:12:56Z,R-05,Tracked,Radiation,263.3,OK
2055-10-12T12:12:59Z,R-03,Walker,Radiation,273.5,OK
2055-10-12T12:13:00Z,R-01,Tracked,Atmosphere,91.3,OK
2055-10-12T12:13:03Z,R-03,Walker,Temperature,-46.2,OK
2055-10-12T12:13:04Z,R-03,Walker,Atmosphere,92.5,OK
2055-10-12T12:13:06Z,R-02,Hover,Temperature,-74.1,WARNING
2055-10-12T12:13:11Z,R-05,Tracked,Atmosphere,96.7,OK
2055-10-12T12:13:12Z,R-05,Tracked,Atmosphere,98.7,OK
2055-10-12T12:13:13Z,R-02,Hover,Atmosphere,97.4,OK
2055-10-12T12:13:17Z,R-05,Tracked,Temperature,-72.2,OK
2055-10-12T12:13:19Z,R-04,Hover,Atmosphere,97.7,OK
2055-10-12T12:13:21Z,R-05,Tracked,Temperature,-41.0,OK
2055-10-12T12:13:24Z,R-03,Walker,Temperature,-50.8,OK
2055-10-12T12:13:29Z,R-03,Walker,Radiation,133.3,OK
2055-10-12T12:13:30Z,R-04,Hover,Atmosphere,98.5,OK
2055-10-12T12:13:32Z,R-02,Hover,Temperature,-16.3,OK
2055-10-12T12:13:35Z,R-05,Tracked,Atmosphere,97.5,OK
2055-10-12T12:13:37Z,R-05,Tracked,Temperature,-26.5,OK
2055-10-12T12:13:38Z,R-02,Hover,Radiation,-100.0,ERROR
2055-10-12T12:13:39Z,R-02,Hover,Temperature,-22.5,OK
2055-10-12T12:13:43Z,R-05,Tracked,Temperature,-46.7,ERROR
2055-10-12T12:13:44Z,R-01,Tracked,Atmosphere,95.0,OK
2055-10-12T12:13:46Z,R-04,Hover,Temperature,-12.4,OK
2055-10-12T12:13:48Z,R-03,Walker,Atmosphere,99.0,OK
2055-10-12T12:13:49Z,R-02,Hover,Temperature,-51.6,OK
2055-10-12T12:13:52Z,R-05,Tracked,Radiation,81.9,OK
2055-10-12T12:13:53Z,R-01,Tracked,Temperature,-69.9,OK
2055-10-12T12:13:56Z,R-04,Hover,Atmosphere,95.3,OK
2055-10-12T12:13:59Z,R-01,Tracked,Temperature,-54.3,OK
2055-10-12T12:14:01Z,R-02,Hover,Temperature,-53.0,OK
2055-10-12T12:14:05Z,R-02,Hover,Temperature,-12.1,OK
2055-10-12T12:14:08Z,R-05,Tracked,Temperature,-50.2,OK
2055-10-12T12:14:09Z,R-01,Tracked,Radiation,59.9,OK
2055-10-12T12:14:14Z,R-03,Walker,Temperature,-27.9,OK
2055-10-12T12:14:17Z,R-03,Walker,Radiation,179.3,OK
2055-10-12T12:14:18Z,R-03,Walker,Radiation,451.1,WARNING
2055-10-12T12:14:21Z,R-04,Hover,Atmosphere,94.7,OK
2055-10-12T12:14:23Z,R-02,Hover,Atmosphere,99.2,OK
2055-10-12T12:14:28Z,R-05,Tracked,Atmosphere,99.2,OK
2055-10-12T12:14:29Z,R-05,Tracked,Atmosphere,96.0,OK
2055-10-12T12:14:30Z,R-05,Tracked,Atmosphere,,ERROR
2055-10-12T12:14:32Z,R-05,Tracked,Temperature,-43.0,OK
2055-10-12T12:14:35Z,R-04,Hover,Radiation,233.4,OK
2055-10-12T12:14:40Z,R-04,Hover,Atmosphere,98.0,OK
2055-10-12T12:14:43Z,R-02,Hover,Temperature,,ERROR
2055-10-12T12:14:44Z,R-03,Walker,Temperature,,ERROR
2055-10-12T12:14:49Z,R-01,Tracked,Radiation,249.6,OK
2055-10-12T12:14:51Z,R-01,Tracked,Radiation,201.3,OK
2055-10-12T12:14:52Z,R-01,Tracked,Atmosphere,95.7,OK
2055-10-12T12:14:55Z,R-04,Hover,Temperature,-30.4,OK
2055-10-12T12:14:59Z,R-05,Tracked,Radiation,,ERROR
2055-10-12T12:15:00Z,R-04,Hover,Atmosphere,98.3,OK
2055-10-12T12:15:01Z,R-05,Tracked,Radiation,154.9,OK
2055-10-12T12:15:06Z,R-03,Walker,Atmosphere,94.5,OK
2055-10-12T12:15:08Z,R-01,Tracked,Atmosphere,96.6,OK
2055-10-12T12:15:09Z,R-03,Walker,Atmosphere,90.7,OK
2055-10-12T12:15:13Z,R-01,Tracked,Radiation,88.7,OK
2055-10-12T12:15:15Z,R-03,Walker,Radiation,171.5,OK
2055-10-12T12:15:16Z,R-05,Tracked,Temperature,-12.7,ERROR
2055-10-12T12:15:17Z,R-02,Hover,Temperature,-34.9,OK
2055-10-12T12:15:19Z,R-05,Tracked,Temperature,-59.6,OK
2055-10-12T12:15:22Z,R-02,Hover,Temperature,-54.8,OK
2055-10-12T12:15:24Z,R-03,Walker,Radiation,99999.0,ERROR
2055-10-12T12:15:29Z,R-03,Walker,Temperature,-25.4,OK
2055-10-12T12:15:34Z,R-01,Tracked,Temperature,-61.2,OK
2055-10-12T12:15:35Z,R-02,Hover,Temperature,5000.0,ERROR
2055-10-12T12:15:36Z,R-02,Hover,Temperature,-78.2,OK
2055-10-12T12:15:41Z,R-04,Hover,Temperature,-28.4,OK
2055-10-12T12:15:46Z,R-01,Tracked,Radiation,234.5,OK
2055-10-12T12:15:48Z,R-01,Tracked,Radiation,155.0,OK
2055-10-12T12:15:52Z,R-05,Tracked,Atmosphere,94.8,OK
2055-10-12T12:15:54Z,R-04,Hover,Atmosphere,90.9,OK
2055-10-12T12:15:56Z,R-02,Hover,Atmosphere,93.9,OK
2055-10-12T12:16:01Z,R-04,Hover,Temperature,-60.6,OK
2055-10-12T12:16:04Z,R-01,Tracked,Atmosphere,,ERROR
2055-10-12T12:16:09Z,R-04,Hover,Radiation,201.8,OK
2055-10-12T12:16:10Z,R-04,Hover,Temperature,-53.0,OK
2055-10-12T12:16:12Z,R-01,Tracked,Atmosphere,91.4,OK
2055-10-12T12:16:13Z,R-03,Walker,Radiation,98.2,OK
2055-10-12T12:16:17Z,R-01,Tracked,Radiation,91.6,OK
2055-10-12T12:16:20Z,R-01,Tracked,Temperature,-33.4,OK
2055-10-12T12:16:22Z,R-05,Tracked,Radiation,79.9,OK
2055-10-12T12:16:27Z,R-01,Tracked,Atmosphere,97.5,OK
2055-10-12T12:16:29Z,R-02,Hover,Atmosphere,95.5,OK
2055-10-12T12:16:34Z,R-01,Tracked,Temperature,-79.2,OK
2055-10-12T12:16:39Z,R-03,Walker,Radiation,131.7,OK
2055-10-12T12:16:41Z,R-04,Hover,Radiation,86.0,OK
2055-10-12T12:16:43Z,R-04,Hover,Atmosphere,95.0,OK
2055-10-12T12:16:44Z,R-03,Walker,Atmosphere,91.5,OK
2055-10-12T12:16:45Z,R-03,Walker,Temperature,-53.0,OK
2055-10-12T12:16:49Z,R-05,Tracked,Atmosphere,98.7,OK
2055-10-12T12:16:51Z,R-01,Tracked,Atmosphere,99.9,OK
2055-10-12T12:16:53Z,R-02,Hover,Atmosphere,95.5,OK
2055-10-12T12:16:58Z,R-04,Hover,Temperature,-74.9,OK
2055-10-12T12:17:03Z,R-03,Walker,Temperature,-64.6,OK
2055-10-12T12:17:07Z,R-01,Tracked,Atmosphere,90.7,OK
2055-10-12T12:17:09Z,R-05,Tracked,Temperature,-11.8,OK
2055-10-12T12:17:13Z,R-03,Walker,Atmosphere,95.5,OK
2055-10-12T12:17:14Z,R-01,Tracked,Atmosphere,92.4,OK
2055-10-12T12:17:17Z,R-01,Tracked,Radiation,,ERROR
2055-10-12T12:17:19Z,R-01,Tracked,Radiation,176.6,OK
2055-10-12T12:17:23Z,R-04,Hover,Radiation,258.2,OK
2055-10-12T12:17:26Z,R-02,Hover,Radiation,286.8,OK
2055-10-12T12:17:31Z,R-05,Tracked,Atmosphere,94.9,OK
2055-10-12T12:17:35Z,R-03,Walker,Temperature,-16.9,OK
2055-10-12T12:17:37Z,R-03,Walker,Temperature,-60.7,OK
2055-10-12T12:17:42Z,R-01,Tracked,Temperature,-79.4,OK
2055-10-12T12:17:46Z,R-02,Hover,Temperature,-22.3,OK
2055-10-12T12:17:48Z,R-04,Hover,Temperature,-22.7,OK
2055-10-12T12:17:49Z,R-04,Hover,Atmosphere,92.0,OK
2055-10-12T12:17:53Z,R-04,Hover,Temperature,-57.3,OK
2055-10-12T12:17:57Z,R-03,Walker,Temperature,-11.0,OK
2055-10-12T12:18:00Z,R-01,Tracked,Radiation,80.5,OK
2055-10-12T12:18:05Z,R-02,Hover,Radiation,190.7,OK
2055-10-12T12:18:09Z,R-05,Tracked,Temperature,-29.0,OK
2055-10-12T12:18:11Z,R-01,Tracked,Radiation,151.2,OK
2055-10-12T12:18:16Z,R-02,Hover,Atmosphere,94.0,OK
2055-10-12T12:18:17Z,R-01,Tracked,Radiation,254.7,OK
2055-10-12T12:18:18Z,R-01,Tracked,Atmosphere,93.8,OK
2055-10-12T12:18:19Z,R-01,Tracked,Atmosphere,93.8,OK
2055-10-12T12:18:22Z,R-02,Hover,Atmosphere,93.2,OK
2055-10-12T12:18:24Z,R-01,Tracked,Radiation,225.9,OK
2055-10-12T12:18:27Z,R-05,Tracked,Radiation,142.5,OK
2055-10-12T12:18:30Z,R-04,Hover,Atmosphere,,ERROR
2055-10-12T12:18:31Z,R-04,Hover,Atmosphere,91.9,ERROR
2055-10-12T12:18:35Z,R-01,Tracked,Temperature,-59.9,OK
2055-10-12T12:18:39Z,R-04,Hover,Temperature,-13.3,OK
2055-10-12T12:18:41Z,R-03,Walker,Temperature,-65.3,OK
2055-10-12T12:18:46Z,R-05,Tracked,Radiation,194.4,OK
2055-10-12T12:18:51Z,R-03,Walker,Temperature,5000.0,ERROR
2055-10-12T12:18:55Z,R-04,Hover,Radiation,190.5,OK
2055-10-12T12:18:57Z,R-05,Tracked,Radiation,210.8,OK
2055-10-12T12:19:01Z,R-03,Walker,Temperature,-14.8,ERROR
2055-10-12T12:19:06Z,R-01,Tracked,Atmosphere,96.9,OK
2055-10-12T12:19:08Z,R-03,Walker,Radiation,124.4,OK
2055-10-12T12:19:12Z,R-03,Walker,Radiation,196.1,OK
2055-10-12T12:19:14Z,R-01,Tracked,Atmosphere,96.0,OK
2055-10-12T12:19:19Z,R-01,Tracked,Atmosphere,93.5,OK
2055-10-12T12:19:24Z,R-05,Tracked,Atmosphere,95.7,OK
2055-10-12T12:19:25Z,R-05,Tracked,Radiation,50.5,OK
2055-10-12T12:19:26Z,R-02,Hover,Temperature,-51.2,OK
2055-10-12T12:19:27Z,R-03,Walker,Radiation,143.0,OK
2055-10-12T12:19:28Z,R-01,Tracked,Radiation,83.1,OK
2055-10-12T12:19:29Z,R-01,Tracked,Temperature,-71.0,OK
2055-10-12T12:19:33Z,R-05,Tracked,Atmosphere,100.0,WARNING
2055-10-12T12:19:37Z,R-02,Hover,Radiation,155.5,OK
2055-10-12T12:19:42Z,R-01,Tracked,Radiation,64.2,OK
2055-10-12T12:19:45Z,R-01,Tracked,Radiation,214.4,OK
2055-10-12T12:19:46Z,R-01,Tracked,Radiation,254.4,OK
2055-10-12T12:19:48Z,R-01,Tracked,Temperature,-75.8,OK
2055-10-12T12:19:49Z,R-01,Tracked,Radiation,142.7,OK
2055-10-12T12:19:54Z,R-03,Walker,Atmosphere,99.0,OK
2055-10-12T12:19:56Z,R-03,Walker,Atmosphere,97.3,OK
2055-10-12T12:19:59Z,R-01,Tracked,Temperature,-34.3,OK
2055-10-12T12:20:01Z,R-03,Walker,Atmosphere,99.8,OK
2055-10-12T12:20:06Z,R-04,Hover,Temperature,-61.1,OK
2055-10-12T12:20:07Z,R-05,Tracked,Temperature,-56.3,WARNING
2055-10-12T12:20:12Z,R-04,Hover,Temperature,-62.4,OK
2055-10-12T12:20:16Z,R-05,Tracked,Atmosphere,94.6,OK
2055-10-12T12:20:18Z,R-05,Tracked,Atmosphere,96.7,OK
2055-10-12T12:20:19Z,R-01,Tracked,Radiation,90.7,OK
2055-10-12T12:20:21Z,R-04,Hover,Temperature,-77.2,OK
2055-10-12T12:20:22Z,R-04,Hover,Temperature,-61.3,OK
2055-10-12T12:20:24Z,R-01,Tracked,Temperature,-35.9,OK
2055-10-12T12:20:25Z,R-04,Hover,Atmosphere,90.3,OK
2055-10-12T12:20:28Z,R-02,Hover,Atmosphere,98.3,OK
2055-10-12T12:20:31Z,R-02,Hover,Atmosphere,90.4,OK
2055-10-12T12:20:35Z,R-03,Walker,Temperature,-49.8,OK
2055-10-12T12:20:36Z,R-02,Hover,Radiation,156.5,OK
2055-10-12T12:20:37Z,R-03,Walker,Atmosphere,91.0,OK
2055-10-12T12:20:42Z,R-02,Hover,Atmosphere,95.9,WARNING
2055-10-12T12:20:43Z,R-03,Walker,Temperature,-52.0,OK
2055-10-12T12:20:45Z,R-05,Tracked,Radiation,-100.0,ERROR
2055-10-12T12:20:49Z,R-03,Walker,Temperature,-69.0,OK
2055-10-12T12:20:50Z,R-04,Hover,Atmosphere,97.9,ERROR
2055-10-12T12:20:52Z,R-04,Hover,Atmosphere,95.9,OK
2055-10-12T12:20:54Z,R-05,Tracked,Atmosphere,96.1,OK
2055-10-12T12:20:56Z,R-04,Hover,Temperature,-78.7,OK
2055-10-12T12:21:00Z,R-05,Tracked,Radiation,98.8,OK
2055-10-12T12:21:01Z,R-05,Tracked,Temperature,-43.0,ERROR
2055-10-12T12:21:04Z,R-04,Hover,Radiation,217.2,OK
2055-10-12T12:21:08Z,R-04,Hover,Temperature,-53.3,OK
2055-10-12T12:21:09Z,R-05,Tracked,Radiation,175.7,OK
2055-10-12T12:21:14Z,R-03,Walker,Radiation,-100.0,ERROR
2055-10-12T12:21:16Z,R-04,Hover,Radiation,NULL,ERROR
2055-10-12T12:21:21Z,R-03,Walker,Temperature,-48.3,OK
2055-10-12T12:21:26Z,R-01,Tracked,Atmosphere,95.5,OK
2055-10-12T12:21:31Z,R-05,Tracked,Radiation,NULL,ERROR
2055-10-12T12:21:36Z,R-01,Tracked,Temperature,-20.0,OK
2055-10-12T12:21:37Z,R-03,Walker,Temperature,-77.9,OK
2055-10-12T12:21:41Z,R-04,Hover,Atmosphere,93.2,OK
2055-10-12T12:21:46Z,R-02,Hover,Temperature,-33.3,OK
2055-10-12T12:21:49Z,R-04,Hover,Radiation,138.0,OK
2055-10-12T12:21:50Z,R-04,Hover,Radiation,125.7,OK
2055-10-12T12:21:53Z,R-05,Tracked,Atmosphere,97.6,OK
2055-10-12T12:21:56Z,R-01,Tracked,Atmosphere,93.1,OK
2055-10-12T12:21:57Z,R-05,Tracked,Temperature,-47.5,OK
2055-10-12T12:21:58Z,R-04,Hover,Atmosphere,94.3,OK
2055-10-12T12:22:01Z,R-04,Hover,Temperature,-35.3,OK
2055-10-12T12:22:03Z,R-01,Tracked,Radiation,-100.0,ERROR
2055-10-12T12:22:07Z,R-03,Walker,Radiation,282.3,OK
2055-10-12T12:22:10Z,R-05,Tracked,Atmosphere,90.1,OK
2055-10-12T12:22:11Z,R-05,Tracked,Radiation,155.2,OK
2055-10-12T12:22:12Z,R-01,Tracked,Temperature,-28.5,OK
2055-10-12T12:22:15Z,R-04,Hover,Atmosphere,99.4,OK
2055-10-12T12:22:16Z,R-02,Hover,Radiation,227.2,OK
2055-10-12T12:22:17Z,R-01,Tracked,Atmosphere,96.0,ERROR
2055-10-12T12:22:18Z,R-01,Tracked,Radiation,258.0,OK
2055-10-12T12:22:23Z,R-02,Hover,Temperature,-24.6,OK
2055-10-12T12:22:25Z,R-03,Walker,Radiation,,ERROR
2055-10-12T12:22:26Z,R-03,Walker,Radiation,475.8,WARNING
2055-10-12T12:22:31Z,R-03,Walker,Temperature,-73.0,ERROR
2055-10-12T12:22:35Z,R-02,Hover,Radiation,252.1,OK
2055-10-12T12:22:36Z,R-03,Walker,Temperature,-62.5,OK
2055-10-12T12:22:40Z,R-05,Tracked,Atmosphere,92.1,OK
2055-10-12T12:22:45Z,R-03,Walker,Radiation,287.2,OK
2055-10-12T12:22:49Z,R-01,Tracked,Radiation,110.4,OK
2055-10-12T12:22:52Z,R-05,Tracked,Radiation,69.6,OK
2055-10-12T12:22:55Z,R-03,Walker,Atmosphere,97.3,OK
2055-10-12T12:22:56Z,R-01,Tracked,Radiation,228.4,OK
2055-10-12T12:23:00Z,R-01,Tracked,Radiation,267.9,OK
2055-10-12T12:23:03Z,R-05,Tracked,Radiation,142.7,OK
2055-10-12T12:23:08Z,R-03,Walker,Radiation,92.7,OK
2055-10-12T12:23:11Z,R-01,Tracked,Radiation,192.4,OK
2055-10-12T12:23:13Z,R-01,Tracked,Atmosphere,94.8,OK
2055-10-12T12:23:15Z,R-05,Tracked,Radiation,-100.0,ERROR
2055-10-12T12:23:19Z,R-05,Tracked,Temperature,-57.2,OK
2055-10-12T12:23:24Z,R-01,Tracked,Radiation,254.4,OK
2055-10-12T12:23:26Z,R-01,Tracked,Temperature,-70.5,OK
2055-10-12T12:23:31Z,R-02,Hover,Radiation,225.7,OK
2055-10-12T12:23:32Z,R-02,Hover,Atmosphere,95.3,OK
2055-10-12T12:23:34Z,R-04,Hover,Temperature,-72.3,OK
2055-10-12T12:23:39Z,R-05,Tracked,Radiation,227.9,OK
2055-10-12T12:23:42Z,R-03,Walker,Temperature,-24.4,WARNING
2055-10-12T12:23:46Z,R-02,Hover,Temperature,-20.8,WARNING
2055-10-12T12:23:51Z,R-02,Hover,Radiation,261.4,OK
2055-10-12T12:23:54Z,R-01,Tracked,Radiation,157.4,OK
2055-10-12T12:23:56Z,R-03,Walker,Atmosphere,95.6,OK
2055-10-12T12:23:57Z,R-03,Walker,Temperature,,ERROR
2055-10-12T12:23:59Z,R-03,Walker,Radiation,119.4,OK
2055-10-12T12:24:00Z,R-03,Walker,Atmosphere,90.3,OK
2055-10-12T12:24:04Z,R-01,Tracked,Atmosphere,98.9,OK
2055-10-12T12:24:05Z,R-04,Hover,Atmosphere,97.1,ERROR
2055-10-12T12:24:10Z,R-05,Tracked,Atmosphere,91.8,OK
2055-10-12T12:24:15Z,R-02,Hover,Temperature,-39.8,WARNING
2055-10-12T12:24:20Z,R-04,Hover,Atmosphere,94.3,OK
2055-10-12T12:24:23Z,R-01,Tracked,Atmosphere,92.4,OK
2055-10-12T12:24:28Z,R-04,Hover,Radiation,260.0,OK
2055-10-12T12:24:32Z,R-02,Hover,Radiation,143.8,OK
2055-10-12T12:24:37Z,R-04,Hover,Radiation,143.4,OK
2055-10-12T12:24:38Z,R-05,Tracked,Atmosphere,98.2,ERROR
2055-10-12T12:24:43Z,R-03,Walker,Radiation,227.3,OK
2055-10-12T12:24:44Z,R-05,Tracked,Atmosphere,99.3,OK
2055-10-12T12:24:47Z,R-02,Hover,Radiation,,ERROR
2055-10-12T12:24:52Z,R-02,Hover,Radiation,230.2,OK
2055-10-12T12:24:54Z,R-01,Tracked,Temperature,-72.1,OK
2055-10-12T12:24:56Z,R-05,Tracked,Temperature,-37.7,OK
2055-10-12T12:25:00Z,R-01,Tracked,Radiation,281.4,OK
2055-10-12T12:25:03Z,R-03,Walker,Radiation,117.1,OK
2055-10-12T12:25:06Z,R-01,Tracked,Temperature,-70.4,OK
2055-10-12T12:25:07Z,R-03,Walker,Temperature,-52.5,OK
2055-10-12T12:25:09Z,R-03,Walker,Atmosphere,95.1,OK
2055-10-12T12:25:12Z,R-05,Tracked,Temperature,-27.2,OK
2055-10-12T12:25:16Z,R-01,Tracked,Temperature,-42.5,OK
2055-10-12T12:25:17Z,R-05,Tracked,Radiation,215.6,OK
2055-10-12T12:25:21Z,R-04,Hover,Temperature,NULL,ERROR
2055-10-12T12:25:25Z,R-01,Tracked,Temperature,-28.5,OK
2055-10-12T12:25:29Z,R-01,Tracked,Temperature,,ERROR
2055-10-12T12:25:31Z,R-02,Hover,Radiation,251.0,OK
2055-10-12T12:25:36Z,R-01,Tracked,Radiation,465.4,WARNING
2055-10-12T12:25:41Z,R-01,Tracked,Temperature,5000.0,ERROR
2055-10-12T12:25:44Z,R-05,Tracked,Radiation,ERR,ERROR
2055-10-12T12:25:48Z,R-05,Tracked,Atmosphere,91.7,OK
2055-10-12T12:25:51Z,R-05,Tracked,Radiation,238.4,OK
2055-10-12T12:25:55Z,R-02,Hover,Radiation,114.4,OK
2055-10-12T12:25:56Z,R-01,Tracked,Atmosphere,92.3,OK
2055-10-12T12:25:57Z,R-03,Walker,Radiation,122.3,OK
2055-10-12T12:26:00Z,R-01,Tracked,Atmosphere,94.2,OK
2055-10-12T12:26:03Z,R-03,Walker,Radiation,141.2,OK
2055-10-12T12:26:08Z,R-02,Hover,Temperature,-10.1,OK
2055-10-12T12:26:11Z,R-02,Hover,Atmosphere,94.7,OK
2055-10-12T12:26:15Z,R-01,Tracked,Radiation,168.7,OK
2055-10-12T12:26:20Z,R-05,Tracked,Temperature,-21.6,OK
2055-10-12T12:26:21Z,R-03,Walker,Atmosphere,98.8,OK
2055-10-12T12:26:24Z,R-03,Walker,Atmosphere,,ERROR
2055-10-12T12:26:25Z,R-02,Hover,Radiation,NULL,ERROR
2055-10-12T12:26:27Z,R-05,Tracked,Atmosphere,94.9,OK
2055-10-12T12:26:29Z,R-05,Tracked,Atmosphere,96.1,OK
2055-10-12T12:26:34Z,R-03,Walker,Temperature,-36.1,OK
2055-10-12T12:26:36Z,R-03,Walker,Atmosphere,99.9,OK
2055-10-12T12:26:39Z,R-05,Tracked,Atmosphere,98.8,OK
2055-10-12T12:26:43Z,R-02,Hover,Radiation,181.4,OK
2055-10-12T12:26:46Z,R-04,Hover,Atmosphere,96.3,OK
2055-10-12T12:26:49Z,R-05,Tracked,Temperature,-12.3,WARNING
2055-10-12T12:26:52Z,R-05,Tracked,Atmosphere,96.7,OK
2055-10-12T12:26:54Z,R-05,Tracked,Temperature,-16.8,OK
2055-10-12T12:26:59Z,R-02,Hover,Radiation,148.1,OK
2055-10-12T12:27:04Z,R-04,Hover,Radiation,169.2,OK
2055-10-12T12:27:05Z,R-01,Tracked,Radiation,99999.0,ERROR
2055-10-12T12:27:07Z,R-04,Hover,Radiation,208.6,OK
2055-10-12T12:27:08Z,R-02,Hover,Atmosphere,94.5,OK
2055-10-12T12:27:12Z,R-04,Hover,Radiation,237.1,OK
2055-10-12T12:27:17Z,R-01,Tracked,Radiation,250.5,OK
2055-10-12T12:27:19Z,R-02,Hover,Atmosphere,90.6,ERROR
2055-10-12T12:27:21Z,R-01,Tracked,Temperature,-34.2,OK
2055-10-12T12:27:25Z,R-03,Walker,Atmosphere,91.3,OK
2055-10-12T12:27:30Z,R-04,Hover,Temperature,-55.8,OK
2055-10-12T12:27:34Z,R-05,Tracked,Atmosphere,96.5,OK
2055-10-12T12:27:36Z,R-01,Tracked,Temperature,-25.1,WARNING
2055-10-12T12:27:41Z,R-02,Hover,Atmosphere,94.9,OK
2055-10-12T12:27:42Z,R-04,Hover,Temperature,-76.8,OK
2055-10-12T12:27:45Z,R-02,Hover,Radiation,280.9,OK
2055-10-12T12:27:47Z,R-01,Tracked,Atmosphere,99.9,OK
2055-10-12T12:27:48Z,R-01,Tracked,Temperature,ERR,ERROR
2055-10-12T12:27:50Z,R-05,Tracked,Atmosphere,98.9,OK
2055-10-12T12:27:51Z,R-01,Tracked,Atmosphere,98.2,OK
2055-10-12T12:27:52Z,R-05,Tracked,Temperature,-14.3,OK
2055-10-12T12:27:57Z,R-04,Hover,Temperature,-69.1,OK
2055-10-12T12:28:00Z,R-04,Hover,Atmosphere,92.8,OK
2055-10-12T12:28:02Z,R-03,Walker,Radiation,-100.0,ERROR
2055-10-12T12:28:03Z,R-03,Walker,Atmosphere,94.4,OK
2055-10-12T12:28:07Z,R-05,Tracked,Radiation,161.5,OK
2055-10-12T12:28:10Z,R-02,Hover,Atmosphere,98.1,WARNING
2055-10-12T12:28:13Z,R-03,Walker,Radiation,161.4,OK
2055-10-12T12:28:18Z,R-02,Hover,Radiation,440.2,WARNING
2055-10-12T12:28:23Z,R-04,Hover,Atmosphere,,ERROR
2055-10-12T12:28:24Z,R-03,Walker,Radiation,275.4,OK
2055-10-12T12:28:29Z,R-04,Hover,Atmosphere,94.3,OK
2055-10-12T12:28:32Z,R-04,Hover,Radiation,291.9,OK
2055-10-12T12:28:36Z,R-01,Tracked,Atmosphere,96.7,OK
2055-10-12T12:28:39Z,R-05,Tracked,Radiation,443.3,WARNING
2055-10-12T12:28:44Z,R-04,Hover,Temperature,-47.2,OK
2055-10-12T12:28:45Z,R-02,Hover,Atmosphere,97.7,OK
2055-10-12T12:28:49Z,R-05,Tracked,Temperature,-61.0,OK
2055-10-12T12:28:53Z,R-04,Hover,Temperature,-33.5,OK
2055-10-12T12:28:57Z,R-04,Hover,Atmosphere,95.3,OK
2055-10-12T12:29:01Z,R-03,Walker,Atmosphere,NaN,ERROR
2055-10-12T12:29:05Z,R-05,Tracked,Atmosphere,N/A,ERROR
2055-10-12T12:29:07Z,R-04,Hover,Temperature,-12.7,OK
2055-10-12T12:29:11Z,R-04,Hover,Radiation,126.5,OK
2055-10-12T12:29:16Z,R-04,Hover,Temperature,-57.4,OK
2055-10-12T12:29:18Z,R-04,Hover,Radiation,161.8,OK
2055-10-12T12:29:20Z,R-03,Walker,Radiation,273.4,OK
2055-10-12T12:29:21Z,R-01,Tracked,Atmosphere,96.2,OK
2055-10-12T12:29:24Z,R-02,Hover,Atmosphere,99.5,OK
2055-10-12T12:29:29Z,R-01,Tracked,Radiation,243.1,OK
2055-10-12T12:29:31Z,R-04,Hover,Atmosphere,92.3,OK
2055-10-12T12:29:34Z,R-05,Tracked,Temperature,-34.5,OK
2055-10-12T12:29:38Z,R-03,Walker,Atmosphere,94.6,OK
2055-10-12T12:29:40Z,R-02,Hover,Radiation,112.6,OK
2055-10-12T12:29:42Z,R-03,Walker,Temperature,-31.7,OK
2055-10-12T12:29:46Z,R-04,Hover,Temperature,-36.3,OK
2055-10-12T12:29:47Z,R-03,Walker,Atmosphere,90.2,OK
2055-10-12T12:29:49Z,R-04,Hover,Radiation,105.4,OK
2055-10-12T12:29:52Z,R-01,Tracked,Radiation,299.8,OK
2055-10-12T12:29:53Z,R-02,Hover,Atmosphere,99.1,ERROR
2055-10-12T12:29:57Z,R-05,Tracked,Radiation,447.8,WARNING
2055-10-12T12:30:01Z,R-01,Tracked,Radiation,ERR,ERROR
2055-10-12T12:30:03Z,R-01,Tracked,Radiation,274.8,OK
2055-10-12T12:30:04Z,R-02,Hover,Atmosphere,92.4,OK
2055-10-12T12:30:09Z,R-03,Walker,Atmosphere,92.2,OK
2055-10-12T12:30:12Z,R-05,Tracked,Radiation,176.1,OK
2055-10-12T12:30:16Z,R-05,Tracked,Radiation,95.9,ERROR
2055-10-12T12:30:20Z,R-01,Tracked,Atmosphere,96.2,OK
2055-10-12T12:30:21Z,R-01,Tracked,Atmosphere,97.0,OK
2055-10-12T12:30:24Z,R-05,Tracked,Atmosphere,90.1,OK
2055-10-12T12:30:25Z,R-03,Walker,Atmosphere,98.7,OK
2055-10-12T12:30:29Z,R-01,Tracked,Radiation,228.8,OK
2055-10-12T12:30:32Z,R-03,Walker,Radiation,#VALUE!,ERROR
2055-10-12T12:30:35Z,R-05,Tracked,Temperature,-22.0,OK
2055-10-12T12:30:37Z,R-02,Hover,Radiation,257.7,OK
2055-10-12T12:30:39Z,R-01,Tracked,Temperature,-74.8,OK
2055-10-12T12:30:43Z,R-03,Walker,Temperature,ERR,ERROR
2055-10-12T12:30:45Z,R-03,Walker,Temperature,-53.5,OK
2055-10-12T12:30:47Z,R-03,Walker,Radiation,202.4,OK
2055-10-12T12:30:49Z,R-01,Tracked,Atmosphere,95.2,WARNING
2055-10-12T12:30:51Z,R-01,Tracked,Radiation,223.3,OK
2055-10-12T12:30:55Z,R-01,Tracked,Radiation,221.2,OK
2055-10-12T12:31:00Z,R-03,Walker,Temperature,-67.7,OK
2055-10-12T12:31:03Z,R-03,Walker,Temperature,-76.7,WARNING
2055-10-12T12:31:05Z,R-05,Tracked,Temperature,-20.7,OK
2055-10-12T12:31:09Z,R-05,Tracked,Radiation,80.5,OK
2055-10-12T12:31:10Z,R-03,Walker,Atmosphere,94.8,OK
2055-10-12T12:31:11Z,R-04,Hover,Radiation,262.7,OK
2055-10-12T12:31:16Z,R-03,Walker,Radiation,440.4,WARNING
2055-10-12T12:31:18Z,R-04,Hover,Temperature,-67.7,OK
2055-10-12T12:31:20Z,R-05,Tracked,Atmosphere,99.4,OK
2055-10-12T12:31:25Z,R-01,Tracked,Radiation,164.7,OK
2055-10-12T12:31:27Z,R-05,Tracked,Atmosphere,96.0,OK
2055-10-12T12:31:31Z,R-05,Tracked,Radiation,75.6,OK
2055-10-12T12:31:33Z,R-02,Hover,Radiation,158.3,OK
2055-10-12T12:31:34Z,R-01,Tracked,Temperature,-35.8,OK
2055-10-12T12:31:38Z,R-02,Hover,Temperature,-56.5,OK
2055-10-12T12:31:40Z,R-01,Tracked,Atmosphere,96.7,OK
2055-10-12T12:31:41Z,R-04,Hover,Atmosphere,97.4,OK
2055-10-12T12:31:46Z,R-04,Hover,Radiation,166.3,OK
2055-10-12T12:31:49Z,R-04,Hover,Radiation,,ERROR
2055-10-12T12:31:52Z,R-01,Tracked,Temperature,-60.1,OK
2055-10-12T12:31:56Z,R-03,Walker,Atmosphere,92.1,OK
2055-10-12T12:31:59Z,R-02,Hover,Atmosphere,92.5,ERROR
2055-10-12T12:32:01Z,R-01,Tracked,Radiation,99999.0,ERROR
2055-10-12T12:32:04Z,R-05,Tracked,Atmosphere,90.7,OK
2055-10-12T12:32:06Z,R-02,Hover,Radiation,275.5,OK
2055-10-12T12:32:09Z,R-05,Tracked,Radiation,126.7,OK
2055-10-12T12:32:11Z,R-02,Hover,Radiation,274.0,OK
2055-10-12T12:32:13Z,R-05,Tracked,Radiation,211.2,OK
2055-10-12T12:32:16Z,R-02,Hover,Radiation,243.5,OK
2055-10-12T12:32:18Z,R-01,Tracked,Temperature,-60.0,OK
2055-10-12T12:32:20Z,R-04,Hover,Temperature,-39.9,OK
2055-10-12T12:32:22Z,R-02,Hover,Temperature,-20.0,OK
2055-10-12T12:32:27Z,R-01,Tracked,Temperature,,ERROR
2055-10-12T12:32:30Z,R-05,Tracked,Radiation,171.9,OK
2055-10-12T12:32:31Z,R-01,Tracked,Radiation,99.1,OK
2055-10-12T12:32:34Z,R-04,Hover,Temperature,-10.3,ERROR
2055-10-12T12:32:39Z,R-05,Tracked,Temperature,-29.7,OK
2055-10-12T12:32:40Z,R-05,Tracked,Atmosphere,95.4,OK
2055-10-12T12:32:41Z,R-05,Tracked,Temperature,-13.9,OK
2055-10-12T12:32:42Z,R-04,Hover,Temperature,-74.5,OK
2055-10-12T12:32:44Z,R-01,Tracked,Atmosphere,90.6,OK
2055-10-12T12:32:46Z,R-02,Hover,Temperature,-75.9,OK
2055-10-12T12:32:48Z,R-02,Hover,Atmosphere,92.1,OK
2055-10-12T12:32:49Z,R-01,Tracked,Temperature,-15.3,OK
2055-10-12T12:32:51Z,R-05,Tracked,Radiation,86.2,OK
2055-10-12T12:32:55Z,R-03,Walker,Temperature,-67.4,OK
2055-10-12T12:33:00Z,R-04,Hover,Temperature,-29.6,OK
2055-10-12T12:33:01Z,R-05,Tracked,Temperature,-28.3,OK
2055-10-12T12:33:04Z,R-01,Tracked,Radiation,248.7,OK
2055-10-12T12:33:05Z,R-05,Tracked,Temperature,-21.6,OK
2055-10-12T12:33:06Z,R-03,Walker,Atmosphere,95.2,OK
2055-10-12T12:33:08Z,R-01,Tracked,Atmosphere,91.6,OK
2055-10-12T12:33:10Z,R-05,Tracked,Atmosphere,99.6,OK
2055-10-12T12:33:15Z,R-04,Hover,Radiation,73.5,OK
2055-10-12T12:33:18Z,R-03,Walker,Radiation,69.8,OK
2055-10-12T12:33:23Z,R-01,Tracked,Temperature,-51.3,OK
2055-10-12T12:33:24Z,R-03,Walker,Radiation,242.1,OK
2055-10-12T12:33:27Z,R-05,Tracked,Radiation,-100.0,ERROR
2055-10-12T12:33:30Z,R-02,Hover,Atmosphere,98.7,OK
2055-10-12T12:33:31Z,R-05,Tracked,Atmosphere,93.7,OK
2055-10-12T12:33:34Z,R-04,Hover,Temperature,-37.2,OK
2055-10-12T12:33:38Z,R-04,Hover,Temperature,-9999.0,ERROR
2055-10-12T12:33:41Z,R-01,Tracked,Radiation,182.0,OK
2055-10-12T12:33:43Z,R-05,Tracked,Radiation,150.0,OK
2055-10-12T12:33:48Z,R-04,Hover,Radiation,227.4,OK
2055-10-12T12:33:53Z,R-05,Tracked,Radiation,185.1,OK
2055-10-12T12:33:54Z,R-01,Tracked,Temperature,-50.4,OK
2055-10-12T12:33:59Z,R-03,Walker,Radiation,-100.0,ERROR
2055-10-12T12:34:01Z,R-05,Tracked,Atmosphere,98.6,OK
2055-10-12T12:34:04Z,R-04,Hover,Radiation,294.5,OK
2055-10-12T12:34:06Z,R-02,Hover,Atmosphere,90.8,OK
2055-10-12T12:34:08Z,R-01,Tracked,Atmosphere,98.8,OK
2055-10-12T12:34:10Z,R-02,Hover,Atmosphere,98.5,OK
2055-10-12T12:34:12Z,R-04,Hover,Temperature,-73.0,OK
2055-10-12T12:34:15Z,R-04,Hover,Atmosphere,92.7,OK
2055-10-12T12:34:16Z,R-03,Walker,Atmosphere,92.0,OK
2055-10-12T12:34:17Z,R-01,Tracked,Radiation,150.1,OK
2055-10-12T12:34:19Z,R-03,Walker,Atmosphere,93.4,OK
2055-10-12T12:34:22Z,R-01,Tracked,Radiation,71.5,OK
2055-10-12T12:34:25Z,R-05,Tracked,Radiation,192.8,OK
2055-10-12T12:34:28Z,R-04,Hover,Temperature,-37.4,OK
2055-10-12T12:34:30Z,R-05,Tracked,Temperature,-67.5,OK
2055-10-12T12:34:32Z,R-04,Hover,Radiation,233.8,OK
2055-10-12T12:34:36Z,R-02,Hover,Radiation,261.1,OK
2055-10-12T12:34:37Z,R-04,Hover,Temperature,-49.1,OK
2055-10-12T12:34:39Z,R-05,Tracked,Temperature,-62.4,WARNING
2055-10-12T12:34:41Z,R-05,Tracked,Radiation,66.1,OK
2055-10-12T12:34:45Z,R-04,Hover,Temperature,5000.0,ERROR
2055-10-12T12:34:48Z,R-02,Hover,Temperature,-68.6,OK
2055-10-12T12:34:52Z,R-04,Hover,Temperature,-17.2,OK
2055-10-12T12:34:53Z,R-01,Tracked,Radiation,83.2,OK
2055-10-12T12:34:58Z,R-03,Walker,Atmosphere,97.5,ERROR
2055-10-12T12:35:00Z,R-02,Hover,Temperature,5000.0,ERROR
2055-10-12T12:35:02Z,R-03,Walker,Atmosphere,90.5,ERROR
2055-10-12T12:35:06Z,R-05,Tracked,Temperature,-79.4,OK
2055-10-12T12:35:10Z,R-05,Tracked,Radiation,186.6,OK
2055-10-12T12:35:14Z,R-03,Walker,Temperature,N/A,ERROR
2055-10-12T12:35:17Z,R-02,Hover,Temperature,-39.6,ERROR
2055-10-12T12:35:22Z,R-04,Hover,Radiation,270.3,OK
2055-10-12T12:35:26Z,R-01,Tracked,Temperature,-30.3,OK
2055-10-12T12:35:31Z,R-03,Walker,Radiation,-100.0,ERROR
2055-10-12T12:35:34Z,R-05,Tracked,Temperature,-79.3,OK
2055-10-12T12:35:37Z,R-03,Walker,Atmosphere,96.6,WARNING
2055-10-12T12:35:39Z,R-01,Tracked,Temperature,-18.8,OK
2055-10-12T12:35:42Z,R-01,Tracked,Atmosphere,92.7,OK
2055-10-12T12:35:45Z,R-04,Hover,Radiation,151.1,OK
2055-10-12T12:35:46Z,R-01,Tracked,Atmosphere,99.4,OK
2055-10-12T12:35:49Z,R-01,Tracked,Temperature,-75.8,OK
2055-10-12T12:35:54Z,R-02,Hover,Temperature,-18.3,OK
2055-10-12T12:35:57Z,R-04,Hover,Temperature,-17.7,OK
2055-10-12T12:36:02Z,R-01,Tracked,Atmosphere,NaN,ERROR
2055-10-12T12:36:06Z,R-03,Walker,Temperature,-15.8,OK
2055-10-12T12:36:10Z,R-03,Walker,Atmosphere,98.4,OK
2055-10-12T12:36:14Z,R-01,Tracked,Temperature,NaN,ERROR
2055-10-12T12:36:16Z,R-05,Tracked,Atmosphere,94.7,OK
2055-10-12T12:36:20Z,R-02,Hover,Atmosphere,92.1,OK
2055-10-12T12:36:23Z,R-02,Hover,Radiation,246.8,OK
2055-10-12T12:36:26Z,R-04,Hover,Atmosphere,91.8,OK
2055-10-12T12:36:27Z,R-05,Tracked,Temperature,-50.1,ERROR
2055-10-12T12:36:31Z,R-02,Hover,Radiation,293.0,OK
2055-10-12T12:36:32Z,R-02,Hover,Temperature,-46.3,OK
2055-10-12T12:36:33Z,R-04,Hover,Temperature,-67.2,OK
2055-10-12T12:36:34Z,R-05,Tracked,Radiation,78.6,OK
2055-10-12T12:36:36Z,R-04,Hover,Atmosphere,96.7,OK
2055-10-12T12:36:39Z,R-03,Walker,Temperature,-14.9,OK
2055-10-12T12:36:42Z,R-03,Walker,Atmosphere,95.5,ERROR
2055-10-12T12:36:45Z,R-04,Hover,Radiation,226.8,OK
2055-10-12T12:36:48Z,R-03,Walker,Temperature,-65.9,OK
2055-10-12T12:36:51Z,R-02,Hover,Atmosphere,95.3,OK
2055-10-12T12:36:52Z,R-01,Tracked,Radiation,122.8,OK
2055-10-12T12:36:54Z,R-03,Walker,Atmosphere,93.6,OK
2055-10-12T12:36:59Z,R-03,Walker,Radiation,102.7,OK
2055-10-12T12:37:01Z,R-04,Hover,Atmosphere,95.8,ERROR
2055-10-12T12:37:03Z,R-01,Tracked,Atmosphere,99.7,OK
2055-10-12T12:37:06Z,R-05,Tracked,Radiation,203.8,OK
2055-10-12T12:37:08Z,R-01,Tracked,Atmosphere,,ERROR
2055-10-12T12:37:10Z,R-03,Walker,Radiation,219.4,OK
2055-10-12T12:37:13Z,R-01,Tracked,Temperature,-25.1,OK
2055-10-12T12:37:14Z,R-04,Hover,Atmosphere,96.0,OK
2055-10-12T12:37:19Z,R-04,Hover,Radiation,482.0,WARNING
2055-10-12T12:37:24Z,R-04,Hover,Radiation,189.6,OK
2055-10-12T12:37:28Z,R-03,Walker,Temperature,-30.0,OK
2055-10-12T12:37:31Z,R-03,Walker,Atmosphere,94.2,OK
2055-10-12T12:37:33Z,R-05,Tracked,Radiation,473.8,WARNING
2055-10-12T12:37:35Z,R-05,Tracked,Temperature,-16.6,OK
2055-10-12T12:37:37Z,R-04,Hover,Radiation,115.6,OK
2055-10-12T12:37:40Z,R-03,Walker,Radiation,99999.0,ERROR
2055-10-12T12:37:43Z,R-01,Tracked,Temperature,-77.3,OK
2055-10-12T12:37:48Z,R-01,Tracked,Atmosphere,90.8,OK
2055-10-12T12:37:52Z,R-03,Walker,Temperature,-23.4,WARNING
2055-10-12T12:37:56Z,R-03,Walker,Atmosphere,98.0,OK
2055-10-12T12:38:01Z,R-03,Walker,Radiation,-100.0,ERROR
2055-10-12T12:38:04Z,R-04,Hover,Radiation,128.7,OK
2055-10-12T12:38:06Z,R-04,Hover,Temperature,-48.9,OK
2055-10-12T12:38:08Z,R-04,Hover,Radiation,53.3,OK
2055-10-12T12:38:13Z,R-04,Hover,Temperature,#VALUE!,ERROR
2055-10-12T12:38:18Z,R-04,Hover,Atmosphere,95.4,OK
2055-10-12T12:38:22Z,R-04,Hover,Temperature,-45.2,ERROR
2055-10-12T12:38:27Z,R-03,Walker,Atmosphere,,ERROR
2055-10-12T12:38:31Z,R-03,Walker,Temperature,-20.5,OK
2055-10-12T12:38:32Z,R-03,Walker,Temperature,-59.4,OK
2055-10-12T12:38:36Z,R-03,Walker,Radiation,143.4,OK
2055-10-12T12:38:38Z,R-02,Hover,Atmosphere,99.9,OK
2055-10-12T12:38:40Z,R-05,Tracked,Radiation,85.2,OK
2055-10-12T12:38:43Z,R-05,Tracked,Radiation,186.6,OK
2055-10-12T12:38:44Z,R-04,Hover,Temperature,-17.3,OK
2055-10-12T12:38:46Z,R-04,Hover,Radiation,207.9,OK
2055-10-12T12:38:50Z,R-02,Hover,Radiation,79.1,ERROR
2055-10-12T12:38:52Z,R-04,Hover,Temperature,-11.7,OK
2055-10-12T12:38:55Z,R-02,Hover,Radiation,195.5,OK
2055-10-12T12:38:58Z,R-02,Hover,Atmosphere,92.6,OK
2055-10-12T12:39:01Z,R-04,Hover,Radiation,125.1,OK
2055-10-12T12:39:05Z,R-05,Tracked,Radiation,187.5,OK
2055-10-12T12:39:10Z,R-01,Tracked,Temperature,-23.2,OK
2055-10-12T12:39:15Z,R-03,Walker,Temperature,-31.5,WARNING
2055-10-12T12:39:19Z,R-03,Walker,Temperature,-11.2,OK
2055-10-12T12:39:23Z,R-03,Walker,Atmosphere,98.0,OK
2055-10-12T12:39:25Z,R-01,Tracked,Radiation,190.6,OK
2055-10-12T12:39:30Z,R-01,Tracked,Atmosphere,94.5,OK
2055-10-12T12:39:33Z,R-02,Hover,Atmosphere,93.4,OK
2055-10-12T12:39:34Z,R-04,Hover,Temperature,-51.4,ERROR
2055-10-12T12:39:35Z,R-04,Hover,Radiation,418.5,WARNING
2055-10-12T12:39:40Z,R-04,Hover,Temperature,-34.0,WARNING
2055-10-12T12:39:44Z,R-01,Tracked,Radiation,-100.0,ERROR
2055-10-12T12:39:49Z,R-02,Hover,Radiation,ERR,ERROR
2055-10-12T12:39:50Z,R-01,Tracked,Temperature,-57.8,OK
2055-10-12T12:39:51Z,R-01,Tracked,Temperature,,ERROR
2055-10-12T12:39:54Z,R-05,Tracked,Radiation,86.6,OK
2055-10-12T12:39:56Z,R-05,Tracked,Radiation,63.5,OK
2055-10-12T12:39:57Z,R-05,Tracked,Radiation,248.9,OK
2055-10-12T12:40:01Z,R-05,Tracked,Atmosphere,94.8,ERROR
2055-10-12T12:40:04Z,R-01,Tracked,Temperature,-42.6,OK
2055-10-12T12:40:08Z,R-03,Walker,Radiation,197.5,OK
2055-10-12T12:40:11Z,R-05,Tracked,Temperature,,ERROR
2055-10-12T12:40:12Z,R-01,Tracked,Atmosphere,94.3,OK
2055-10-12T12:40:17Z,R-03,Walker,Temperature,-10.8,OK
2055-10-12T12:40:19Z,R-05,Tracked,Atmosphere,90.6,OK
2055-10-12T12:40:20Z,R-05,Tracked,Temperature,-45.6,ERROR
2055-10-12T12:40:23Z,R-04,Hover,Temperature,-11.6,OK
2055-10-12T12:40:27Z,R-05,Tracked,Temperature,,ERROR
2055-10-12T12:40:30Z,R-05,Tracked,Temperature,,ERROR
2055-10-12T12:40:35Z,R-03,Walker,Atmosphere,NULL,ERROR
2055-10-12T12:40:38Z,R-01,Tracked,Temperature,-36.0,OK
2055-10-12T12:40:43Z,R-05,Tracked,Radiation,145.8,OK
2055-10-12T12:40:46Z,R-02,Hover,Atmosphere,91.7,OK
2055-10-12T12:40:47Z,R-01,Tracked,Temperature,NULL,ERROR
2055-10-12T12:40:50Z,R-02,Hover,Atmosphere,90.1,OK
2055-10-12T12:40:52Z,R-02,Hover,Temperature,-44.1,OK
2055-10-12T12:40:53Z,R-02,Hover,Radiation,281.3,OK
2055-10-12T12:40:57Z,R-05,Tracked,Radiation,174.6,OK
2055-10-12T12:40:59Z,R-05,Tracked,Temperature,-18.0,OK
2055-10-12T12:41:02Z,R-01,Tracked,Temperature,-70.7,OK
2055-10-12T12:41:03Z,R-01,Tracked,Temperature,-33.6,OK
2055-10-12T12:41:06Z,R-02,Hover,Radiation,208.3,OK
2055-10-12T12:41:09Z,R-05,Tracked,Atmosphere,93.6,OK
2055-10-12T12:41:14Z,R-01,Tracked,Temperature,-28.3,OK
2055-10-12T12:41:16Z,R-01,Tracked,Temperature,-65.2,OK
2055-10-12T12:41:18Z,R-03,Walker,Atmosphere,97.7,OK
2055-10-12T12:41:19Z,R-04,Hover,Radiation,247.4,OK
2055-10-12T12:41:20Z,R-01,Tracked,Atmosphere,95.9,OK
2055-10-12T12:41:24Z,R-03,Walker,Temperature,-71.7,OK
2055-10-12T12:41:26Z,R-05,Tracked,Temperature,-46.2,OK
2055-10-12T12:41:27Z,R-02,Hover,Temperature,-73.6,OK
2055-10-12T12:41:29Z,R-01,Tracked,Atmosphere,93.6,OK
2055-10-12T12:41:32Z,R-03,Walker,Temperature,-73.5,OK
2055-10-12T12:41:34Z,R-02,Hover,Atmosphere,90.4,OK
2055-10-12T12:41:36Z,R-02,Hover,Temperature,-70.3,OK
2055-10-12T12:41:37Z,R-02,Hover,Atmosphere,96.4,OK
2055-10-12T12:41:38Z,R-04,Hover,Atmosphere,93.8,OK
2055-10-12T12:41:39Z,R-01,Tracked,Temperature,-13.6,OK
2055-10-12T12:41:43Z,R-03,Walker,Radiation,288.6,ERROR
2055-10-12T12:41:45Z,R-04,Hover,Temperature,-9999.0,ERROR
2055-10-12T12:41:47Z,R-03,Walker,Temperature,-61.4,OK
2055-10-12T12:41:48Z,R-02,Hover,Temperature,-75.7,OK
2055-10-12T12:41:49Z,R-01,Tracked,Atmosphere,93.3,OK
2055-10-12T12:41:53Z,R-03,Walker,Atmosphere,94.4,OK
2055-10-12T12:41:58Z,R-03,Walker,Atmosphere,95.9,OK
2055-10-12T12:42:01Z,R-03,Walker,Atmosphere,97.5,OK
2055-10-12T12:42:02Z,R-05,Tracked,Atmosphere,92.4,OK
2055-10-12T12:42:03Z,R-03,Walker,Temperature,-29.2,OK
2055-10-12T12:42:08Z,R-04,Hover,Atmosphere,97.1,OK
2055-10-12T12:42:13Z,R-04,Hover,Temperature,-46.5,OK
2055-10-12T12:42:14Z,R-01,Tracked,Atmosphere,ERR,ERROR
2055-10-12T12:42:19Z,R-04,Hover,Radiation,232.2,OK
2055-10-12T12:42:22Z,R-03,Walker,Temperature,-51.3,OK
2055-10-12T12:42:23Z,R-02,Hover,Radiation,260.1,OK
2055-10-12T12:42:27Z,R-02,Hover,Atmosphere,93.3,OK
2055-10-12T12:42:32Z,R-01,Tracked,Temperature,-12.4,OK
2055-10-12T12:42:35Z,R-05,Tracked,Temperature,-37.2,OK
2055-10-12T12:42:38Z,R-04,Hover,Atmosphere,94.0,OK
2055-10-12T12:42:39Z,R-02,Hover,Atmosphere,98.7,OK
2055-10-12T12:42:44Z,R-01,Tracked,Temperature,-55.8,OK
2055-10-12T12:42:45Z,R-02,Hover,Atmosphere,94.5,ERROR
2055-10-12T12:42:48Z,R-04,Hover,Temperature,-63.6,OK
2055-10-12T12:42:51Z,R-03,Walker,Radiation,125.3,OK
2055-10-12T12:42:56Z,R-02,Hover,Temperature,-71.6,ERROR
2055-10-12T12:42:57Z,R-04,Hover,Radiation,289.1,OK
2055-10-12T12:42:58Z,R-02,Hover,Radiation,170.1,OK
2055-10-12T12:43:01Z,R-01,Tracked,Temperature,-56.8,OK
2055-10-12T12:43:04Z,R-01,Tracked,Radiation,114.7,OK
2055-10-12T12:43:07Z,R-02,Hover,Atmosphere,90.8,OK
2055-10-12T12:43:08Z,R-01,Tracked,Radiation,291.7,OK
2055-10-12T12:43:12Z,R-01,Tracked,Atmosphere,99.8,ERROR
2055-10-12T12:43:14Z,R-01,Tracked,Radiation,153.5,OK
2055-10-12T12:43:18Z,R-02,Hover,Temperature,-42.4,OK
2055-10-12T12:43:22Z,R-02,Hover,Atmosphere,94.9,OK
2055-10-12T12:43:23Z,R-02,Hover,Temperature,-55.3,OK
2055-10-12T12:43:27Z,R-04,Hover,Atmosphere,92.7,OK
2055-10-12T12:43:32Z,R-04,Hover,Temperature,-76.5,OK
2055-10-12T12:43:34Z,R-05,Tracked,Radiation,235.3,OK
2055-10-12T12:43:37Z,R-02,Hover,Temperature,-9999.0,ERROR
2055-10-12T12:43:38Z,R-05,Tracked,Temperature,-27.1,OK
2055-10-12T12:43:39Z,R-05,Tracked,Temperature,-16.7,OK
2055-10-12T12:43:40Z,R-01,Tracked,Temperature,-9999.0,ERROR
2055-10-12T12:43:42Z,R-03,Walker,Radiation,295.4,OK
2055-10-12T12:43:46Z,R-02,Hover,Temperature,-41.2,OK
2055-10-12T12:43:47Z,R-02,Hover,Radiation,275.8,OK
2055-10-12T12:43:50Z,R-01,Tracked,Atmosphere,91.5,OK
2055-10-12T12:43:52Z,R-04,Hover,Radiation,-100.0,ERROR
2055-10-12T12:43:56Z,R-05,Tracked,Atmosphere,97.0,OK
2055-10-12T12:43:59Z,R-02,Hover,Radiation,145.4,OK
2055-10-12T12:44:04Z,R-05,Tracked,Atmosphere,95.8,OK
2055-10-12T12:44:05Z,R-02,Hover,Temperature,-20.1,OK
2055-10-12T12:44:09Z,R-02,Hover,Radiation,190.8,OK
2055-10-12T12:44:10Z,R-01,Tracked,Atmosphere,98.1,OK
2055-10-12T12:44:15Z,R-04,Hover,Temperature,-19.9,OK
2055-10-12T12:44:18Z,R-05,Tracked,Radiation,182.4,OK
2055-10-12T12:44:20Z,R-05,Tracked,Temperature,-42.0,OK
2055-10-12T12:44:24Z,R-03,Walker,Temperature,-18.2,OK
2055-10-12T12:44:29Z,R-05,Tracked,Atmosphere,99.5,OK
2055-10-12T12:44:33Z,R-03,Walker,Radiation,,ERROR
2055-10-12T12:44:38Z,R-01,Tracked,Temperature,-28.9,OK
2055-10-12T12:44:41Z,R-03,Walker,Atmosphere,94.7,OK
2055-10-12T12:44:43Z,R-03,Walker,Atmosphere,98.4,OK
2055-10-12T12:44:48Z,R-01,Tracked,Radiation,160.5,OK
2055-10-12T12:44:53Z,R-01,Tracked,Radiation,180.1,OK
2055-10-12T12:44:55Z,R-03,Walker,Atmosphere,98.4,OK
2055-10-12T12:44:58Z,R-01,Tracked,Radiation,289.7,OK
2055-10-12T12:45:03Z,R-04,Hover,Atmosphere,ERR,ERROR
2055-10-12T12:45:04Z,R-03,Walker,Temperature,-10.4,OK
2055-10-12T12:45:05Z,R-01,Tracked,Atmosphere,,ERROR
2055-10-12T12:45:10Z,R-05,Tracked,Atmosphere,96.2,OK
2055-10-12T12:45:14Z,R-01,Tracked,Radiation,175.1,OK
2055-10-12T12:45:16Z,R-01,Tracked,Atmosphere,95.9,OK
2055-10-12T12:45:20Z,R-02,Hover,Radiation,283.8,OK
2055-10-12T12:45:21Z,R-03,Walker,Radiation,230.3,OK
2055-10-12T12:45:25Z,R-04,Hover,Atmosphere,100.0,ERROR
2055-10-12T12:45:30Z,R-03,Walker,Temperature,-71.2,OK
2055-10-12T12:45:33Z,R-05,Tracked,Atmosphere,99.4,OK
2055-10-12T12:45:38Z,R-05,Tracked,Temperature,-13.9,OK
2055-10-12T12:45:39Z,R-03,Walker,Temperature,-38.8,OK
2055-10-12T12:45:44Z,R-01,Tracked,Atmosphere,96.6,OK
2055-10-12T12:45:48Z,R-02,Hover,Radiation,,ERROR
2055-10-12T12:45:53Z,R-01,Tracked,Temperature,-10.4,OK
2055-10-12T12:45:56Z,R-03,Walker,Radiation,107.2,OK
2055-10-12T12:45:57Z,R-02,Hover,Atmosphere,99.6,WARNING
2055-10-12T12:45:59Z,R-01,Tracked,Atmosphere,95.1,OK
2055-10-12T12:46:03Z,R-01,Tracked,Atmosphere,96.7,OK
2055-10-12T12:46:04Z,R-03,Walker,Radiation,-100.0,ERROR
2055-10-12T12:46:07Z,R-04,Hover,Radiation,207.2,OK
2055-10-12T12:46:11Z,R-02,Hover,Temperature,-39.3,OK
2055-10-12T12:46:15Z,R-02,Hover,Temperature,-14.3,OK
2055-10-12T12:46:17Z,R-05,Tracked,Temperature,-76.7,OK
2055-10-12T12:46:19Z,R-01,Tracked,Atmosphere,96.1,OK
2055-10-12T12:46:24Z,R-05,Tracked,Temperature,ERR,ERROR
2055-10-12T12:46:29Z,R-01,Tracked,Radiation,191.3,OK
2055-10-12T12:46:31Z,R-05,Tracked,Temperature,-40.3,OK
2055-10-12T12:46:34Z,R-01,Tracked,Atmosphere,97.9,OK
2055-10-12T12:46:35Z,R-05,Tracked,Radiation,137.0,OK
2055-10-12T12:46:39Z,R-01,Tracked,Temperature,-12.5,OK
2055-10-12T12:46:40Z,R-02,Hover,Temperature,-26.7,ERROR
2055-10-12T12:46:42Z,R-03,Walker,Atmosphere,91.4,ERROR
2055-10-12T12:46:45Z,R-01,Tracked,Temperature,-22.6,OK
2055-10-12T12:46:49Z,R-04,Hover,Radiation,169.0,OK
2055-10-12T12:46:52Z,R-01,Tracked,Atmosphere,90.2,OK
2055-10-12T12:46:53Z,R-04,Hover,Temperature,NaN,ERROR
2055-10-12T12:46:57Z,R-02,Hover,Atmosphere,97.7,OK
2055-10-12T12:47:02Z,R-02,Hover,Atmosphere,95.8,ERROR
2055-10-12T12:47:05Z,R-03,Walker,Temperature,-47.5,OK
2055-10-12T12:47:08Z,R-05,Tracked,Radiation,243.7,OK
2055-10-12T12:47:12Z,R-03,Walker,Atmosphere,98.9,OK
2055-10-12T12:47:14Z,R-02,Hover,Temperature,-64.5,OK
2055-10-12T12:47:17Z,R-02,Hover,Atmosphere,94.9,OK
2055-10-12T12:47:18Z,R-04,Hover,Radiation,N/A,ERROR
2055-10-12T12:47:19Z,R-05,Tracked,Radiation,160.6,OK
2055-10-12T12:47:21Z,R-01,Tracked,Temperature,-66.6,OK
2055-10-12T12:47:25Z,R-01,Tracked,Atmosphere,91.1,OK
2055-10-12T12:47:27Z,R-02,Hover,Radiation,157.8,OK
2055-10-12T12:47:32Z,R-04,Hover,Atmosphere,92.8,ERROR
2055-10-12T12:47:35Z,R-04,Hover,Temperature,-48.0,OK
2055-10-12T12:47:37Z,R-02,Hover,Temperature,-40.9,OK
2055-10-12T12:47:39Z,R-02,Hover,Radiation,253.6,OK
2055-10-12T12:47:43Z,R-04,Hover,Atmosphere,99.6,OK
2055-10-12T12:47:44Z,R-05,Tracked,Temperature,-71.5,OK
2055-10-12T12:47:46Z,R-02,Hover,Temperature,-53.8,OK
2055-10-12T12:47:50Z,R-05,Tracked,Radiation,232.9,OK
2055-10-12T12:47:51Z,R-04,Hover,Atmosphere,92.6,OK
2055-10-12T12:47:55Z,R-05,Tracked,Temperature,-41.3,OK
2055-10-12T12:48:00Z,R-04,Hover,Radiation,71.5,OK
2055-10-12T12:48:02Z,R-01,Tracked,Atmosphere,,ERROR
2055-10-12T12:48:07Z,R-03,Walker,Atmosphere,90.2,OK
2055-10-12T12:48:12Z,R-05,Tracked,Radiation,58.4,OK
2055-10-12T12:48:13Z,R-03,Walker,Temperature,,ERROR
2055-10-12T12:48:16Z,R-05,Tracked,Radiation,297.0,OK
2055-10-12T12:48:21Z,R-05,Tracked,Temperature,-29.9,OK
2055-10-12T12:48:26Z,R-02,Hover,Temperature,-24.5,OK
2055-10-12T12:48:29Z,R-05,Tracked,Radiation,165.6,OK
2055-10-12T12:48:33Z,R-02,Hover,Temperature,-42.3,OK
2055-10-12T12:48:35Z,R-04,Hover,Temperature,-41.4,OK
2055-10-12T12:48:37Z,R-04,Hover,Atmosphere,93.3,OK
2055-10-12T12:48:40Z,R-01,Tracked,Temperature,#VALUE!,ERROR
2055-10-12T12:48:45Z,R-02,Hover,Atmosphere,93.1,OK
2055-10-12T12:48:48Z,R-03,Walker,Radiation,451.5,WARNING
2055-10-12T12:48:49Z,R-03,Walker,Radiation,288.1,OK
2055-10-12T12:48:51Z,R-02,Hover,Radiation,99999.0,ERROR
2055-10-12T12:48:52Z,R-05,Tracked,Radiation,252.7,OK
2055-10-12T12:48:57Z,R-05,Tracked,Radiation,NULL,ERROR
2055-10-12T12:48:58Z,R-05,Tracked,Atmosphere,98.5,OK
2055-10-12T12:49:01Z,R-02,Hover,Radiation,157.0,OK
2055-10-12T12:49:05Z,R-04,Hover,Radiation,191.8,OK
2055-10-12T12:49:08Z,R-01,Tracked,Temperature,-15.8,OK
2055-10-12T12:49:10Z,R-01,Tracked,Radiation,142.5,OK
2055-10-12T12:49:15Z,R-04,Hover,Radiation,163.8,OK
2055-10-12T12:49:18Z,R-02,Hover,Temperature,-56.7,OK
2055-10-12T12:49:23Z,R-02,Hover,Atmosphere,93.5,OK
2055-10-12T12:49:26Z,R-05,Tracked,Atmosphere,90.2,OK
2055-10-12T12:49:28Z,R-02,Hover,Atmosphere,90.6,OK
2055-10-12T12:49:32Z,R-02,Hover,Atmosphere,,ERROR
2055-10-12T12:49:33Z,R-05,Tracked,Radiation,204.0,OK
2055-10-12T12:49:34Z,R-03,Walker,Radiation,217.5,OK
2055-10-12T12:49:39Z,R-03,Walker,Temperature,-46.8,OK
2055-10-12T12:49:41Z,R-03,Walker,Atmosphere,91.1,ERROR
2055-10-12T12:49:43Z,R-01,Tracked,Atmosphere,94.5,OK
2055-10-12T12:49:45Z,R-01,Tracked,Temperature,-20.5,OK
2055-10-12T12:49:49Z,R-04,Hover,Atmosphere,99.7,OK
2055-10-12T12:49:50Z,R-02,Hover,Atmosphere,99.7,OK
2055-10-12T12:49:52Z,R-01,Tracked,Atmosphere,98.3,OK
2055-10-12T12:49:53Z,R-04,Hover,Radiation,N/A,ERROR
2055-10-12T12:49:57Z,R-01,Tracked,Radiation,181.3,OK
2055-10-12T12:50:02Z,R-01,Tracked,Temperature,-31.9,OK
2055-10-12T12:50:05Z,R-02,Hover,Radiation,163.5,OK
2055-10-12T12:50:07Z,R-01,Tracked,Temperature,-75.6,OK
2055-10-12T12:50:12Z,R-05,Tracked,Atmosphere,96.1,OK
2055-10-12T12:50:15Z,R-01,Tracked,Atmosphere,99.3,OK
2055-10-12T12:50:18Z,R-02,Hover,Atmosphere,94.8,OK
2055-10-12T12:50:22Z,R-03,Walker,Atmosphere,91.1,OK
2055-10-12T12:50:24Z,R-05,Tracked,Radiation,N/A,ERROR
2055-10-12T12:50:29Z,R-03,Walker,Radiation,192.4,OK
2055-10-12T12:50:31Z,R-01,Tracked,Radiation,248.3,OK
2055-10-12T12:50:36Z,R-02,Hover,Radiation,95.4,OK
2055-10-12T12:50:37Z,R-03,Walker,Temperature,-29.4,OK
2055-10-12T12:50:41Z,R-03,Walker,Atmosphere,,ERROR
2055-10-12T12:50:44Z,R-04,Hover,Temperature,-13.7,OK
2055-10-12T12:50:46Z,R-02,Hover,Temperature,-36.4,OK
2055-10-12T12:50:47Z,R-05,Tracked,Radiation,60.3,OK
2055-10-12T12:50:52Z,R-03,Walker,Radiation,173.8,OK
2055-10-12T12:50:53Z,R-02,Hover,Atmosphere,90.4,OK
2055-10-12T12:50:57Z,R-02,Hover,Atmosphere,99.6,OK
2055-10-12T12:51:01Z,R-01,Tracked,Radiation,226.5,OK
2055-10-12T12:51:05Z,R-01,Tracked,Radiation,143.8,OK
2055-10-12T12:51:06Z,R-03,Walker,Radiation,288.6,OK
2055-10-12T12:51:09Z,R-05,Tracked,Temperature,-23.3,OK
2055-10-12T12:51:12Z,R-05,Tracked,Atmosphere,91.9,ERROR
2055-10-12T12:51:15Z,R-02,Hover,Temperature,-68.8,WARNING
2055-10-12T12:51:20Z,R-01,Tracked,Atmosphere,,ERROR
2055-10-12T12:51:25Z,R-01,Tracked,Temperature,-77.5,OK
2055-10-12T12:51:26Z,R-04,Hover,Radiation,69.0,OK
2055-10-12T12:51:27Z,R-04,Hover,Atmosphere,91.5,OK
2055-10-12T12:51:28Z,R-02,Hover,Atmosphere,91.7,ERROR
2055-10-12T12:51:33Z,R-01,Tracked,Atmosphere,91.2,OK
2055-10-12T12:51:38Z,R-05,Tracked,Atmosphere,90.8,OK
2055-10-12T12:51:41Z,R-01,Tracked,Radiation,247.8,OK
2055-10-12T12:51:46Z,R-05,Tracked,Temperature,-13.8,OK
2055-10-12T12:51:48Z,R-02,Hover,Radiation,56.6,OK
2055-10-12T12:51:49Z,R-03,Walker,Atmosphere,96.7,OK
2055-10-12T12:51:53Z,R-02,Hover,Radiation,218.8,OK
2055-10-12T12:51:54Z,R-02,Hover,Atmosphere,#VALUE!,ERROR
2055-10-12T12:51:56Z,R-04,Hover,Radiation,186.4,OK
2055-10-12T12:51:57Z,R-01,Tracked,Radiation,259.2,OK
2055-10-12T12:52:02Z,R-05,Tracked,Temperature,5000.0,ERROR
2055-10-12T12:52:03Z,R-02,Hover,Atmosphere,96.3,OK
2055-10-12T12:52:06Z,R-01,Tracked,Temperature,-62.6,OK
2055-10-12T12:52:11Z,R-05,Tracked,Atmosphere,98.0,OK
2055-10-12T12:52:12Z,R-02,Hover,Atmosphere,95.0,OK
2055-10-12T12:52:14Z,R-04,Hover,Radiation,188.5,OK
2055-10-12T12:52:17Z,R-05,Tracked,Temperature,-39.4,OK
2055-10-12T12:52:18Z,R-01,Tracked,Temperature,-38.4,OK
2055-10-12T12:52:19Z,R-03,Walker,Atmosphere,96.7,OK
2055-10-12T12:52:21Z,R-04,Hover,Temperature,-71.7,OK
2055-10-12T12:52:26Z,R-02,Hover,Atmosphere,93.3,ERROR
2055-10-12T12:52:28Z,R-01,Tracked,Radiation,179.9,OK
2055-10-12T12:52:29Z,R-01,Tracked,Atmosphere,91.5,OK
2055-10-12T12:52:32Z,R-01,Tracked,Temperature,-77.6,OK
2055-10-12T12:52:35Z,R-01,Tracked,Atmosphere,94.7,OK
2055-10-12T12:52:36Z,R-04,Hover,Radiation,,ERROR
2055-10-12T12:52:38Z,R-05,Tracked,Temperature,-20.5,OK
2055-10-12T12:52:42Z,R-05,Tracked,Atmosphere,93.0,OK
2055-10-12T12:52:45Z,R-05,Tracked,Temperature,-30.1,OK
2055-10-12T12:52:47Z,R-05,Tracked,Atmosphere,99.6,ERROR
2055-10-12T12:52:51Z,R-04,Hover,Temperature,-78.3,OK
2055-10-12T12:52:53Z,R-03,Walker,Atmosphere,90.3,OK
2055-10-12T12:52:55Z,R-03,Walker,Radiation,245.1,OK
2055-10-12T12:52:59Z,R-04,Hover,Temperature,-65.3,OK
2055-10-12T12:53:03Z,R-03,Walker,Atmosphere,91.9,OK
2055-10-12T12:53:04Z,R-01,Tracked,Radiation,246.6,OK
2055-10-12T12:53:07Z,R-01,Tracked,Radiation,229.7,OK
2055-10-12T12:53:12Z,R-03,Walker,Radiation,,ERROR
2055-10-12T12:53:13Z,R-02,Hover,Radiation,211.5,OK
2055-10-12T12:53:17Z,R-05,Tracked,Radiation,416.8,WARNING
2055-10-12T12:53:20Z,R-04,Hover,Temperature,-21.1,OK
2055-10-12T12:53:25Z,R-04,Hover,Temperature,-22.6,OK
2055-10-12T12:53:28Z,R-02,Hover,Temperature,-64.3,WARNING
2055-10-12T12:53:32Z,R-04,Hover,Temperature,-26.1,OK
2055-10-12T12:53:37Z,R-02,Hover,Radiation,184.7,OK
2055-10-12T12:53:40Z,R-01,Tracked,Temperature,-14.3,OK
2055-10-12T12:53:42Z,R-02,Hover,Atmosphere,94.2,OK
2055-10-12T12:53:43Z,R-03,Walker,Temperature,-63.9,OK
2055-10-12T12:53:46Z,R-01,Tracked,Temperature,-48.1,ERROR
2055-10-12T12:53:47Z,R-03,Walker,Atmosphere,90.9,WARNING
2055-10-12T12:53:49Z,R-05,Tracked,Radiation,96.0,OK
2055-10-12T12:53:54Z,R-01,Tracked,Radiation,94.2,OK
2055-10-12T12:53:56Z,R-03,Walker,Atmosphere,92.3,ERROR
2055-10-12T12:54:00Z,R-04,Hover,Atmosphere,93.3,OK
2055-10-12T12:54:02Z,R-03,Walker,Temperature,-54.0,OK
2055-10-12T12:54:05Z,R-04,Hover,Atmosphere,99.1,ERROR
2055-10-12T12:54:06Z,R-04,Hover,Atmosphere,98.9,OK
2055-10-12T12:54:07Z,R-01,Tracked,Temperature,-22.8,ERROR
2055-10-12T12:54:09Z,R-05,Tracked,Radiation,-100.0,ERROR
2055-10-12T12:54:14Z,R-04,Hover,Radiation,154.4,OK
2055-10-12T12:54:19Z,R-03,Walker,Atmosphere,94.4,OK
2055-10-12T12:54:20Z,R-04,Hover,Radiation,64.7,OK
2055-10-12T12:54:25Z,R-04,Hover,Radiation,N/A,ERROR
2055-10-12T12:54:30Z,R-02,Hover,Atmosphere,91.8,OK
2055-10-12T12:54:33Z,R-03,Walker,Radiation,130.7,OK
2055-10-12T12:54:38Z,R-05,Tracked,Radiation,161.6,OK
2055-10-12T12:54:43Z,R-04,Hover,Temperature,-24.5,OK
2055-10-12T12:54:46Z,R-01,Tracked,Atmosphere,91.0,OK
2055-10-12T12:54:47Z,R-03,Walker,Radiation,257.0,OK
2055-10-12T12:54:51Z,R-04,Hover,Atmosphere,93.3,OK
2055-10-12T12:54:56Z,R-03,Walker,Temperature,-52.2,OK
2055-10-12T12:54:58Z,R-05,Tracked,Radiation,104.4,OK
2055-10-12T12:55:02Z,R-02,Hover,Atmosphere,91.8,ERROR
2055-10-12T12:55:05Z,R-01,Tracked,Radiation,99999.0,ERROR
2055-10-12T12:55:10Z,R-04,Hover,Atmosphere,98.1,OK
2055-10-12T12:55:13Z,R-02,Hover,Temperature,ERR,ERROR
2055-10-12T12:55:18Z,R-05,Tracked,Radiation,216.8,OK
2055-10-12T12:55:20Z,R-04,Hover,Atmosphere,95.4,OK
2055-10-12T12:55:21Z,R-01,Tracked,Temperature,-74.8,OK
2055-10-12T12:55:22Z,R-02,Hover,Radiation,104.1,OK
2055-10-12T12:55:24Z,R-01,Tracked,Atmosphere,96.6,OK
2055-10-12T12:55:25Z,R-04,Hover,Atmosphere,NULL,ERROR
2055-10-12T12:55:26Z,R-04,Hover,Temperature,-25.9,WARNING
2055-10-12T12:55:27Z,R-01,Tracked,Atmosphere,95.4,OK
2055-10-12T12:55:28Z,R-05,Tracked,Radiation,154.3,OK
2055-10-12T12:55:29Z,R-01,Tracked,Temperature,-39.5,OK
2055-10-12T12:55:33Z,R-01,Tracked,Atmosphere,96.0,OK
2055-10-12T12:55:35Z,R-05,Tracked,Temperature,-20.2,OK
2055-10-12T12:55:39Z,R-04,Hover,Temperature,-20.0,OK
2055-10-12T12:55:42Z,R-04,Hover,Radiation,225.3,OK
2055-10-12T12:55:45Z,R-02,Hover,Atmosphere,98.2,OK
2055-10-12T12:55:47Z,R-05,Tracked,Temperature,-57.8,OK
2055-10-12T12:55:49Z,R-02,Hover,Temperature,-75.0,OK
2055-10-12T12:55:51Z,R-04,Hover,Temperature,-18.5,OK
2055-10-12T12:55:52Z,R-03,Walker,Temperature,-27.1,OK
2055-10-12T12:55:53Z,R-01,Tracked,Atmosphere,99.0,OK
2055-10-12T12:55:54Z,R-03,Walker,Atmosphere,92.2,ERROR
2055-10-12T12:55:57Z,R-03,Walker,Radiation,171.8,OK
2055-10-12T12:56:01Z,R-03,Walker,Radiation,154.4,OK
2055-10-12T12:56:06Z,R-01,Tracked,Radiation,299.0,OK
2055-10-12T12:56:09Z,R-01,Tracked,Temperature,-14.2,OK
2055-10-12T12:56:11Z,R-05,Tracked,Temperature,-62.9,OK
2055-10-12T12:56:12Z,R-04,Hover,Atmosphere,92.6,OK
2055-10-12T12:56:17Z,R-01,Tracked,Temperature,-34.6,OK
2055-10-12T12:56:20Z,R-03,Walker,Atmosphere,96.3,OK
2055-10-12T12:56:22Z,R-03,Walker,Radiation,160.4,OK
2055-10-12T12:56:24Z,R-05,Tracked,Temperature,-56.3,OK
2055-10-12T12:56:28Z,R-01,Tracked,Temperature,,ERROR
2055-10-12T12:56:32Z,R-01,Tracked,Atmosphere,91.3,OK
2055-10-12T12:56:37Z,R-05,Tracked,Radiation,159.5,OK
2055-10-12T12:56:39Z,R-05,Tracked,Atmosphere,93.0,OK
2055-10-12T12:56:43Z,R-05,Tracked,Radiation,85.5,OK
2055-10-12T12:56:44Z,R-04,Hover,Radiation,146.9,OK
2055-10-12T12:56:46Z,R-04,Hover,Radiation,250.1,OK
2055-10-12T12:56:48Z,R-02,Hover,Radiation,NULL,ERROR
2055-10-12T12:56:52Z,R-03,Walker,Atmosphere,96.3,ERROR
2055-10-12T12:56:55Z,R-03,Walker,Atmosphere,93.6,OK
2055-10-12T12:56:57Z,R-05,Tracked,Atmosphere,,ERROR
2055-10-12T12:56:58Z,R-01,Tracked,Radiation,134.0,OK
2055-10-12T12:57:00Z,R-05,Tracked,Radiation,289.0,OK
2055-10-12T12:57:02Z,R-04,Hover,Radiation,197.7,OK
2055-10-12T12:57:03Z,R-05,Tracked,Temperature,-60.2,OK
2055-10-12T12:57:04Z,R-03,Walker,Temperature,-72.5,ERROR
2055-10-12T12:57:06Z,R-02,Hover,Atmosphere,90.5,OK
2055-10-12T12:57:08Z,R-03,Walker,Atmosphere,97.1,WARNING
2055-10-12T12:57:12Z,R-04,Hover,Temperature,-75.9,WARNING
2055-10-12T12:57:17Z,R-05,Tracked,Temperature,-36.6,OK
2055-10-12T12:57:20Z,R-05,Tracked,Temperature,-13.9,OK
2055-10-12T12:57:25Z,R-01,Tracked,Temperature,-10.4,OK
2055-10-12T12:57:28Z,R-03,Walker,Temperature,-32.5,OK
2055-10-12T12:57:33Z,R-05,Tracked,Radiation,71.3,OK
2055-10-12T12:57:34Z,R-01,Tracked,Temperature,-16.1,OK
2055-10-12T12:57:35Z,R-04,Hover,Temperature,-69.6,OK
2055-10-12T12:57:37Z,R-05,Tracked,Atmosphere,92.1,OK
2055-10-12T12:57:38Z,R-04,Hover,Atmosphere,97.6,OK
2055-10-12T12:57:43Z,R-01,Tracked,Atmosphere,92.9,OK
2055-10-12T12:57:48Z,R-01,Tracked,Atmosphere,90.2,OK
2055-10-12T12:57:52Z,R-01,Tracked,Temperature,-29.7,OK
2055-10-12T12:57:54Z,R-02,Hover,Radiation,206.3,OK
2055-10-12T12:57:56Z,R-02,Hover,Temperature,-39.0,OK
2055-10-12T12:58:00Z,R-04,Hover,Temperature,-25.7,OK
2055-10-12T12:58:03Z,R-05,Tracked,Radiation,83.3,OK
2055-10-12T12:58:06Z,R-01,Tracked,Atmosphere,99.3,OK
2055-10-12T12:58:09Z,R-01,Tracked,Temperature,-39.0,OK
2055-10-12T12:58:11Z,R-02,Hover,Radiation,246.6,OK
2055-10-12T12:58:12Z,R-03,Walker,Temperature,5000.0,ERROR
2055-10-12T12:58:16Z,R-05,Tracked,Atmosphere,94.0,OK
2055-10-12T12:58:17Z,R-02,Hover,Radiation,169.8,OK
2055-10-12T12:58:19Z,R-04,Hover,Temperature,-75.8,OK
2055-10-12T12:58:21Z,R-04,Hover,Temperature,-57.8,WARNING
2055-10-12T12:58:23Z,R-04,Hover,Radiation,235.3,OK
2055-10-12T12:58:27Z,R-04,Hover,Radiation,121.5,OK
2055-10-12T12:58:29Z,R-05,Tracked,Atmosphere,99.1,OK
2055-10-12T12:58:33Z,R-03,Walker,Atmosphere,93.0,OK
2055-10-12T12:58:34Z,R-03,Walker,Radiation,132.5,OK
2055-10-12T12:58:35Z,R-05,Tracked,Temperature,-47.2,OK
2055-10-12T12:58:37Z,R-02,Hover,Radiation,217.4,OK
2055-10-12T12:58:41Z,R-05,Tracked,Atmosphere,100.0,OK
2055-10-12T12:58:43Z,R-05,Tracked,Atmosphere,99.4,OK
2055-10-12T12:58:45Z,R-04,Hover,Temperature,-38.4,OK
2055-10-12T12:58:50Z,R-01,Tracked,Radiation,297.8,OK
2055-10-12T12:58:52Z,R-03,Walker,Atmosphere,94.0,OK
2055-10-12T12:58:57Z,R-03,Walker,Radiation,131.8,OK
2055-10-12T12:59:02Z,R-01,Tracked,Atmosphere,99.6,OK
2055-10-12T12:59:07Z,R-03,Walker,Radiation,125.6,OK
2055-10-12T12:59:10Z,R-02,Hover,Temperature,-62.7,OK
2055-10-12T12:59:14Z,R-02,Hover,Temperature,-78.8,OK
2055-10-12T12:59:17Z,R-05,Tracked,Atmosphere,90.1,WARNING
2055-10-12T12:59:22Z,R-03,Walker,Radiation,185.5,OK
2055-10-12T12:59:27Z,R-05,Tracked,Temperature,-31.3,OK
2055-10-12T12:59:29Z,R-02,Hover,Radiation,206.1,OK
2055-10-12T12:59:34Z,R-05,Tracked,Atmosphere,99.8,OK
2055-10-12T12:59:39Z,R-03,Walker,Atmosphere,96.1,OK
2055-10-12T12:59:43Z,R-02,Hover,Radiation,209.1,OK
2055-10-12T12:59:48Z,R-01,Tracked,Radiation,455.5,WARNING
2055-10-12T12:59:53Z,R-01,Tracked,Radiation,184.3,OK
2055-10-12T12:59:57Z,R-01,Tracked,Atmosphere,93.6,OK
2055-10-12T13:00:00Z,R-05,Tracked,Atmosphere,94.6,OK
2055-10-12T13:00:03Z,R-03,Walker,Temperature,-29.9,OK
2055-10-12T13:00:05Z,R-04,Hover,Atmosphere,91.8,OK
2055-10-12T13:00:09Z,R-01,Tracked,Atmosphere,93.7,OK
2055-10-12T13:00:12Z,R-01,Tracked,Temperature,-54.6,WARNING
2055-10-12T13:00:17Z,R-03,Walker,Radiation,172.4,OK
2055-10-12T13:00:19Z,R-05,Tracked,Atmosphere,94.6,OK
2055-10-12T13:00:22Z,R-02,Hover,Atmosphere,98.8,OK
2055-10-12T13:00:26Z,R-05,Tracked,Radiation,233.8,OK
2055-10-12T13:00:27Z,R-04,Hover,Temperature,-69.0,OK
2055-10-12T13:00:31Z,R-05,Tracked,Temperature,5000.0,ERROR
2055-10-12T13:00:34Z,R-05,Tracked,Atmosphere,99.9,OK
2055-10-12T13:00:36Z,R-01,Tracked,Radiation,411.7,WARNING
2055-10-12T13:00:40Z,R-05,Tracked,Atmosphere,98.2,OK
2055-10-12T13:00:41Z,R-01,Tracked,Atmosphere,92.6,ERROR
2055-10-12T13:00:42Z,R-04,Hover,Atmosphere,91.2,OK
2055-10-12T13:00:45Z,R-03,Walker,Radiation,165.3,OK
2055-10-12T13:00:48Z,R-05,Tracked,Temperature,-33.7,OK
2055-10-12T13:00:50Z,R-01,Tracked,Temperature,-37.7,OK
2055-10-12T13:00:53Z,R-05,Tracked,Temperature,-71.0,OK
2055-10-12T13:00:56Z,R-02,Hover,Radiation,158.2,OK
2055-10-12T13:00:59Z,R-03,Walker,Temperature,#VALUE!,ERROR
2055-10-12T13:01:01Z,R-02,Hover,Temperature,-54.4,OK
2055-10-12T13:01:06Z,R-01,Tracked,Radiation,470.6,WARNING
2055-10-12T13:01:09Z,R-02,Hover,Temperature,-21.7,OK
2055-10-12T13:01:13Z,R-05,Tracked,Radiation,220.5,OK
2055-10-12T13:01:18Z,R-02,Hover,Temperature,-30.1,OK
2055-10-12T13:01:22Z,R-02,Hover,Temperature,-47.7,OK
2055-10-12T13:01:26Z,R-03,Walker,Atmosphere,90.7,OK
2055-10-12T13:01:27Z,R-04,Hover,Atmosphere,98.0,OK
2055-10-12T13:01:32Z,R-05,Tracked,Radiation,ERR,ERROR
2055-10-12T13:01:35Z,R-05,Tracked,Atmosphere,93.9,WARNING
2055-10-12T13:01:36Z,R-04,Hover,Atmosphere,98.8,OK
2055-10-12T13:01:37Z,R-04,Hover,Radiation,163.2,OK
2055-10-12T13:01:38Z,R-04,Hover,Radiation,218.6,OK
2055-10-12T13:01:42Z,R-01,Tracked,Atmosphere,91.2,OK
2055-10-12T13:01:43Z,R-01,Tracked,Atmosphere,93.8,OK
2055-10-12T13:01:48Z,R-03,Walker,Radiation,-100.0,ERROR
2055-10-12T13:01:50Z,R-02,Hover,Temperature,-47.0,OK
2055-10-12T13:01:52Z,R-02,Hover,Atmosphere,92.6,OK
2055-10-12T13:01:57Z,R-05,Tracked,Temperature,-44.3,OK
2055-10-12T13:01:59Z,R-02,Hover,Radiation,181.8,OK
2055-10-12T13:02:01Z,R-05,Tracked,Radiation,NULL,ERROR
2055-10-12T13:02:03Z,R-02,Hover,Atmosphere,100.0,OK
2055-10-12T13:02:07Z,R-02,Hover,Atmosphere,95.0,OK
2055-10-12T13:02:09Z,R-01,Tracked,Atmosphere,92.6,OK
2055-10-12T13:02:11Z,R-03,Walker,Radiation,182.6,OK
2055-10-12T13:02:13Z,R-01,Tracked,Temperature,-22.8,OK
2055-10-12T13:02:15Z,R-01,Tracked,Radiation,136.4,OK
2055-10-12T13:02:18Z,R-03,Walker,Temperature,-53.7,OK
2055-10-12T13:02:22Z,R-03,Walker,Temperature,-18.3,OK
2055-10-12T13:02:23Z,R-05,Tracked,Temperature,-36.6,OK
2055-10-12T13:02:27Z,R-05,Tracked,Radiation,211.7,OK
2055-10-12T13:02:31Z,R-02,Hover,Temperature,-78.2,OK
2055-10-12T13:02:33Z,R-03,Walker,Temperature,-75.4,OK
2055-10-12T13:02:35Z,R-05,Tracked,Atmosphere,95.5,OK
2055-10-12T13:02:36Z,R-02,Hover,Temperature,-42.0,OK
2055-10-12T13:02:39Z,R-01,Tracked,Temperature,-57.4,OK
2055-10-12T13:02:43Z,R-03,Walker,Temperature,5000.0,ERROR
2055-10-12T13:02:46Z,R-05,Tracked,Temperature,-14.6,OK
2055-10-12T13:02:48Z,R-05,Tracked,Temperature,-52.2,OK
2055-10-12T13:02:51Z,R-01,Tracked,Radiation,267.9,OK
2055-10-12T13:02:55Z,R-01,Tracked,Radiation,297.0,ERROR
2055-10-12T13:02:56Z,R-05,Tracked,Temperature,-59.9,OK
2055-10-12T13:03:01Z,R-05,Tracked,Atmosphere,95.7,OK
2055-10-12T13:03:04Z,R-01,Tracked,Atmosphere,92.2,OK
2055-10-12T13:03:07Z,R-04,Hover,Atmosphere,95.6,OK
2055-10-12T13:03:11Z,R-05,Tracked,Radiation,160.9,OK
2055-10-12T13:03:13Z,R-02,Hover,Radiation,140.2,OK
2055-10-12T13:03:17Z,R-02,Hover,Temperature,-60.6,OK
2055-10-12T13:03:20Z,R-04,Hover,Atmosphere,91.1,ERROR
2055-10-12T13:03:23Z,R-03,Walker,Temperature,-79.1,OK
2055-10-12T13:03:26Z,R-03,Walker,Atmosphere,94.5,OK
2055-10-12T13:03:28Z,R-03,Walker,Atmosphere,90.8,ERROR
2055-10-12T13:03:29Z,R-03,Walker,Atmosphere,92.2,OK
2055-10-12T13:03:31Z,R-01,Tracked,Atmosphere,92.4,OK
2055-10-12T13:03:36Z,R-05,Tracked,Radiation,145.2,OK
2055-10-12T13:03:38Z,R-03,Walker,Atmosphere,96.7,OK
2055-10-12T13:03:39Z,R-05,Tracked,Radiation,288.9,OK
2055-10-12T13:03:42Z,R-02,Hover,Atmosphere,90.0,WARNING
2055-10-12T13:03:44Z,R-01,Tracked,Atmosphere,96.5,OK
2055-10-12T13:03:45Z,R-03,Walker,Radiation,291.1,OK
2055-10-12T13:03:47Z,R-02,Hover,Temperature,-22.9,OK
2055-10-12T13:03:49Z,R-02,Hover,Radiation,238.7,OK
2055-10-12T13:03:53Z,R-05,Tracked,Temperature,-79.6,WARNING
2055-10-12T13:03:54Z,R-03,Walker,Atmosphere,92.6,OK
2055-10-12T13:03:57Z,R-03,Walker,Radiation,108.3,OK
2055-10-12T13:03:59Z,R-02,Hover,Temperature,NULL,ERROR
2055-10-12T13:04:04Z,R-03,Walker,Atmosphere,97.8,OK
2055-10-12T13:04:08Z,R-05,Tracked,Temperature,-60.9,OK
2055-10-12T13:04:13Z,R-03,Walker,Temperature,-35.5,OK
2055-10-12T13:04:14Z,R-03,Walker,Temperature,-68.4,OK
2055-10-12T13:04:16Z,R-05,Tracked,Radiation,210.5,OK
2055-10-12T13:04:18Z,R-03,Walker,Atmosphere,92.5,OK
2055-10-12T13:04:22Z,R-04,Hover,Temperature,-39.8,OK
2055-10-12T13:04:26Z,R-03,Walker,Atmosphere,98.3,ERROR
2055-10-12T13:04:27Z,R-05,Tracked,Atmosphere,91.2,OK
2055-10-12T13:04:28Z,R-03,Walker,Radiation,171.1,OK
2055-10-12T13:04:29Z,R-04,Hover,Atmosphere,94.7,OK
2055-10-12T13:04:33Z,R-05,Tracked,Temperature,-56.4,WARNING
2055-10-12T13:04:36Z,R-02,Hover,Radiation,99999.0,ERROR
2055-10-12T13:04:39Z,R-01,Tracked,Temperature,#VALUE!,ERROR
2055-10-12T13:04:40Z,R-03,Walker,Atmosphere,91.8,OK
2055-10-12T13:04:41Z,R-05,Tracked,Temperature,-17.8,OK
2055-10-12T13:04:43Z,R-03,Walker,Radiation,169.6,OK
2055-10-12T13:04:48Z,R-05,Tracked,Atmosphere,95.6,WARNING
2055-10-12T13:04:49Z,R-02,Hover,Radiation,483.3,WARNING
2055-10-12T13:04:50Z,R-05,Tracked,Atmosphere,94.2,OK
2055-10-12T13:04:55Z,R-02,Hover,Temperature,-73.9,OK
2055-10-12T13:04:59Z,R-02,Hover,Temperature,-15.2,OK
2055-10-12T13:05:00Z,R-04,Hover,Temperature,-72.7,OK
2055-10-12T13:05:03Z,R-04,Hover,Temperature,-33.4,OK
2055-10-12T13:05:06Z,R-02,Hover,Radiation,179.6,OK
2055-10-12T13:05:11Z,R-04,Hover,Radiation,172.7,OK
2055-10-12T13:05:14Z,R-02,Hover,Radiation,98.1,OK
2055-10-12T13:05:19Z,R-01,Tracked,Radiation,247.5,OK
2055-10-12T13:05:22Z,R-02,Hover,Atmosphere,90.2,OK
2055-10-12T13:05:24Z,R-01,Tracked,Temperature,-33.3,OK
2055-10-12T13:05:28Z,R-05,Tracked,Radiation,280.4,OK
2055-10-12T13:05:30Z,R-05,Tracked,Radiation,289.5,OK
2055-10-12T13:05:33Z,R-01,Tracked,Atmosphere,96.0,OK
2055-10-12T13:05:34Z,R-02,Hover,Radiation,50.7,OK
2055-10-12T13:05:36Z,R-05,Tracked,Radiation,107.8,OK
2055-10-12T13:05:40Z,R-02,Hover,Atmosphere,93.7,OK
2055-10-12T13:05:45Z,R-01,Tracked,Temperature,-14.5,OK
2055-10-12T13:05:47Z,R-03,Walker,Atmosphere,95.2,WARNING
2055-10-12T13:05:51Z,R-01,Tracked,Atmosphere,97.6,OK
2055-10-12T13:05:52Z,R-03,Walker,Temperature,-54.8,OK
2055-10-12T13:05:53Z,R-05,Tracked,Temperature,-28.4,OK
2055-10-12T13:05:56Z,R-03,Walker,Atmosphere,92.3,ERROR
2055-10-12T13:05:57Z,R-02,Hover,Radiation,184.4,OK
2055-10-12T13:05:58Z,R-05,Tracked,Radiation,246.9,OK
2055-10-12T13:06:02Z,R-01,Tracked,Radiation,226.6,OK
2055-10-12T13:06:03Z,R-03,Walker,Radiation,111.4,OK
2055-10-12T13:06:08Z,R-05,Tracked,Radiation,178.4,OK
2055-10-12T13:06:09Z,R-04,Hover,Radiation,140.7,OK
2055-10-12T13:06:11Z,R-02,Hover,Radiation,281.1,OK
2055-10-12T13:06:12Z,R-02,Hover,Radiation,282.7,OK
2055-10-12T13:06:16Z,R-04,Hover,Temperature,-52.7,OK
2055-10-12T13:06:20Z,R-02,Hover,Temperature,,ERROR
2055-10-12T13:06:24Z,R-01,Tracked,Radiation,56.7,OK
2055-10-12T13:06:28Z,R-04,Hover,Temperature,-28.8,OK
2055-10-12T13:06:29Z,R-05,Tracked,Radiation,NULL,ERROR
2055-10-12T13:06:34Z,R-05,Tracked,Atmosphere,92.5,ERROR
2055-10-12T13:06:36Z,R-02,Hover,Radiation,60.5,OK
2055-10-12T13:06:41Z,R-01,Tracked,Temperature,,ERROR
2055-10-12T13:06:42Z,R-01,Tracked,Temperature,-64.9,WARNING
2055-10-12T13:06:44Z,R-01,Tracked,Temperature,-67.1,OK
2055-10-12T13:06:48Z,R-01,Tracked,Temperature,-54.8,OK
2055-10-12T13:06:50Z,R-04,Hover,Radiation,236.3,OK
2055-10-12T13:06:55Z,R-03,Walker,Temperature,-17.6,OK
2055-10-12T13:06:59Z,R-04,Hover,Radiation,255.1,OK
2055-10-12T13:07:01Z,R-04,Hover,Radiation,58.6,OK
2055-10-12T13:07:06Z,R-02,Hover,Atmosphere,95.5,OK
2055-10-12T13:07:08Z,R-05,Tracked,Atmosphere,93.9,OK
2055-10-12T13:07:13Z,R-03,Walker,Temperature,5000.0,ERROR
2055-10-12T13:07:15Z,R-05,Tracked,Atmosphere,97.1,OK
2055-10-12T13:07:17Z,R-04,Hover,Atmosphere,90.3,ERROR
2055-10-12T13:07:18Z,R-03,Walker,Atmosphere,90.7,OK
2055-10-12T13:07:23Z,R-04,Hover,Radiation,187.8,OK
2055-10-12T13:07:28Z,R-01,Tracked,Radiation,123.6,OK
2055-10-12T13:07:29Z,R-03,Walker,Radiation,199.1,ERROR
2055-10-12T13:07:31Z,R-01,Tracked,Atmosphere,98.1,OK
2055-10-12T13:07:34Z,R-01,Tracked,Temperature,,ERROR
2055-10-12T13:07:39Z,R-02,Hover,Temperature,-51.9,OK
2055-10-12T13:07:41Z,R-01,Tracked,Radiation,108.2,OK
2055-10-12T13:07:42Z,R-03,Walker,Atmosphere,94.5,OK
2055-10-12T13:07:44Z,R-01,Tracked,Atmosphere,91.1,OK
2055-10-12T13:07:49Z,R-04,Hover,Temperature,-50.8,WARNING
2055-10-12T13:07:50Z,R-03,Walker,Temperature,-68.8,OK
2055-10-12T13:07:54Z,R-05,Tracked,Atmosphere,90.8,ERROR
2055-10-12T13:07:58Z,R-04,Hover,Radiation,61.1,OK
2055-10-12T13:08:03Z,R-03,Walker,Atmosphere,97.8,ERROR
2055-10-12T13:08:04Z,R-03,Walker,Radiation,259.6,OK
2055-10-12T13:08:06Z,R-04,Hover,Temperature,-69.7,OK
2055-10-12T13:08:11Z,R-05,Tracked,Atmosphere,94.7,OK
2055-10-12T13:08:14Z,R-02,Hover,Temperature,-59.9,OK
2055-10-12T13:08:19Z,R-01,Tracked,Radiation,83.2,OK
2055-10-12T13:08:24Z,R-05,Tracked,Radiation,145.8,OK
2055-10-12T13:08:26Z,R-03,Walker,Temperature,-68.6,OK
2055-10-12T13:08:28Z,R-04,Hover,Radiation,227.1,OK
2055-10-12T13:08:31Z,R-05,Tracked,Atmosphere,95.7,OK
2055-10-12T13:08:35Z,R-04,Hover,Temperature,-56.4,WARNING
2055-10-12T13:08:36Z,R-01,Tracked,Temperature,NaN,ERROR
2055-10-12T13:08:37Z,R-03,Walker,Temperature,-52.6,OK
2055-10-12T13:08:42Z,R-01,Tracked,Temperature,-14.8,OK
2055-10-12T13:08:47Z,R-03,Walker,Temperature,-55.4,OK
2055-10-12T13:08:51Z,R-02,Hover,Radiation,499.2,WARNING
2055-10-12T13:08:53Z,R-05,Tracked,Temperature,-24.8,OK
2055-10-12T13:08:58Z,R-03,Walker,Atmosphere,93.4,OK
2055-10-12T13:09:00Z,R-03,Walker,Atmosphere,95.6,OK
2055-10-12T13:09:03Z,R-01,Tracked,Atmosphere,93.0,ERROR
2055-10-12T13:09:08Z,R-01,Tracked,Temperature,-17.1,OK
2055-10-12T13:09:13Z,R-01,Tracked,Radiation,79.3,OK
2055-10-12T13:09:15Z,R-05,Tracked,Temperature,,ERROR
2055-10-12T13:09:18Z,R-03,Walker,Atmosphere,95.0,OK
2055-10-12T13:09:21Z,R-03,Walker,Atmosphere,94.5,OK
2055-10-12T13:09:26Z,R-01,Tracked,Radiation,,ERROR
2055-10-12T13:09:28Z,R-01,Tracked,Atmosphere,98.6,OK
2055-10-12T13:09:31Z,R-04,Hover,Radiation,149.6,OK
2055-10-12T13:09:33Z,R-02,Hover,Radiation,55.7,OK
2055-10-12T13:09:34Z,R-04,Hover,Temperature,-21.0,OK
2055-10-12T13:09:35Z,R-02,Hover,Radiation,465.9,WARNING
2055-10-12T13:09:39Z,R-01,Tracked,Atmosphere,99.1,OK
2055-10-12T13:09:44Z,R-04,Hover,Temperature,#VALUE!,ERROR
2055-10-12T13:09:49Z,R-01,Tracked,Radiation,197.7,OK
2055-10-12T13:09:50Z,R-04,Hover,Temperature,-32.4,OK
2055-10-12T13:09:53Z,R-03,Walker,Atmosphere,96.7,OK
2055-10-12T13:09:58Z,R-02,Hover,Radiation,64.8,OK
2055-10-12T13:10:00Z,R-01,Tracked,Temperature,-56.1,OK
2055-10-12T13:10:03Z,R-01,Tracked,Temperature,-26.1,OK
2055-10-12T13:10:04Z,R-02,Hover,Atmosphere,93.7,OK
2055-10-12T13:10:07Z,R-01,Tracked,Atmosphere,99.9,OK
2055-10-12T13:10:11Z,R-03,Walker,Atmosphere,93.8,OK
2055-10-12T13:10:13Z,R-02,Hover,Radiation,96.0,OK
2055-10-12T13:10:16Z,R-02,Hover,Temperature,-50.7,OK
2055-10-12T13:10:20Z,R-03,Walker,Radiation,170.6,OK
2055-10-12T13:10:25Z,R-03,Walker,Radiation,140.1,OK
2055-10-12T13:10:30Z,R-02,Hover,Atmosphere,92.5,OK
2055-10-12T13:10:34Z,R-02,Hover,Temperature,-35.9,OK
2055-10-12T13:10:39Z,R-04,Hover,Atmosphere,96.8,ERROR
2055-10-12T13:10:44Z,R-03,Walker,Temperature,-40.9,WARNING
2055-10-12T13:10:48Z,R-02,Hover,Atmosphere,97.1,OK
2055-10-12T13:10:51Z,R-03,Walker,Atmosphere,93.7,OK
2055-10-12T13:10:52Z,R-04,Hover,Atmosphere,94.9,OK
2055-10-12T13:10:57Z,R-04,Hover,Radiation,441.4,WARNING
2055-10-12T13:11:02Z,R-02,Hover,Temperature,-76.4,OK
2055-10-12T13:11:04Z,R-01,Tracked,Temperature,-55.9,OK
2055-10-12T13:11:05Z,R-05,Tracked,Temperature,-63.5,OK
2055-10-12T13:11:09Z,R-03,Walker,Radiation,254.2,OK
2055-10-12T13:11:11Z,R-02,Hover,Radiation,137.2,OK
2055-10-12T13:11:13Z,R-04,Hover,Radiation,221.5,OK
2055-10-12T13:11:15Z,R-01,Tracked,Radiation,99999.0,ERROR
2055-10-12T13:11:18Z,R-01,Tracked,Radiation,94.8,OK
2055-10-12T13:11:22Z,R-02,Hover,Atmosphere,94.7,OK
2055-10-12T13:11:23Z,R-05,Tracked,Temperature,-78.3,OK
2055-10-12T13:11:26Z,R-01,Tracked,Atmosphere,90.8,OK
2055-10-12T13:11:29Z,R-02,Hover,Atmosphere,99.1,OK
2055-10-12T13:11:33Z,R-01,Tracked,Temperature,-31.9,OK
2055-10-12T13:11:37Z,R-02,Hover,Radiation,77.4,OK
2055-10-12T13:11:39Z,R-02,Hover,Temperature,-73.1,OK
2055-10-12T13:11:42Z,R-03,Walker,Atmosphere,96.0,OK
2055-10-12T13:11:43Z,R-03,Walker,Temperature,-70.4,OK
2055-10-12T13:11:46Z,R-05,Tracked,Radiation,272.7,OK
2055-10-12T13:11:51Z,R-01,Tracked,Temperature,-41.4,OK
2055-10-12T13:11:55Z,R-04,Hover,Radiation,61.9,OK
2055-10-12T13:11:58Z,R-04,Hover,Atmosphere,99.1,OK
2055-10-12T13:12:02Z,R-05,Tracked,Atmosphere,99.9,OK
2055-10-12T13:12:04Z,R-03,Walker,Radiation,170.5,OK
2055-10-12T13:12:07Z,R-02,Hover,Temperature,-43.3,OK
2055-10-12T13:12:12Z,R-01,Tracked,Atmosphere,94.0,OK
2055-10-12T13:12:14Z,R-04,Hover,Temperature,-22.4,WARNING
2055-10-12T13:12:16Z,R-04,Hover,Radiation,94.1,OK
2055-10-12T13:12:17Z,R-04,Hover,Atmosphere,97.5,OK
2055-10-12T13:12:18Z,R-02,Hover,Temperature,-74.5,OK
2055-10-12T13:12:22Z,R-05,Tracked,Radiation,262.8,OK
2055-10-12T13:12:23Z,R-04,Hover,Temperature,-38.3,OK
2055-10-12T13:12:25Z,R-01,Tracked,Radiation,145.3,OK
2055-10-12T13:12:29Z,R-05,Tracked,Radiation,151.4,OK
2055-10-12T13:12:31Z,R-04,Hover,Atmosphere,91.0,OK
2055-10-12T13:12:35Z,R-02,Hover,Radiation,128.6,OK
2055-10-12T13:12:38Z,R-01,Tracked,Temperature,-73.9,OK
2055-10-12T13:12:41Z,R-02,Hover,Temperature,5000.0,ERROR
2055-10-12T13:12:46Z,R-01,Tracked,Temperature,-54.6,OK
2055-10-12T13:12:47Z,R-02,Hover,Temperature,-34.9,OK
2055-10-12T13:12:50Z,R-04,Hover,Atmosphere,93.4,ERROR
2055-10-12T13:12:55Z,R-03,Walker,Atmosphere,96.5,OK
2055-10-12T13:12:57Z,R-02,Hover,Temperature,,ERROR
2055-10-12T13:13:01Z,R-03,Walker,Atmosphere,,ERROR
2055-10-12T13:13:02Z,R-02,Hover,Radiation,182.7,OK
2055-10-12T13:13:06Z,R-02,Hover,Atmosphere,97.9,ERROR
2055-10-12T13:13:10Z,R-02,Hover,Temperature,-9999.0,ERROR
2055-10-12T13:13:13Z,R-02,Hover,Atmosphere,91.2,OK
2055-10-12T13:13:14Z,R-03,Walker,Radiation,210.3,OK
2055-10-12T13:13:18Z,R-05,Tracked,Radiation,75.3,OK
2055-10-12T13:13:21Z,R-02,Hover,Atmosphere,90.3,OK
2055-10-12T13:13:25Z,R-02,Hover,Temperature,-21.3,OK
2055-10-12T13:13:28Z,R-05,Tracked,Radiation,#VALUE!,ERROR
2055-10-12T13:13:31Z,R-05,Tracked,Atmosphere,97.1,OK
2055-10-12T13:13:36Z,R-02,Hover,Temperature,5000.0,ERROR
2055-10-12T13:13:38Z,R-02,Hover,Atmosphere,99.6,OK
2055-10-12T13:13:40Z,R-01,Tracked,Atmosphere,92.3,OK
2055-10-12T13:13:43Z,R-04,Hover,Atmosphere,90.6,OK
2055-10-12T13:13:46Z,R-04,Hover,Radiation,94.5,OK
2055-10-12T13:13:50Z,R-04,Hover,Radiation,264.0,OK
2055-10-12T13:13:52Z,R-01,Tracked,Radiation,244.2,OK
2055-10-12T13:13:53Z,R-02,Hover,Atmosphere,92.8,OK
2055-10-12T13:13:58Z,R-02,Hover,Atmosphere,96.9,OK
2055-10-12T13:14:02Z,R-03,Walker,Radiation,-100.0,ERROR
2055-10-12T13:14:06Z,R-01,Tracked,Radiation,114.5,OK
2055-10-12T13:14:07Z,R-03,Walker,Atmosphere,94.2,OK
2055-10-12T13:14:10Z,R-03,Walker,Radiation,176.3,OK
2055-10-12T13:14:14Z,R-05,Tracked,Temperature,-63.4,WARNING
2055-10-12T13:14:16Z,R-05,Tracked,Temperature,-69.8,OK
2055-10-12T13:14:18Z,R-03,Walker,Atmosphere,98.2,OK
2055-10-12T13:14:22Z,R-02,Hover,Atmosphere,99.4,OK
2055-10-12T13:14:24Z,R-01,Tracked,Atmosphere,91.0,ERROR
2055-10-12T13:14:28Z,R-05,Tracked,Temperature,-35.9,OK
2055-10-12T13:14:33Z,R-05,Tracked,Temperature,-67.8,OK
2055-10-12T13:14:34Z,R-01,Tracked,Temperature,-27.9,OK
2055-10-12T13:14:35Z,R-02,Hover,Atmosphere,91.3,ERROR
2055-10-12T13:14:39Z,R-01,Tracked,Temperature,,ERROR
2055-10-12T13:14:43Z,R-02,Hover,Temperature,-47.7,OK
2055-10-12T13:14:45Z,R-05,Tracked,Temperature,-72.8,OK
2055-10-12T13:14:48Z,R-03,Walker,Temperature,N/A,ERROR
2055-10-12T13:14:49Z,R-03,Walker,Atmosphere,95.9,OK
2055-10-12T13:14:54Z,R-02,Hover,Temperature,,ERROR
2055-10-12T13:14:57Z,R-04,Hover,Temperature,-11.9,OK
2055-10-12T13:15:00Z,R-03,Walker,Radiation,298.0,OK
2055-10-12T13:15:02Z,R-04,Hover,Atmosphere,93.1,OK
2055-10-12T13:15:05Z,R-02,Hover,Radiation,255.0,OK
2055-10-12T13:15:06Z,R-01,Tracked,Atmosphere,90.3,OK
2055-10-12T13:15:10Z,R-02,Hover,Atmosphere,90.7,ERROR
2055-10-12T13:15:12Z,R-03,Walker,Temperature,5000.0,ERROR
2055-10-12T13:15:16Z,R-03,Walker,Atmosphere,95.0,OK
2055-10-12T13:15:19Z,R-04,Hover,Radiation,469.9,WARNING
2055-10-12T13:15:22Z,R-01,Tracked,Radiation,,ERROR
2055-10-12T13:15:25Z,R-05,Tracked,Atmosphere,91.8,OK
2055-10-12T13:15:26Z,R-01,Tracked,Temperature,-55.6,OK
2055-10-12T13:15:30Z,R-05,Tracked,Atmosphere,92.8,OK
2055-10-12T13:15:35Z,R-03,Walker,Temperature,-63.9,OK
2055-10-12T13:15:39Z,R-02,Hover,Temperature,-21.0,OK
2055-10-12T13:15:44Z,R-02,Hover,Radiation,110.7,OK
2055-10-12T13:15:47Z,R-01,Tracked,Radiation,271.8,OK
2055-10-12T13:15:49Z,R-02,Hover,Radiation,279.3,OK
2055-10-12T13:15:52Z,R-04,Hover,Radiation,249.0,OK
2055-10-12T13:15:57Z,R-04,Hover,Radiation,170.2,OK
2055-10-12T13:16:01Z,R-04,Hover,Temperature,-66.6,OK
2055-10-12T13:16:05Z,R-05,Tracked,Temperature,-24.8,OK
2055-10-12T13:16:09Z,R-01,Tracked,Atmosphere,94.0,ERROR
2055-10-12T13:16:10Z,R-04,Hover,Radiation,111.9,OK
2055-10-12T13:16:13Z,R-03,Walker,Temperature,-35.5,OK
2055-10-12T13:16:18Z,R-02,Hover,Atmosphere,92.7,OK
2055-10-12T13:16:23Z,R-05,Tracked,Temperature,-25.7,OK
2055-10-12T13:16:27Z,R-03,Walker,Radiation,NULL,ERROR
2055-10-12T13:16:31Z,R-04,Hover,Atmosphere,90.2,OK
2055-10-12T13:16:33Z,R-01,Tracked,Temperature,-31.4,OK
2055-10-12T13:16:37Z,R-02,Hover,Atmosphere,93.3,ERROR
2055-10-12T13:16:38Z,R-05,Tracked,Atmosphere,91.7,OK
2055-10-12T13:16:39Z,R-03,Walker,Radiation,187.8,OK
2055-10-12T13:16:44Z,R-02,Hover,Atmosphere,99.4,OK
2055-10-12T13:16:48Z,R-03,Walker,Temperature,-43.6,OK
2055-10-12T13:16:50Z,R-04,Hover,Atmosphere,93.9,OK
2055-10-12T13:16:52Z,R-05,Tracked,Atmosphere,96.0,WARNING
2055-10-12T13:16:57Z,R-05,Tracked,Atmosphere,#VALUE!,ERROR
2055-10-12T13:16:58Z,R-02,Hover,Radiation,-100.0,ERROR
2055-10-12T13:17:01Z,R-03,Walker,Radiation,160.9,OK
2055-10-12T13:17:06Z,R-02,Hover,Atmosphere,97.8,OK
2055-10-12T13:17:08Z,R-02,Hover,Atmosphere,100.0,OK
2055-10-12T13:17:13Z,R-03,Walker,Atmosphere,93.4,OK
2055-10-12T13:17:16Z,R-03,Walker,Temperature,-21.2,OK
2055-10-12T13:17:20Z,R-05,Tracked,Radiation,102.2,OK
2055-10-12T13:17:24Z,R-05,Tracked,Radiation,114.4,OK
2055-10-12T13:17:25Z,R-01,Tracked,Atmosphere,97.3,OK
2055-10-12T13:17:30Z,R-05,Tracked,Radiation,226.7,OK
2055-10-12T13:17:34Z,R-01,Tracked,Atmosphere,95.4,OK
2055-10-12T13:17:38Z,R-03,Walker,Radiation,149.2,OK
2055-10-12T13:17:40Z,R-05,Tracked,Temperature,-28.9,OK
2055-10-12T13:17:45Z,R-01,Tracked,Temperature,-17.0,OK
2055-10-12T13:17:47Z,R-05,Tracked,Temperature,-48.9,OK
2055-10-12T13:17:49Z,R-01,Tracked,Atmosphere,96.6,OK
2055-10-12T13:17:50Z,R-01,Tracked,Radiation,181.2,OK
2055-10-12T13:17:55Z,R-04,Hover,Atmosphere,97.3,OK
2055-10-12T13:17:58Z,R-03,Walker,Radiation,224.8,OK
2055-10-12T13:18:02Z,R-05,Tracked,Temperature,-9999.0,ERROR
2055-10-12T13:18:06Z,R-03,Walker,Radiation,167.5,OK
2055-10-12T13:18:08Z,R-05,Tracked,Atmosphere,,ERROR
2055-10-12T13:18:09Z,R-01,Tracked,Temperature,-42.5,OK
2055-10-12T13:18:11Z,R-04,Hover,Radiation,201.4,OK
2055-10-12T13:18:12Z,R-05,Tracked,Temperature,-24.9,OK
2055-10-12T13:18:14Z,R-04,Hover,Radiation,296.8,OK
2055-10-12T13:18:15Z,R-02,Hover,Temperature,-23.7,OK
2055-10-12T13:18:18Z,R-01,Tracked,Atmosphere,93.6,OK
2055-10-12T13:18:23Z,R-03,Walker,Temperature,-64.0,OK
2055-10-12T13:18:28Z,R-02,Hover,Atmosphere,90.3,ERROR
2055-10-12T13:18:31Z,R-01,Tracked,Atmosphere,95.1,OK
2055-10-12T13:18:33Z,R-05,Tracked,Radiation,266.0,OK
2055-10-12T13:18:37Z,R-03,Walker,Atmosphere,95.8,ERROR
2055-10-12T13:18:39Z,R-02,Hover,Temperature,,ERROR
2055-10-12T13:18:40Z,R-02,Hover,Radiation,294.9,OK
2055-10-12T13:18:45Z,R-02,Hover,Temperature,-59.5,OK
2055-10-12T13:18:47Z,R-02,Hover,Temperature,-39.7,OK
2055-10-12T13:18:52Z,R-03,Walker,Temperature,-28.3,OK
2055-10-12T13:18:57Z,R-03,Walker,Atmosphere,93.6,WARNING
2055-10-12T13:19:02Z,R-04,Hover,Radiation,254.8,OK
2055-10-12T13:19:04Z,R-03,Walker,Temperature,N/A,ERROR
2055-10-12T13:19:09Z,R-02,Hover,Temperature,-32.4,OK
2055-10-12T13:19:14Z,R-05,Tracked,Temperature,-75.6,OK
2055-10-12T13:19:15Z,R-05,Tracked,Atmosphere,96.9,OK
2055-10-12T13:19:17Z,R-05,Tracked,Radiation,103.1,OK
2055-10-12T13:19:19Z,R-05,Tracked,Temperature,-79.7,OK
2055-10-12T13:19:21Z,R-05,Tracked,Temperature,-26.4,OK
2055-10-12T13:19:26Z,R-05,Tracked,Atmosphere,96.1,OK
2055-10-12T13:19:30Z,R-04,Hover,Atmosphere,90.7,OK
2055-10-12T13:19:32Z,R-01,Tracked,Temperature,-11.7,OK
2055-10-12T13:19:33Z,R-05,Tracked,Temperature,5000.0,ERROR
2055-10-12T13:19:38Z,R-01,Tracked,Atmosphere,NaN,ERROR
2055-10-12T13:19:39Z,R-02,Hover,Temperature,-76.7,OK
2055-10-12T13:19:44Z,R-02,Hover,Temperature,-36.0,OK
2055-10-12T13:19:46Z,R-04,Hover,Radiation,50.5,OK
2055-10-12T13:19:48Z,R-01,Tracked,Temperature,-17.7,OK
2055-10-12T13:19:49Z,R-05,Tracked,Temperature,-18.1,OK
2055-10-12T13:19:53Z,R-05,Tracked,Atmosphere,,ERROR
2055-10-12T13:19:57Z,R-01,Tracked,Temperature,-53.2,WARNING
2055-10-12T13:20:00Z,R-01,Tracked,Radiation,298.9,OK
2055-10-12T13:20:04Z,R-05,Tracked,Radiation,267.5,OK
2055-10-12T13:20:08Z,R-01,Tracked,Atmosphere,94.4,OK
2055-10-12T13:20:11Z,R-05,Tracked,Radiation,86.8,OK
2055-10-12T13:20:14Z,R-03,Walker,Atmosphere,98.5,OK
2055-10-12T13:20:19Z,R-04,Hover,Atmosphere,93.3,OK
2055-10-12T13:20:20Z,R-05,Tracked,Atmosphere,99.0,OK
2055-10-12T13:20:25Z,R-03,Walker,Temperature,-32.2,OK
2055-10-12T13:20:27Z,R-05,Tracked,Atmosphere,91.7,OK
2055-10-12T13:20:31Z,R-02,Hover,Atmosphere,90.6,OK
2055-10-12T13:20:34Z,R-04,Hover,Atmosphere,98.6,OK
2055-10-12T13:20:36Z,R-05,Tracked,Temperature,-11.4,OK
2055-10-12T13:20:38Z,R-03,Walker,Atmosphere,97.7,OK
2055-10-12T13:20:40Z,R-04,Hover,Atmosphere,92.8,OK
2055-10-12T13:20:41Z,R-01,Tracked,Atmosphere,92.4,OK
2055-10-12T13:20:42Z,R-05,Tracked,Temperature,-31.0,OK
2055-10-12T13:20:47Z,R-03,Walker,Atmosphere,95.4,OK
2055-10-12T13:20:52Z,R-03,Walker,Temperature,-57.5,OK
2055-10-12T13:20:54Z,R-03,Walker,Radiation,204.4,OK
2055-10-12T13:20:57Z,R-03,Walker,Temperature,-55.3,OK
2055-10-12T13:20:58Z,R-05,Tracked,Radiation,75.0,OK
2055-10-12T13:21:03Z,R-05,Tracked,Atmosphere,95.8,OK
2055-10-12T13:21:05Z,R-05,Tracked,Radiation,ERR,ERROR
2055-10-12T13:21:09Z,R-04,Hover,Atmosphere,93.0,OK
2055-10-12T13:21:13Z,R-01,Tracked,Temperature,-41.4,OK
2055-10-12T13:21:18Z,R-03,Walker,Radiation,167.7,OK
2055-10-12T13:21:20Z,R-04,Hover,Radiation,137.4,OK
2055-10-12T13:21:23Z,R-02,Hover,Radiation,82.5,OK
2055-10-12T13:21:25Z,R-01,Tracked,Atmosphere,92.3,OK
2055-10-12T13:21:26Z,R-05,Tracked,Atmosphere,93.9,OK
2055-10-12T13:21:27Z,R-03,Walker,Temperature,-31.0,OK
2055-10-12T13:21:29Z,R-02,Hover,Radiation,291.7,OK
2055-10-12T13:21:33Z,R-01,Tracked,Atmosphere,95.1,OK
2055-10-12T13:21:34Z,R-03,Walker,Temperature,-11.4,OK
2055-10-12T13:21:36Z,R-04,Hover,Atmosphere,99.8,OK
2055-10-12T13:21:39Z,R-01,Tracked,Temperature,-22.3,WARNING
2055-10-12T13:21:44Z,R-02,Hover,Temperature,-28.7,OK
2055-10-12T13:21:48Z,R-02,Hover,Atmosphere,91.9,OK
2055-10-12T13:21:50Z,R-05,Tracked,Temperature,-71.1,OK
2055-10-12T13:21:51Z,R-01,Tracked,Radiation,256.1,OK
2055-10-12T13:21:55Z,R-05,Tracked,Temperature,-60.5,OK
2055-10-12T13:21:59Z,R-05,Tracked,Radiation,99999.0,ERROR
2055-10-12T13:22:01Z,R-02,Hover,Atmosphere,97.8,OK
2055-10-12T13:22:04Z,R-02,Hover,Atmosphere,98.0,OK
2055-10-12T13:22:09Z,R-02,Hover,Radiation,86.7,OK
2055-10-12T13:22:11Z,R-04,Hover,Temperature,-78.4,OK
2055-10-12T13:22:16Z,R-05,Tracked,Radiation,NULL,ERROR
2055-10-12T13:22:20Z,R-03,Walker,Temperature,-44.0,OK
2055-10-12T13:22:23Z,R-01,Tracked,Temperature,-41.1,OK
2055-10-12T13:22:27Z,R-03,Walker,Atmosphere,94.8,OK
2055-10-12T13:22:28Z,R-04,Hover,Atmosphere,99.6,ERROR
2055-10-12T13:22:32Z,R-04,Hover,Radiation,271.9,OK
2055-10-12T13:22:33Z,R-04,Hover,Atmosphere,93.2,OK
2055-10-12T13:22:37Z,R-01,Tracked,Radiation,471.8,WARNING
2055-10-12T13:22:39Z,R-05,Tracked,Radiation,257.0,OK
2055-10-12T13:22:42Z,R-02,Hover,Temperature,N/A,ERROR
2055-10-12T13:22:46Z,R-05,Tracked,Temperature,-66.0,OK
2055-10-12T13:22:48Z,R-01,Tracked,Atmosphere,91.1,OK
2055-10-12T13:22:51Z,R-03,Walker,Temperature,-18.3,OK
2055-10-12T13:22:55Z,R-03,Walker,Temperature,-49.5,OK
2055-10-12T13:23:00Z,R-01,Tracked,Temperature,-30.5,OK
2055-10-12T13:23:04Z,R-05,Tracked,Radiation,152.1,OK
2055-10-12T13:23:09Z,R-02,Hover,Radiation,74.6,OK
2055-10-12T13:23:11Z,R-05,Tracked,Radiation,N/A,ERROR
2055-10-12T13:23:16Z,R-05,Tracked,Atmosphere,95.5,OK
2055-10-12T13:23:21Z,R-02,Hover,Radiation,102.9,OK
2055-10-12T13:23:25Z,R-04,Hover,Atmosphere,96.6,OK
2055-10-12T13:23:30Z,R-02,Hover,Temperature,-62.7,OK
2055-10-12T13:23:34Z,R-03,Walker,Radiation,96.2,OK
2055-10-12T13:23:38Z,R-05,Tracked,Radiation,71.5,OK
2055-10-12T13:23:41Z,R-01,Tracked,Atmosphere,97.6,OK
2055-10-12T13:23:45Z,R-02,Hover,Atmosphere,95.6,OK
2055-10-12T13:23:49Z,R-04,Hover,Radiation,97.5,OK
2055-10-12T13:23:54Z,R-02,Hover,Radiation,175.8,OK
2055-10-12T13:23:56Z,R-05,Tracked,Temperature,-42.5,ERROR
2055-10-12T13:23:58Z,R-03,Walker,Atmosphere,93.5,ERROR
2055-10-12T13:24:00Z,R-04,Hover,Atmosphere,,ERROR
2055-10-12T13:24:03Z,R-03,Walker,Temperature,ERR,ERROR
2055-10-12T13:24:05Z,R-05,Tracked,Radiation,222.5,OK
2055-10-12T13:24:08Z,R-04,Hover,Temperature,-77.6,OK
2055-10-12T13:24:13Z,R-03,Walker,Temperature,-52.1,WARNING
2055-10-12T13:24:16Z,R-04,Hover,Radiation,261.9,OK
2055-10-12T13:24:18Z,R-01,Tracked,Atmosphere,90.0,OK
2055-10-12T13:24:19Z,R-05,Tracked,Atmosphere,ERR,ERROR
2055-10-12T13:24:22Z,R-04,Hover,Radiation,146.2,OK
2055-10-12T13:24:26Z,R-02,Hover,Atmosphere,99.3,OK
2055-10-12T13:24:31Z,R-04,Hover,Atmosphere,90.4,OK
2055-10-12T13:24:34Z,R-04,Hover,Atmosphere,NULL,ERROR
2055-10-12T13:24:36Z,R-03,Walker,Temperature,-41.5,OK
2055-10-12T13:24:41Z,R-03,Walker,Radiation,280.5,OK
2055-10-12T13:24:46Z,R-04,Hover,Temperature,-36.5,OK
2055-10-12T13:24:51Z,R-05,Tracked,Atmosphere,NULL,ERROR
2055-10-12T13:24:55Z,R-01,Tracked,Atmosphere,97.2,OK
2055-10-12T13:25:00Z,R-02,Hover,Temperature,-62.7,OK
2055-10-12T13:25:04Z,R-03,Walker,Atmosphere,NULL,ERROR
2055-10-12T13:25:06Z,R-03,Walker,Temperature,-34.0,OK
2055-10-12T13:25:11Z,R-05,Tracked,Temperature,-28.2,WARNING
2055-10-12T13:25:12Z,R-04,Hover,Radiation,87.5,OK
2055-10-12T13:25:15Z,R-02,Hover,Radiation,284.7,OK
2055-10-12T13:25:17Z,R-03,Walker,Atmosphere,91.5,OK
2055-10-12T13:25:21Z,R-05,Tracked,Radiation,269.1,OK
2055-10-12T13:25:24Z,R-01,Tracked,Radiation,244.7,OK
2055-10-12T13:25:26Z,R-03,Walker,Radiation,171.3,OK
2055-10-12T13:25:29Z,R-01,Tracked,Atmosphere,91.1,OK
2055-10-12T13:25:31Z,R-05,Tracked,Radiation,NaN,ERROR
2055-10-12T13:25:35Z,R-01,Tracked,Radiation,107.7,OK
2055-10-12T13:25:39Z,R-02,Hover,Radiation,99999.0,ERROR
2055-10-12T13:25:40Z,R-01,Tracked,Temperature,-53.1,OK
2055-10-12T13:25:42Z,R-04,Hover,Temperature,-58.1,OK
2055-10-12T13:25:44Z,R-02,Hover,Atmosphere,99.4,OK
2055-10-12T13:25:46Z,R-05,Tracked,Radiation,109.8,OK
2055-10-12T13:25:51Z,R-04,Hover,Radiation,298.8,OK
2055-10-12T13:25:55Z,R-01,Tracked,Radiation,166.8,OK
2055-10-12T13:25:56Z,R-01,Tracked,Radiation,91.1,OK
2055-10-12T13:25:59Z,R-04,Hover,Temperature,-60.9,OK
2055-10-12T13:26:03Z,R-01,Tracked,Atmosphere,98.7,OK
2055-10-12T13:26:08Z,R-02,Hover,Temperature,-73.7,OK
2055-10-12T13:26:12Z,R-05,Tracked,Atmosphere,91.9,ERROR
2055-10-12T13:26:15Z,R-01,Tracked,Atmosphere,92.5,OK
2055-10-12T13:26:18Z,R-01,Tracked,Radiation,78.2,OK
2055-10-12T13:26:22Z,R-04,Hover,Temperature,-21.2,OK
2055-10-12T13:26:24Z,R-04,Hover,Radiation,270.9,OK
2055-10-12T13:26:28Z,R-03,Walker,Temperature,-39.4,OK
2055-10-12T13:26:29Z,R-03,Walker,Radiation,ERR,ERROR
2055-10-12T13:26:31Z,R-03,Walker,Temperature,-75.8,OK
2055-10-12T13:26:32Z,R-05,Tracked,Temperature,-41.5,OK
2055-10-12T13:26:37Z,R-01,Tracked,Radiation,138.2,OK
2055-10-12T13:26:41Z,R-01,Tracked,Temperature,-57.3,OK
2055-10-12T13:26:44Z,R-02,Hover,Radiation,283.0,OK
2055-10-12T13:26:48Z,R-01,Tracked,Radiation,270.7,OK
2055-10-12T13:26:50Z,R-01,Tracked,Atmosphere,91.2,OK
2055-10-12T13:26:55Z,R-01,Tracked,Temperature,-58.6,OK
2055-10-12T13:26:59Z,R-01,Tracked,Radiation,294.6,OK
2055-10-12T13:27:04Z,R-05,Tracked,Radiation,193.7,OK
2055-10-12T13:27:06Z,R-01,Tracked,Atmosphere,92.3,OK
2055-10-12T13:27:11Z,R-04,Hover,Temperature,-40.6,OK
2055-10-12T13:27:13Z,R-05,Tracked,Temperature,-73.0,OK
2055-10-12T13:27:14Z,R-03,Walker,Temperature,#VALUE!,ERROR
2055-10-12T13:27:15Z,R-05,Tracked,Temperature,-50.4,OK
2055-10-12T13:27:18Z,R-04,Hover,Temperature,-32.8,OK
2055-10-12T13:27:21Z,R-02,Hover,Atmosphere,91.8,OK
2055-10-12T13:27:22Z,R-04,Hover,Atmosphere,97.7,OK
2055-10-12T13:27:23Z,R-05,Tracked,Temperature,5000.0,ERROR
2055-10-12T13:27:28Z,R-04,Hover,Atmosphere,95.3,OK
2055-10-12T13:27:30Z,R-05,Tracked,Atmosphere,95.5,OK
2055-10-12T13:27:35Z,R-05,Tracked,Radiation,73.2,OK
2055-10-12T13:27:39Z,R-02,Hover,Temperature,-55.9,OK
2055-10-12T13:27:40Z,R-03,Walker,Temperature,-34.7,OK
2055-10-12T13:27:43Z,R-01,Tracked,Temperature,-62.8,WARNING
2055-10-12T13:27:48Z,R-04,Hover,Temperature,-73.6,OK
2055-10-12T13:27:51Z,R-04,Hover,Atmosphere,92.7,OK
2055-10-12T13:27:55Z,R-05,Tracked,Temperature,-45.0,OK
2055-10-12T13:27:58Z,R-04,Hover,Temperature,NaN,ERROR
2055-10-12T13:27:59Z,R-05,Tracked,Atmosphere,96.8,OK
2055-10-12T13:28:03Z,R-03,Walker,Temperature,5000.0,ERROR
2055-10-12T13:28:07Z,R-03,Walker,Temperature,-53.0,OK
2055-10-12T13:28:08Z,R-01,Tracked,Atmosphere,95.7,OK
2055-10-12T13:28:13Z,R-02,Hover,Atmosphere,95.3,OK
2055-10-12T13:28:18Z,R-03,Walker,Radiation,99.2,OK
2055-10-12T13:28:22Z,R-05,Tracked,Radiation,188.0,ERROR
2055-10-12T13:28:23Z,R-04,Hover,Temperature,,ERROR
2055-10-12T13:28:27Z,R-05,Tracked,Atmosphere,92.8,OK
2055-10-12T13:28:28Z,R-02,Hover,Atmosphere,93.3,OK
2055-10-12T13:28:33Z,R-05,Tracked,Temperature,-23.4,OK
2055-10-12T13:28:38Z,R-02,Hover,Temperature,#VALUE!,ERROR
2055-10-12T13:28:42Z,R-02,Hover,Radiation,-100.0,ERROR
2055-10-12T13:28:45Z,R-03,Walker,Radiation,117.7,OK
2055-10-12T13:28:49Z,R-01,Tracked,Radiation,204.5,OK
2055-10-12T13:28:53Z,R-05,Tracked,Radiation,201.1,OK
2055-10-12T13:28:56Z,R-02,Hover,Radiation,131.0,OK
2055-10-12T13:28:58Z,R-02,Hover,Radiation,258.9,OK
2055-10-12T13:29:01Z,R-04,Hover,Atmosphere,92.2,OK
2055-10-12T13:29:06Z,R-03,Walker,Radiation,133.5,OK
2055-10-12T13:29:10Z,R-02,Hover,Radiation,180.5,OK
2055-10-12T13:29:15Z,R-05,Tracked,Temperature,-77.4,OK
2055-10-12T13:29:19Z,R-01,Tracked,Temperature,-73.1,OK
2055-10-12T13:29:22Z,R-03,Walker,Temperature,-38.8,OK
2055-10-12T13:29:25Z,R-01,Tracked,Atmosphere,92.4,OK
2055-10-12T13:29:29Z,R-05,Tracked,Radiation,99999.0,ERROR
2055-10-12T13:29:33Z,R-05,Tracked,Atmosphere,94.1,OK
2055-10-12T13:29:36Z,R-04,Hover,Atmosphere,96.0,OK
2055-10-12T13:29:41Z,R-04,Hover,Atmosphere,98.5,OK
2055-10-12T13:29:42Z,R-04,Hover,Atmosphere,94.2,OK
2055-10-12T13:29:44Z,R-05,Tracked,Atmosphere,95.8,OK
2055-10-12T13:29:47Z,R-02,Hover,Atmosphere,99.4,OK
2055-10-12T13:29:49Z,R-01,Tracked,Atmosphere,98.7,OK
2055-10-12T13:29:52Z,R-05,Tracked,Atmosphere,99.5,OK
2055-10-12T13:29:57Z,R-02,Hover,Temperature,-29.9,OK
2055-10-12T13:30:01Z,R-04,Hover,Temperature,-20.3,OK
2055-10-12T13:30:03Z,R-04,Hover,Atmosphere,90.4,OK
2055-10-12T13:30:07Z,R-03,Walker,Atmosphere,92.5,OK
2055-10-12T13:30:08Z,R-04,Hover,Atmosphere,98.8,OK
2055-10-12T13:30:13Z,R-05,Tracked,Temperature,-77.5,OK
2055-10-12T13:30:15Z,R-03,Walker,Atmosphere,97.6,OK
2055-10-12T13:30:18Z,R-01,Tracked,Temperature,-74.6,OK
2055-10-12T13:30:19Z,R-04,Hover,Atmosphere,96.3,OK
2055-10-12T13:30:24Z,R-03,Walker,Atmosphere,91.8,OK
2055-10-12T13:30:26Z,R-03,Walker,Temperature,-11.3,OK
2055-10-12T13:30:31Z,R-01,Tracked,Temperature,-57.0,OK
2055-10-12T13:30:35Z,R-05,Tracked,Atmosphere,90.7,OK
2055-10-12T13:30:38Z,R-01,Tracked,Temperature,-40.6,OK
2055-10-12T13:30:43Z,R-05,Tracked,Atmosphere,96.9,OK
2055-10-12T13:30:44Z,R-04,Hover,Temperature,-76.9,OK
2055-10-12T13:30:48Z,R-04,Hover,Temperature,-55.1,OK
2055-10-12T13:30:52Z,R-05,Tracked,Radiation,,ERROR
2055-10-12T13:30:57Z,R-03,Walker,Atmosphere,97.2,ERROR
2055-10-12T13:30:58Z,R-05,Tracked,Atmosphere,95.7,OK
2055-10-12T13:31:01Z,R-05,Tracked,Radiation,161.1,OK
2055-10-12T13:31:06Z,R-02,Hover,Radiation,ERR,ERROR
2055-10-12T13:31:10Z,R-04,Hover,Atmosphere,,ERROR
2055-10-12T13:31:12Z,R-01,Tracked,Temperature,-59.3,OK
2055-10-12T13:31:16Z,R-03,Walker,Atmosphere,94.9,ERROR
2055-10-12T13:31:19Z,R-02,Hover,Temperature,-35.5,OK
2055-10-12T13:31:23Z,R-04,Hover,Atmosphere,97.9,OK
2055-10-12T13:31:24Z,R-05,Tracked,Radiation,99999.0,ERROR
2055-10-12T13:31:29Z,R-01,Tracked,Atmosphere,92.9,OK
2055-10-12T13:31:34Z,R-01,Tracked,Atmosphere,93.4,OK
2055-10-12T13:31:38Z,R-02,Hover,Radiation,101.6,OK
2055-10-12T13:31:42Z,R-05,Tracked,Temperature,-59.3,OK
2055-10-12T13:31:46Z,R-02,Hover,Atmosphere,92.2,ERROR
2055-10-12T13:31:47Z,R-01,Tracked,Temperature,-44.4,OK
2055-10-12T13:31:48Z,R-05,Tracked,Atmosphere,95.5,OK
2055-10-12T13:31:52Z,R-02,Hover,Atmosphere,92.4,OK
2055-10-12T13:31:56Z,R-02,Hover,Atmosphere,92.4,OK
2055-10-12T13:32:00Z,R-02,Hover,Radiation,239.8,OK
2055-10-12T13:32:03Z,R-02,Hover,Radiation,NaN,ERROR
2055-10-12T13:32:07Z,R-03,Walker,Radiation,-100.0,ERROR
2055-10-12T13:32:10Z,R-04,Hover,Radiation,54.1,OK
2055-10-12T13:32:12Z,R-02,Hover,Temperature,-17.7,OK
2055-10-12T13:32:13Z,R-02,Hover,Temperature,-10.1,OK
2055-10-12T13:32:15Z,R-04,Hover,Radiation,234.7,OK
2055-10-12T13:32:20Z,R-05,Tracked,Temperature,-43.7,OK
2055-10-12T13:32:23Z,R-01,Tracked,Atmosphere,92.0,OK
2055-10-12T13:32:26Z,R-01,Tracked,Atmosphere,98.0,OK
2055-10-12T13:32:29Z,R-01,Tracked,Radiation,133.7,OK
2055-10-12T13:32:32Z,R-01,Tracked,Atmosphere,92.2,ERROR
2055-10-12T13:32:33Z,R-02,Hover,Atmosphere,97.5,OK
2055-10-12T13:32:38Z,R-01,Tracked,Radiation,185.5,OK
2055-10-12T13:32:39Z,R-03,Walker,Atmosphere,90.2,WARNING
2055-10-12T13:32:41Z,R-04,Hover,Radiation,111.0,OK
2055-10-12T13:32:45Z,R-02,Hover,Temperature,-27.1,OK
2055-10-12T13:32:46Z,R-05,Tracked,Radiation,56.2,OK
2055-10-12T13:32:51Z,R-04,Hover,Radiation,148.8,OK
2055-10-12T13:32:54Z,R-02,Hover,Atmosphere,#VALUE!,ERROR
2055-10-12T13:32:55Z,R-03,Walker,Temperature,-43.7,OK
2055-10-12T13:32:57Z,R-02,Hover,Temperature,-62.7,OK
2055-10-12T13:33:01Z,R-05,Tracked,Radiation,298.5,OK
2055-10-12T13:33:05Z,R-03,Walker,Radiation,252.4,OK
2055-10-12T13:33:07Z,R-01,Tracked,Radiation,134.6,OK
2055-10-12T13:33:08Z,R-03,Walker,Radiation,191.4,OK
2055-10-12T13:33:09Z,R-03,Walker,Radiation,192.6,OK
2055-10-12T13:33:12Z,R-03,Walker,Radiation,136.9,OK
2055-10-12T13:33:15Z,R-05,Tracked,Radiation,216.7,OK
2055-10-12T13:33:16Z,R-03,Walker,Temperature,-60.1,OK
2055-10-12T13:33:21Z,R-04,Hover,Temperature,-21.3,OK
2055-10-12T13:33:26Z,R-01,Tracked,Radiation,121.0,ERROR
2055-10-12T13:33:31Z,R-02,Hover,Atmosphere,98.1,OK
2055-10-12T13:33:34Z,R-03,Walker,Temperature,-32.2,OK
2055-10-12T13:33:39Z,R-01,Tracked,Atmosphere,99.1,OK
2055-10-12T13:33:40Z,R-01,Tracked,Temperature,-68.9,OK
2055-10-12T13:33:41Z,R-01,Tracked,Temperature,-60.1,OK
2055-10-12T13:33:43Z,R-03,Walker,Atmosphere,95.2,OK
2055-10-12T13:33:48Z,R-03,Walker,Radiation,68.7,OK
2055-10-12T13:33:53Z,R-05,Tracked,Radiation,271.6,OK
2055-10-12T13:33:54Z,R-03,Walker,Atmosphere,96.0,OK
2055-10-12T13:33:59Z,R-01,Tracked,Atmosphere,91.0,OK
2055-10-12T13:34:02Z,R-03,Walker,Radiation,177.3,OK
2055-10-12T13:34:04Z,R-01,Tracked,Temperature,-79.3,OK
2055-10-12T13:34:07Z,R-01,Tracked,Radiation,267.0,OK
2055-10-12T13:34:08Z,R-02,Hover,Temperature,-75.9,OK
2055-10-12T13:34:09Z,R-01,Tracked,Radiation,125.2,OK
2055-10-12T13:34:13Z,R-03,Walker,Radiation,167.5,ERROR
2055-10-12T13:34:14Z,R-03,Walker,Temperature,-60.3,OK
2055-10-12T13:34:17Z,R-02,Hover,Radiation,50.8,OK
2055-10-12T13:34:19Z,R-04,Hover,Atmosphere,98.4,OK
2055-10-12T13:34:24Z,R-01,Tracked,Radiation,124.9,OK
2055-10-12T13:34:26Z,R-05,Tracked,Temperature,-60.1,OK
2055-10-12T13:34:29Z,R-02,Hover,Temperature,-60.7,OK
2055-10-12T13:34:30Z,R-01,Tracked,Atmosphere,98.6,OK
2055-10-12T13:34:33Z,R-03,Walker,Temperature,-16.0,OK
2055-10-12T13:34:34Z,R-02,Hover,Temperature,-26.4,OK
2055-10-12T13:34:37Z,R-05,Tracked,Atmosphere,91.1,OK
2055-10-12T13:34:42Z,R-05,Tracked,Atmosphere,94.5,OK
2055-10-12T13:34:47Z,R-04,Hover,Atmosphere,93.1,OK
2055-10-12T13:34:48Z,R-03,Walker,Temperature,-9999.0,ERROR
2055-10-12T13:34:49Z,R-01,Tracked,Temperature,-26.2,OK
2055-10-12T13:34:52Z,R-04,Hover,Radiation,220.8,OK
2055-10-12T13:34:56Z,R-04,Hover,Temperature,-70.3,OK
2055-10-12T13:35:01Z,R-02,Hover,Atmosphere,99.4,ERROR
2055-10-12T13:35:02Z,R-02,Hover,Temperature,-59.6,OK
2055-10-12T13:35:03Z,R-03,Walker,Temperature,-54.6,OK
2055-10-12T13:35:06Z,R-05,Tracked,Radiation,276.5,OK
2055-10-12T13:35:10Z,R-03,Walker,Radiation,105.8,OK
2055-10-12T13:35:13Z,R-03,Walker,Temperature,-16.6,OK
2055-10-12T13:35:17Z,R-02,Hover,Radiation,,ERROR
2055-10-12T13:35:22Z,R-02,Hover,Atmosphere,91.7,OK
2055-10-12T13:35:27Z,R-02,Hover,Radiation,241.2,OK
2055-10-12T13:35:30Z,R-05,Tracked,Atmosphere,99.6,OK
2055-10-12T13:35:31Z,R-03,Walker,Atmosphere,99.4,OK
2055-10-12T13:35:34Z,R-02,Hover,Atmosphere,91.8,OK
2055-10-12T13:35:39Z,R-02,Hover,Temperature,-68.4,WARNING
2055-10-12T13:35:44Z,R-04,Hover,Radiation,467.1,WARNING
2055-10-12T13:35:48Z,R-04,Hover,Temperature,-69.8,OK
2055-10-12T13:35:53Z,R-01,Tracked,Temperature,-53.4,OK
2055-10-12T13:35:57Z,R-03,Walker,Temperature,-47.9,OK
2055-10-12T13:35:59Z,R-02,Hover,Temperature,-67.3,OK
2055-10-12T13:36:02Z,R-02,Hover,Temperature,-46.1,OK
2055-10-12T13:36:04Z,R-03,Walker,Atmosphere,95.6,ERROR
2055-10-12T13:36:08Z,R-05,Tracked,Atmosphere,91.1,OK
2055-10-12T13:36:13Z,R-04,Hover,Temperature,,ERROR
2055-10-12T13:36:15Z,R-03,Walker,Atmosphere,91.5,WARNING
2055-10-12T13:36:18Z,R-01,Tracked,Atmosphere,94.7,OK
2055-10-12T13:36:20Z,R-01,Tracked,Radiation,199.0,OK
2055-10-12T13:36:23Z,R-05,Tracked,Atmosphere,97.4,OK
2055-10-12T13:36:28Z,R-03,Walker,Atmosphere,95.9,OK
2055-10-12T13:36:32Z,R-03,Walker,Atmosphere,,ERROR
2055-10-12T13:36:34Z,R-01,Tracked,Atmosphere,93.2,OK
2055-10-12T13:36:38Z,R-01,Tracked,Temperature,-71.9,OK
2055-10-12T13:36:40Z,R-03,Walker,Temperature,-9999.0,ERROR
2055-10-12T13:36:44Z,R-03,Walker,Temperature,-12.7,OK
2055-10-12T13:36:46Z,R-01,Tracked,Temperature,-16.0,OK
2055-10-12T13:36:49Z,R-02,Hover,Atmosphere,91.5,OK
2055-10-12T13:36:54Z,R-02,Hover,Temperature,-67.8,OK
2055-10-12T13:36:58Z,R-02,Hover,Atmosphere,97.7,OK
2055-10-12T13:37:01Z,R-04,Hover,Radiation,69.9,OK
2055-10-12T13:37:05Z,R-05,Tracked,Temperature,-49.3,OK
2055-10-12T13:37:10Z,R-04,Hover,Temperature,5000.0,ERROR
2055-10-12T13:37:13Z,R-03,Walker,Temperature,-10.9,OK
2055-10-12T13:37:14Z,R-04,Hover,Temperature,-18.7,OK
2055-10-12T13:37:17Z,R-01,Tracked,Atmosphere,97.7,ERROR
2055-10-12T13:37:19Z,R-05,Tracked,Atmosphere,95.6,OK
2055-10-12T13:37:22Z,R-04,Hover,Radiation,54.1,OK
2055-10-12T13:37:26Z,R-03,Walker,Temperature,-40.2,OK
2055-10-12T13:37:31Z,R-04,Hover,Atmosphere,98.3,OK
2055-10-12T13:37:32Z,R-03,Walker,Radiation,133.0,OK
2055-10-12T13:37:35Z,R-05,Tracked,Atmosphere,93.8,OK
2055-10-12T13:37:39Z,R-03,Walker,Temperature,-20.5,OK
2055-10-12T13:37:44Z,R-02,Hover,Radiation,215.7,OK
2055-10-12T13:37:49Z,R-03,Walker,Radiation,149.4,OK
2055-10-12T13:37:51Z,R-03,Walker,Atmosphere,99.9,OK
2055-10-12T13:37:52Z,R-04,Hover,Radiation,72.5,OK
2055-10-12T13:37:55Z,R-01,Tracked,Radiation,488.2,WARNING
2055-10-12T13:37:58Z,R-01,Tracked,Temperature,-57.0,OK
2055-10-12T13:38:00Z,R-01,Tracked,Temperature,-59.0,OK
2055-10-12T13:38:01Z,R-04,Hover,Temperature,-31.9,WARNING
2055-10-12T13:38:02Z,R-03,Walker,Atmosphere,96.2,OK
2055-10-12T13:38:06Z,R-05,Tracked,Temperature,-53.5,OK
2055-10-12T13:38:08Z,R-05,Tracked,Radiation,150.9,OK
2055-10-12T13:38:12Z,R-05,Tracked,Temperature,-14.8,OK
2055-10-12T13:38:17Z,R-01,Tracked,Atmosphere,95.1,ERROR
2055-10-12T13:38:20Z,R-05,Tracked,Temperature,-78.8,OK
2055-10-12T13:38:25Z,R-02,Hover,Temperature,-15.9,OK
2055-10-12T13:38:28Z,R-04,Hover,Atmosphere,99.6,OK
2055-10-12T13:38:32Z,R-01,Tracked,Radiation,99999.0,ERROR
2055-10-12T13:38:36Z,R-04,Hover,Radiation,260.4,OK
2055-10-12T13:38:38Z,R-04,Hover,Atmosphere,98.5,OK
2055-10-12T13:38:40Z,R-04,Hover,Atmosphere,98.2,OK
2055-10-12T13:38:43Z,R-02,Hover,Atmosphere,96.0,ERROR
2055-10-12T13:38:44Z,R-04,Hover,Atmosphere,91.3,OK
2055-10-12T13:38:49Z,R-05,Tracked,Temperature,NaN,ERROR
2055-10-12T13:38:53Z,R-02,Hover,Temperature,-26.1,OK
2055-10-12T13:38:58Z,R-01,Tracked,Radiation,237.1,OK
2055-10-12T13:39:00Z,R-03,Walker,Radiation,156.0,OK
2055-10-12T13:39:03Z,R-05,Tracked,Radiation,205.8,OK
2055-10-12T13:39:06Z,R-05,Tracked,Atmosphere,,ERROR
2055-10-12T13:39:11Z,R-04,Hover,Radiation,158.3,OK
2055-10-12T13:39:12Z,R-04,Hover,Radiation,280.0,OK
2055-10-12T13:39:14Z,R-03,Walker,Temperature,-37.1,WARNING
2055-10-12T13:39:17Z,R-04,Hover,Atmosphere,95.9,OK
2055-10-12T13:39:20Z,R-03,Walker,Temperature,-57.1,OK
2055-10-12T13:39:21Z,R-04,Hover,Atmosphere,95.2,OK
2055-10-12T13:39:26Z,R-05,Tracked,Atmosphere,93.7,OK
2055-10-12T13:39:30Z,R-05,Tracked,Atmosphere,93.0,WARNING
2055-10-12T13:39:32Z,R-04,Hover,Atmosphere,94.9,OK
2055-10-12T13:39:33Z,R-03,Walker,Radiation,160.2,OK
2055-10-12T13:39:38Z,R-03,Walker,Atmosphere,,ERROR
2055-10-12T13:39:41Z,R-04,Hover,Atmosphere,93.2,OK
2055-10-12T13:39:46Z,R-04,Hover,Atmosphere,96.9,ERROR
2055-10-12T13:39:51Z,R-04,Hover,Temperature,-26.3,OK
2055-10-12T13:39:52Z,R-05,Tracked,Radiation,,ERROR
2055-10-12T13:39:53Z,R-03,Walker,Temperature,-54.9,OK
2055-10-12T13:39:57Z,R-05,Tracked,Atmosphere,94.6,OK
2055-10-12T13:40:02Z,R-02,Hover,Atmosphere,97.7,OK
2055-10-12T13:40:03Z,R-02,Hover,Temperature,-29.8,OK
2055-10-12T13:40:04Z,R-05,Tracked,Atmosphere,92.0,OK
2055-10-12T13:40:07Z,R-03,Walker,Temperature,-14.2,OK
2055-10-12T13:40:09Z,R-05,Tracked,Atmosphere,98.4,OK
2055-10-12T13:40:14Z,R-03,Walker,Atmosphere,96.0,OK
2055-10-12T13:40:19Z,R-05,Tracked,Atmosphere,97.8,OK
2055-10-12T13:40:21Z,R-03,Walker,Temperature,-39.0,OK
2055-10-12T13:40:25Z,R-05,Tracked,Atmosphere,97.0,OK
2055-10-12T13:40:29Z,R-01,Tracked,Atmosphere,92.1,OK
2055-10-12T13:40:30Z,R-04,Hover,Temperature,-79.2,OK
2055-10-12T13:40:33Z,R-05,Tracked,Radiation,280.2,OK
2055-10-12T13:40:35Z,R-04,Hover,Radiation,141.5,OK
2055-10-12T13:40:37Z,R-05,Tracked,Radiation,192.0,OK
2055-10-12T13:40:40Z,R-05,Tracked,Temperature,-36.3,OK
2055-10-12T13:40:43Z,R-02,Hover,Atmosphere,91.9,OK
2055-10-12T13:40:46Z,R-03,Walker,Temperature,-9999.0,ERROR
2055-10-12T13:40:49Z,R-04,Hover,Atmosphere,92.9,OK
2055-10-12T13:40:53Z,R-02,Hover,Temperature,-30.6,OK
2055-10-12T13:40:56Z,R-01,Tracked,Atmosphere,96.9,OK
2055-10-12T13:40:57Z,R-03,Walker,Radiation,153.1,OK
2055-10-12T13:41:01Z,R-05,Tracked,Radiation,241.8,OK
2055-10-12T13:41:02Z,R-03,Walker,Radiation,188.2,OK
2055-10-12T13:41:06Z,R-02,Hover,Temperature,-66.9,OK
2055-10-12T13:41:07Z,R-02,Hover,Radiation,97.0,OK
2055-10-12T13:41:10Z,R-02,Hover,Radiation,,ERROR
2055-10-12T13:41:15Z,R-01,Tracked,Atmosphere,96.7,ERROR
2055-10-12T13:41:19Z,R-02,Hover,Radiation,236.0,OK
2055-10-12T13:41:23Z,R-02,Hover,Atmosphere,96.1,OK
2055-10-12T13:41:26Z,R-03,Walker,Atmosphere,98.5,OK
2055-10-12T13:41:28Z,R-02,Hover,Temperature,-76.2,OK
2055-10-12T13:41:32Z,R-01,Tracked,Temperature,-30.5,OK
2055-10-12T13:41:34Z,R-01,Tracked,Radiation,271.2,OK
2055-10-12T13:41:39Z,R-01,Tracked,Temperature,ERR,ERROR
2055-10-12T13:41:41Z,R-02,Hover,Radiation,NULL,ERROR
2055-10-12T13:41:45Z,R-03,Walker,Atmosphere,,ERROR
2055-10-12T13:41:50Z,R-03,Walker,Temperature,-74.3,OK
2055-10-12T13:41:52Z,R-03,Walker,Atmosphere,96.0,OK
2055-10-12T13:41:56Z,R-02,Hover,Atmosphere,93.4,OK
2055-10-12T13:42:01Z,R-04,Hover,Radiation,259.7,OK
2055-10-12T13:42:02Z,R-02,Hover,Radiation,-100.0,ERROR
2055-10-12T13:42:03Z,R-03,Walker,Atmosphere,92.7,OK
2055-10-12T13:42:04Z,R-03,Walker,Atmosphere,99.5,OK
2055-10-12T13:42:06Z,R-01,Tracked,Radiation,154.3,OK
2055-10-12T13:42:08Z,R-05,Tracked,Atmosphere,96.8,OK
2055-10-12T13:42:09Z,R-01,Tracked,Atmosphere,92.5,OK
2055-10-12T13:42:14Z,R-02,Hover,Temperature,-33.2,OK
2055-10-12T13:42:18Z,R-04,Hover,Temperature,-67.2,OK
2055-10-12T13:42:20Z,R-02,Hover,Radiation,269.1,OK
2055-10-12T13:42:23Z,R-05,Tracked,Temperature,5000.0,ERROR
2055-10-12T13:42:28Z,R-05,Tracked,Radiation,110.3,OK
2055-10-12T13:42:30Z,R-05,Tracked,Temperature,-21.3,OK
2055-10-12T13:42:32Z,R-02,Hover,Atmosphere,92.6,OK
2055-10-12T13:42:33Z,R-01,Tracked,Atmosphere,94.3,OK
2055-10-12T13:42:38Z,R-03,Walker,Atmosphere,94.2,OK
2055-10-12T13:42:42Z,R-03,Walker,Temperature,-64.7,OK
2055-10-12T13:42:47Z,R-04,Hover,Radiation,194.2,OK
2055-10-12T13:42:52Z,R-04,Hover,Temperature,5000.0,ERROR
2055-10-12T13:42:54Z,R-03,Walker,Atmosphere,94.9,OK
2055-10-12T13:42:58Z,R-01,Tracked,Temperature,ERR,ERROR
2055-10-12T13:43:03Z,R-04,Hover,Temperature,-65.0,OK
2055-10-12T13:43:08Z,R-01,Tracked,Atmosphere,90.2,OK
2055-10-12T13:43:10Z,R-04,Hover,Atmosphere,94.0,OK
2055-10-12T13:43:12Z,R-03,Walker,Atmosphere,NULL,ERROR
2055-10-12T13:43:13Z,R-05,Tracked,Atmosphere,99.6,OK
2055-10-12T13:43:17Z,R-04,Hover,Radiation,78.4,OK
2055-10-12T13:43:20Z,R-05,Tracked,Atmosphere,99.5,OK
2055-10-12T13:43:21Z,R-05,Tracked,Radiation,56.7,OK
2055-10-12T13:43:24Z,R-03,Walker,Temperature,-72.6,OK
2055-10-12T13:43:28Z,R-03,Walker,Temperature,-25.9,OK
2055-10-12T13:43:32Z,R-02,Hover,Radiation,53.1,OK
2055-10-12T13:43:33Z,R-05,Tracked,Atmosphere,91.2,OK
2055-10-12T13:43:38Z,R-05,Tracked,Temperature,-40.8,OK
2055-10-12T13:43:42Z,R-05,Tracked,Radiation,99999.0,ERROR
2055-10-12T13:43:46Z,R-04,Hover,Radiation,273.5,OK
2055-10-12T13:43:49Z,R-02,Hover,Radiation,205.5,OK
2055-10-12T13:43:54Z,R-02,Hover,Temperature,,ERROR
2055-10-12T13:43:55Z,R-01,Tracked,Temperature,-30.8,OK
2055-10-12T13:43:56Z,R-01,Tracked,Temperature,-40.5,OK
2055-10-12T13:43:57Z,R-02,Hover,Temperature,-45.1,OK
2055-10-12T13:43:59Z,R-04,Hover,Atmosphere,90.1,OK
2055-10-12T13:44:00Z,R-01,Tracked,Radiation,293.0,OK
2055-10-12T13:44:04Z,R-05,Tracked,Radiation,99999.0,ERROR
2055-10-12T13:44:05Z,R-03,Walker,Radiation,299.1,OK
2055-10-12T13:44:09Z,R-05,Tracked,Radiation,245.3,OK
2055-10-12T13:44:11Z,R-02,Hover,Temperature,-50.1,OK
2055-10-12T13:44:16Z,R-03,Walker,Temperature,N/A,ERROR
2055-10-12T13:44:17Z,R-03,Walker,Atmosphere,93.8,OK
2055-10-12T13:44:18Z,R-02,Hover,Radiation,68.1,OK
2055-10-12T13:44:20Z,R-01,Tracked,Temperature,,ERROR
2055-10-12T13:44:24Z,R-05,Tracked,Atmosphere,90.4,OK
2055-10-12T13:44:27Z,R-03,Walker,Radiation,478.8,WARNING
2055-10-12T13:44:32Z,R-05,Tracked,Atmosphere,93.2,OK
2055-10-12T13:44:36Z,R-05,Tracked,Radiation,274.4,OK
2055-10-12T13:44:40Z,R-03,Walker,Atmosphere,91.9,OK
2055-10-12T13:44:45Z,R-04,Hover,Temperature,-78.1,OK
2055-10-12T13:44:49Z,R-01,Tracked,Atmosphere,90.4,OK
2055-10-12T13:44:52Z,R-05,Tracked,Radiation,249.8,OK
2055-10-12T13:44:53Z,R-02,Hover,Atmosphere,94.6,OK
2055-10-12T13:44:54Z,R-03,Walker,Radiation,74.4,OK
2055-10-12T13:44:57Z,R-01,Tracked,Temperature,-65.6,OK
2055-10-12T13:44:58Z,R-04,Hover,Temperature,-41.9,OK
2055-10-12T13:44:59Z,R-03,Walker,Radiation,110.6,OK
2055-10-12T13:45:02Z,R-01,Tracked,Radiation,245.6,OK
2055-10-12T13:45:03Z,R-04,Hover,Atmosphere,100.0,OK
2055-10-12T13:45:08Z,R-01,Tracked,Radiation,79.7,OK
2055-10-12T13:45:10Z,R-03,Walker,Atmosphere,94.9,OK
2055-10-12T13:45:13Z,R-03,Walker,Radiation,466.7,WARNING
2055-10-12T13:45:17Z,R-02,Hover,Atmosphere,92.6,OK
2055-10-12T13:45:18Z,R-03,Walker,Temperature,-71.6,OK
2055-10-12T13:45:19Z,R-01,Tracked,Radiation,290.5,OK
2055-10-12T13:45:20Z,R-03,Walker,Temperature,-58.9,OK
2055-10-12T13:45:25Z,R-02,Hover,Atmosphere,92.3,OK
2055-10-12T13:45:26Z,R-05,Tracked,Atmosphere,97.6,OK
2055-10-12T13:45:27Z,R-05,Tracked,Radiation,272.0,OK
2055-10-12T13:45:29Z,R-01,Tracked,Temperature,-32.1,WARNING
2055-10-12T13:45:32Z,R-01,Tracked,Temperature,-58.3,OK
2055-10-12T13:45:33Z,R-03,Walker,Temperature,-79.0,WARNING
2055-10-12T13:45:37Z,R-03,Walker,Temperature,5000.0,ERROR
2055-10-12T13:45:41Z,R-02,Hover,Radiation,242.6,OK
2055-10-12T13:45:42Z,R-01,Tracked,Radiation,491.6,WARNING
2055-10-12T13:45:45Z,R-04,Hover,Radiation,,ERROR
2055-10-12T13:45:49Z,R-02,Hover,Atmosphere,92.6,OK
2055-10-12T13:45:54Z,R-01,Tracked,Radiation,298.4,OK
2055-10-12T13:45:55Z,R-01,Tracked,Temperature,-43.2,OK
2055-10-12T13:45:56Z,R-03,Walker,Radiation,196.9,OK
2055-10-12T13:45:57Z,R-01,Tracked,Atmosphere,91.6,OK
2055-10-12T13:45:58Z,R-01,Tracked,Atmosphere,99.2,OK
2055-10-12T13:46:00Z,R-02,Hover,Temperature,-65.1,OK
2055-10-12T13:46:04Z,R-03,Walker,Radiation,131.5,OK
2055-10-12T13:46:09Z,R-05,Tracked,Atmosphere,92.5,OK
2055-10-12T13:46:11Z,R-03,Walker,Atmosphere,97.2,ERROR
2055-10-12T13:46:13Z,R-01,Tracked,Radiation,NULL,ERROR
2055-10-12T13:46:17Z,R-02,Hover,Radiation,149.5,OK
2055-10-12T13:46:22Z,R-04,Hover,Temperature,-25.3,OK
2055-10-12T13:46:24Z,R-04,Hover,Radiation,198.9,OK
2055-10-12T13:46:26Z,R-01,Tracked,Temperature,-16.5,OK
2055-10-12T13:46:31Z,R-04,Hover,Radiation,129.4,OK
2055-10-12T13:46:36Z,R-03,Walker,Temperature,-71.0,OK
2055-10-12T13:46:41Z,R-04,Hover,Temperature,-14.3,OK
2055-10-12T13:46:43Z,R-03,Walker,Temperature,-76.6,OK
2055-10-12T13:46:45Z,R-05,Tracked,Radiation,150.1,OK
2055-10-12T13:46:49Z,R-03,Walker,Atmosphere,92.9,WARNING
2055-10-12T13:46:50Z,R-05,Tracked,Temperature,,ERROR
2055-10-12T13:46:53Z,R-04,Hover,Atmosphere,97.0,OK
2055-10-12T13:46:55Z,R-02,Hover,Temperature,-30.3,OK
2055-10-12T13:46:57Z,R-03,Walker,Temperature,-46.9,OK
2055-10-12T13:47:02Z,R-01,Tracked,Atmosphere,95.2,OK
2055-10-12T13:47:07Z,R-02,Hover,Atmosphere,96.4,OK
2055-10-12T13:47:08Z,R-03,Walker,Radiation,#VALUE!,ERROR
2055-10-12T13:47:09Z,R-05,Tracked,Radiation,183.4,OK
2055-10-12T13:47:14Z,R-02,Hover,Radiation,236.5,OK
2055-10-12T13:47:15Z,R-03,Walker,Radiation,266.4,OK
2055-10-12T13:47:18Z,R-04,Hover,Atmosphere,99.9,OK
2055-10-12T13:47:22Z,R-04,Hover,Radiation,242.0,OK
2055-10-12T13:47:25Z,R-02,Hover,Radiation,269.4,OK
2055-10-12T13:47:30Z,R-05,Tracked,Temperature,-17.5,OK
2055-10-12T13:47:33Z,R-01,Tracked,Atmosphere,95.1,OK
2055-10-12T13:47:34Z,R-02,Hover,Atmosphere,99.2,OK
2055-10-12T13:47:35Z,R-02,Hover,Radiation,126.9,OK
2055-10-12T13:47:37Z,R-04,Hover,Temperature,-54.3,OK
2055-10-12T13:47:39Z,R-02,Hover,Atmosphere,90.9,OK
2055-10-12T13:47:41Z,R-04,Hover,Temperature,-72.3,OK
2055-10-12T13:47:44Z,R-04,Hover,Temperature,-26.1,OK
2055-10-12T13:47:46Z,R-02,Hover,Radiation,286.8,OK
2055-10-12T13:47:48Z,R-01,Tracked,Temperature,-68.5,OK
2055-10-12T13:47:52Z,R-02,Hover,Atmosphere,98.0,ERROR
2055-10-12T13:47:53Z,R-01,Tracked,Temperature,-29.2,OK
2055-10-12T13:47:54Z,R-01,Tracked,Temperature,-17.8,OK
2055-10-12T13:47:56Z,R-02,Hover,Radiation,59.0,OK
2055-10-12T13:48:01Z,R-04,Hover,Atmosphere,NULL,ERROR
2055-10-12T13:48:06Z,R-01,Tracked,Temperature,,ERROR
2055-10-12T13:48:08Z,R-02,Hover,Radiation,140.5,OK
2055-10-12T13:48:12Z,R-01,Tracked,Temperature,-72.4,OK
2055-10-12T13:48:17Z,R-04,Hover,Radiation,#VALUE!,ERROR
2055-10-12T13:48:20Z,R-03,Walker,Radiation,NaN,ERROR
2055-10-12T13:48:22Z,R-04,Hover,Atmosphere,#VALUE!,ERROR
2055-10-12T13:48:26Z,R-04,Hover,Radiation,99999.0,ERROR
2055-10-12T13:48:29Z,R-01,Tracked,Radiation,56.4,OK
2055-10-12T13:48:33Z,R-05,Tracked,Temperature,-36.1,OK
2055-10-12T13:48:37Z,R-02,Hover,Atmosphere,91.5,OK
2055-10-12T13:48:42Z,R-03,Walker,Temperature,-33.9,OK
2055-10-12T13:48:46Z,R-03,Walker,Temperature,-20.2,OK
2055-10-12T13:48:50Z,R-02,Hover,Temperature,-16.3,OK
2055-10-12T13:48:52Z,R-02,Hover,Temperature,-65.7,OK
2055-10-12T13:48:54Z,R-02,Hover,Atmosphere,92.5,OK
2055-10-12T13:48:56Z,R-02,Hover,Temperature,-35.7,OK
2055-10-12T13:48:58Z,R-02,Hover,Temperature,-30.6,OK
2055-10-12T13:49:02Z,R-02,Hover,Radiation,460.5,WARNING
2055-10-12T13:49:04Z,R-01,Tracked,Radiation,167.3,OK
2055-10-12T13:49:07Z,R-04,Hover,Temperature,-40.9,OK
2055-10-12T13:49:09Z,R-02,Hover,Radiation,99999.0,ERROR
2055-10-12T13:49:11Z,R-04,Hover,Radiation,430.0,WARNING
2055-10-12T13:49:13Z,R-02,Hover,Temperature,-28.2,OK
2055-10-12T13:49:17Z,R-02,Hover,Radiation,N/A,ERROR
2055-10-12T13:49:19Z,R-05,Tracked,Radiation,155.7,OK
2055-10-12T13:49:23Z,R-05,Tracked,Radiation,158.7,OK
2055-10-12T13:49:27Z,R-02,Hover,Temperature,-12.4,OK
2055-10-12T13:49:31Z,R-01,Tracked,Radiation,#VALUE!,ERROR
2055-10-12T13:49:33Z,R-04,Hover,Atmosphere,91.2,OK
2055-10-12T13:49:38Z,R-02,Hover,Atmosphere,91.1,OK
2055-10-12T13:49:40Z,R-01,Tracked,Radiation,202.2,OK
2055-10-12T13:49:45Z,R-03,Walker,Radiation,244.9,OK
2055-10-12T13:49:47Z,R-03,Walker,Radiation,285.5,OK
2055-10-12T13:49:52Z,R-05,Tracked,Temperature,-35.4,OK
2055-10-12T13:49:54Z,R-01,Tracked,Atmosphere,92.1,OK
2055-10-12T13:49:58Z,R-01,Tracked,Atmosphere,94.5,OK
2055-10-12T13:49:59Z,R-01,Tracked,Atmosphere,95.9,OK
2055-10-12T13:50:02Z,R-05,Tracked,Radiation,186.0,OK
2055-10-12T13:50:07Z,R-04,Hover,Radiation,180.7,OK
2055-10-12T13:50:12Z,R-04,Hover,Temperature,-56.7,OK
2055-10-12T13:50:15Z,R-05,Tracked,Temperature,-31.3,OK
2055-10-12T13:50:18Z,R-04,Hover,Atmosphere,99.2,OK
2055-10-12T13:50:20Z,R-01,Tracked,Radiation,58.5,OK
2055-10-12T13:50:24Z,R-05,Tracked,Radiation,173.0,OK
2055-10-12T13:50:29Z,R-01,Tracked,Temperature,-75.1,OK
2055-10-12T13:50:31Z,R-03,Walker,Temperature,-69.9,OK
2055-10-12T13:50:33Z,R-05,Tracked,Atmosphere,97.3,OK
2055-10-12T13:50:36Z,R-04,Hover,Atmosphere,100.0,OK
2055-10-12T13:50:38Z,R-03,Walker,Temperature,-53.2,OK
2055-10-12T13:50:41Z,R-05,Tracked,Radiation,256.7,OK
2055-10-12T13:50:44Z,R-02,Hover,Atmosphere,92.0,OK
2055-10-12T13:50:48Z,R-04,Hover,Radiation,169.0,OK
2055-10-12T13:50:49Z,R-02,Hover,Atmosphere,98.7,OK
2055-10-12T13:50:53Z,R-01,Tracked,Radiation,269.3,OK
2055-10-12T13:50:54Z,R-05,Tracked,Radiation,255.7,OK
2055-10-12T13:50:55Z,R-02,Hover,Atmosphere,98.2,OK
2055-10-12T13:51:00Z,R-05,Tracked,Radiation,278.7,OK
2055-10-12T13:51:05Z,R-05,Tracked,Temperature,-53.9,OK
2055-10-12T13:51:07Z,R-02,Hover,Radiation,#VALUE!,ERROR
2055-10-12T13:51:11Z,R-05,Tracked,Radiation,266.0,OK
2055-10-12T13:51:16Z,R-02,Hover,Temperature,-40.5,OK
2055-10-12T13:51:20Z,R-01,Tracked,Radiation,247.0,OK
2055-10-12T13:51:25Z,R-02,Hover,Temperature,-40.7,OK
2055-10-12T13:51:27Z,R-05,Tracked,Radiation,112.0,OK
2055-10-12T13:51:29Z,R-03,Walker,Temperature,-53.2,OK
2055-10-12T13:51:33Z,R-04,Hover,Atmosphere,95.0,OK
2055-10-12T13:51:34Z,R-02,Hover,Temperature,NULL,ERROR
2055-10-12T13:51:36Z,R-01,Tracked,Radiation,252.6,OK
2055-10-12T13:51:37Z,R-02,Hover,Temperature,-36.7,OK
2055-10-12T13:51:38Z,R-05,Tracked,Atmosphere,98.0,OK
2055-10-12T13:51:39Z,R-02,Hover,Atmosphere,91.4,OK
2055-10-12T13:51:40Z,R-02,Hover,Radiation,267.0,OK
2055-10-12T13:51:44Z,R-04,Hover,Radiation,170.6,OK
2055-10-12T13:51:47Z,R-01,Tracked,Radiation,128.0,OK
2055-10-12T13:51:49Z,R-03,Walker,Atmosphere,90.2,OK
2055-10-12T13:51:50Z,R-01,Tracked,Atmosphere,92.9,OK
2055-10-12T13:51:51Z,R-03,Walker,Radiation,189.8,OK
2055-10-12T13:51:53Z,R-02,Hover,Temperature,-28.7,OK
2055-10-12T13:51:57Z,R-04,Hover,Atmosphere,NaN,ERROR
2055-10-12T13:52:01Z,R-02,Hover,Atmosphere,94.7,OK
2055-10-12T13:52:03Z,R-05,Tracked,Atmosphere,91.5,WARNING
2055-10-12T13:52:04Z,R-03,Walker,Temperature,-9999.0,ERROR
2055-10-12T13:52:05Z,R-03,Walker,Radiation,195.3,OK
2055-10-12T13:52:06Z,R-04,Hover,Temperature,-56.8,OK
2055-10-12T13:52:10Z,R-04,Hover,Temperature,-70.2,OK
2055-10-12T13:52:12Z,R-01,Tracked,Radiation,207.4,OK
2055-10-12T13:52:13Z,R-03,Walker,Radiation,,ERROR
2055-10-12T13:52:15Z,R-03,Walker,Temperature,-57.2,OK
2055-10-12T13:52:17Z,R-02,Hover,Temperature,-28.1,OK
2055-10-12T13:52:22Z,R-05,Tracked,Temperature,-9999.0,ERROR
2055-10-12T13:52:23Z,R-05,Tracked,Temperature,-43.1,WARNING
2055-10-12T13:52:28Z,R-03,Walker,Temperature,-34.7,OK
2055-10-12T13:52:29Z,R-03,Walker,Atmosphere,,ERROR
2055-10-12T13:52:31Z,R-04,Hover,Temperature,-14.7,OK
2055-10-12T13:52:34Z,R-05,Tracked,Atmosphere,93.4,ERROR
2055-10-12T13:52:38Z,R-04,Hover,Atmosphere,97.6,OK
2055-10-12T13:52:39Z,R-03,Walker,Temperature,-61.2,OK
2055-10-12T13:52:40Z,R-05,Tracked,Temperature,-19.5,OK
2055-10-12T13:52:45Z,R-01,Tracked,Temperature,ERR,ERROR
2055-10-12T13:52:47Z,R-05,Tracked,Atmosphere,98.1,OK
2055-10-12T13:52:50Z,R-01,Tracked,Radiation,183.3,OK
2055-10-12T13:52:51Z,R-04,Hover,Radiation,139.1,OK
2055-10-12T13:52:52Z,R-05,Tracked,Radiation,77.0,OK
2055-10-12T13:52:55Z,R-04,Hover,Atmosphere,95.4,ERROR
2055-10-12T13:52:58Z,R-05,Tracked,Atmosphere,93.8,OK
2055-10-12T13:53:03Z,R-04,Hover,Radiation,113.8,OK
2055-10-12T13:53:06Z,R-02,Hover,Radiation,77.7,OK
2055-10-12T13:53:07Z,R-05,Tracked,Radiation,63.0,OK
2055-10-12T13:53:10Z,R-05,Tracked,Atmosphere,93.7,OK
2055-10-12T13:53:13Z,R-04,Hover,Radiation,209.2,OK
2055-10-12T13:53:18Z,R-04,Hover,Atmosphere,91.6,OK
2055-10-12T13:53:21Z,R-02,Hover,Atmosphere,90.1,OK
2055-10-12T13:53:26Z,R-01,Tracked,Temperature,-64.1,OK
2055-10-12T13:53:28Z,R-03,Walker,Temperature,-37.4,OK
2055-10-12T13:53:31Z,R-04,Hover,Temperature,-11.3,OK
2055-10-12T13:53:33Z,R-01,Tracked,Atmosphere,95.4,OK
2055-10-12T13:53:38Z,R-03,Walker,Temperature,-19.8,OK
2055-10-12T13:53:42Z,R-04,Hover,Temperature,-19.0,OK
2055-10-12T13:53:47Z,R-02,Hover,Radiation,185.1,OK
2055-10-12T13:53:49Z,R-04,Hover,Temperature,-31.4,OK
2055-10-12T13:53:52Z,R-05,Tracked,Temperature,-14.5,OK
2055-10-12T13:53:57Z,R-03,Walker,Atmosphere,98.9,OK
2055-10-12T13:54:01Z,R-04,Hover,Atmosphere,98.2,OK
2055-10-12T13:54:02Z,R-02,Hover,Temperature,NaN,ERROR
2055-10-12T13:54:06Z,R-01,Tracked,Atmosphere,92.6,OK
2055-10-12T13:54:08Z,R-05,Tracked,Atmosphere,95.7,OK
2055-10-12T13:54:13Z,R-01,Tracked,Radiation,279.2,OK
2055-10-12T13:54:15Z,R-05,Tracked,Radiation,465.7,WARNING
2055-10-12T13:54:19Z,R-01,Tracked,Radiation,,ERROR
2055-10-12T13:54:21Z,R-03,Walker,Radiation,293.9,OK
2055-10-12T13:54:23Z,R-05,Tracked,Radiation,52.2,OK
2055-10-12T13:54:24Z,R-05,Tracked,Temperature,-23.9,OK
2055-10-12T13:54:26Z,R-03,Walker,Temperature,-54.0,OK
2055-10-12T13:54:29Z,R-03,Walker,Temperature,-38.9,OK
2055-10-12T13:54:32Z,R-01,Tracked,Radiation,296.2,OK
2055-10-12T13:54:35Z,R-01,Tracked,Temperature,-28.6,OK
2055-10-12T13:54:38Z,R-01,Tracked,Radiation,170.5,OK
2055-10-12T13:54:42Z,R-03,Walker,Atmosphere,93.2,OK
2055-10-12T13:54:47Z,R-04,Hover,Temperature,-53.6,OK
2055-10-12T13:54:52Z,R-01,Tracked,Temperature,-32.9,OK
2055-10-12T13:54:56Z,R-02,Hover,Radiation,79.2,OK
2055-10-12T13:55:01Z,R-01,Tracked,Temperature,NaN,ERROR
2055-10-12T13:55:04Z,R-01,Tracked,Radiation,-100.0,ERROR
2055-10-12T13:55:05Z,R-02,Hover,Radiation,88.4,OK
2055-10-12T13:55:07Z,R-02,Hover,Atmosphere,93.1,OK
2055-10-12T13:55:11Z,R-04,Hover,Radiation,,ERROR
2055-10-12T13:55:14Z,R-04,Hover,Atmosphere,#VALUE!,ERROR
2055-10-12T13:55:15Z,R-03,Walker,Radiation,138.5,OK
2055-10-12T13:55:17Z,R-03,Walker,Radiation,176.1,OK
2055-10-12T13:55:18Z,R-03,Walker,Temperature,-65.5,OK
2055-10-12T13:55:23Z,R-04,Hover,Radiation,117.7,OK
2055-10-12T13:55:28Z,R-04,Hover,Temperature,-62.1,OK
2055-10-12T13:55:31Z,R-04,Hover,Radiation,217.2,OK
2055-10-12T13:55:33Z,R-02,Hover,Radiation,200.9,OK
2055-10-12T13:55:34Z,R-02,Hover,Atmosphere,93.1,OK
2055-10-12T13:55:38Z,R-03,Walker,Temperature,-47.6,OK
2055-10-12T13:55:42Z,R-03,Walker,Temperature,-11.9,OK
2055-10-12T13:55:44Z,R-05,Tracked,Temperature,-45.2,OK
2055-10-12T13:55:49Z,R-03,Walker,Temperature,-60.4,OK
2055-10-12T13:55:54Z,R-05,Tracked,Temperature,-73.4,OK
2055-10-12T13:55:58Z,R-03,Walker,Atmosphere,98.7,OK
2055-10-12T13:56:01Z,R-02,Hover,Temperature,-62.9,OK
2055-10-12T13:56:02Z,R-04,Hover,Radiation,64.0,OK
2055-10-12T13:56:05Z,R-01,Tracked,Temperature,-26.4,OK
2055-10-12T13:56:07Z,R-01,Tracked,Atmosphere,97.3,ERROR
2055-10-12T13:56:09Z,R-01,Tracked,Atmosphere,95.8,OK
2055-10-12T13:56:12Z,R-03,Walker,Radiation,139.5,OK
2055-10-12T13:56:14Z,R-01,Tracked,Atmosphere,97.8,OK
2055-10-12T13:56:15Z,R-03,Walker,Temperature,-12.3,OK
2055-10-12T13:56:20Z,R-03,Walker,Radiation,184.7,OK
2055-10-12T13:56:25Z,R-05,Tracked,Atmosphere,90.5,ERROR
2055-10-12T13:56:26Z,R-05,Tracked,Temperature,-38.3,OK
2055-10-12T13:56:28Z,R-02,Hover,Temperature,-35.6,OK
2055-10-12T13:56:30Z,R-04,Hover,Atmosphere,96.1,OK
2055-10-12T13:56:31Z,R-01,Tracked,Temperature,-68.1,OK
2055-10-12T13:56:32Z,R-02,Hover,Atmosphere,99.4,OK
2055-10-12T13:56:35Z,R-01,Tracked,Radiation,67.1,OK
2055-10-12T13:56:37Z,R-02,Hover,Atmosphere,93.8,OK
2055-10-12T13:56:40Z,R-02,Hover,Atmosphere,,ERROR
2055-10-12T13:56:43Z,R-04,Hover,Radiation,482.7,WARNING
2055-10-12T13:56:44Z,R-01,Tracked,Atmosphere,90.1,OK
2055-10-12T13:56:45Z,R-02,Hover,Radiation,145.4,OK
2055-10-12T13:56:50Z,R-04,Hover,Radiation,238.0,OK
2055-10-12T13:56:53Z,R-05,Tracked,Temperature,-62.1,OK
2055-10-12T13:56:55Z,R-04,Hover,Radiation,231.3,OK
2055-10-12T13:57:00Z,R-05,Tracked,Radiation,204.9,OK
2055-10-12T13:57:02Z,R-04,Hover,Radiation,174.8,OK
2055-10-12T13:57:06Z,R-04,Hover,Temperature,-30.2,OK
2055-10-12T13:57:10Z,R-05,Tracked,Radiation,278.9,OK
2055-10-12T13:57:14Z,R-02,Hover,Temperature,,ERROR
2055-10-12T13:57:16Z,R-01,Tracked,Radiation,181.8,OK
2055-10-12T13:57:18Z,R-05,Tracked,Atmosphere,91.9,OK
2055-10-12T13:57:19Z,R-04,Hover,Temperature,-53.8,WARNING
2055-10-12T13:57:23Z,R-04,Hover,Atmosphere,96.4,OK
2055-10-12T13:57:24Z,R-05,Tracked,Radiation,214.4,OK
2055-10-12T13:57:26Z,R-05,Tracked,Temperature,5000.0,ERROR
2055-10-12T13:57:30Z,R-01,Tracked,Radiation,158.6,OK
2055-10-12T13:57:32Z,R-03,Walker,Temperature,-56.4,OK
2055-10-12T13:57:35Z,R-02,Hover,Radiation,127.8,OK
2055-10-12T13:57:36Z,R-03,Walker,Temperature,-15.6,OK
2055-10-12T13:57:41Z,R-03,Walker,Radiation,260.9,OK
2055-10-12T13:57:46Z,R-01,Tracked,Temperature,-71.4,OK
2055-10-12T13:57:49Z,R-01,Tracked,Atmosphere,93.9,ERROR
2055-10-12T13:57:51Z,R-02,Hover,Atmosphere,91.8,OK
2055-10-12T13:57:53Z,R-01,Tracked,Temperature,-9999.0,ERROR
2055-10-12T13:57:56Z,R-04,Hover,Temperature,-31.9,OK
2055-10-12T13:57:58Z,R-05,Tracked,Temperature,-18.5,OK
2055-10-12T13:58:03Z,R-03,Walker,Radiation,-100.0,ERROR
2055-10-12T13:58:08Z,R-05,Tracked,Atmosphere,93.1,OK
2055-10-12T13:58:10Z,R-03,Walker,Atmosphere,97.6,OK
2055-10-12T13:58:11Z,R-01,Tracked,Temperature,-39.7,OK
2055-10-12T13:58:12Z,R-02,Hover,Radiation,223.3,OK
2055-10-12T13:58:17Z,R-03,Walker,Atmosphere,,ERROR
2055-10-12T13:58:18Z,R-01,Tracked,Temperature,-52.2,OK
2055-10-12T13:58:21Z,R-05,Tracked,Temperature,-64.2,OK
2055-10-12T13:58:26Z,R-03,Walker,Radiation,232.8,OK
2055-10-12T13:58:31Z,R-01,Tracked,Temperature,-74.9,OK
2055-10-12T13:58:35Z,R-02,Hover,Temperature,-61.8,OK
2055-10-12T13:58:37Z,R-04,Hover,Atmosphere,91.5,OK
2055-10-12T13:58:39Z,R-02,Hover,Atmosphere,95.0,OK
2055-10-12T13:58:41Z,R-05,Tracked,Radiation,260.3,OK
2055-10-12T13:58:42Z,R-02,Hover,Atmosphere,93.3,OK
2055-10-12T13:58:47Z,R-01,Tracked,Radiation,247.3,OK
2055-10-12T13:58:49Z,R-02,Hover,Radiation,160.3,OK
2055-10-12T13:58:53Z,R-01,Tracked,Radiation,286.9,OK
2055-10-12T13:58:57Z,R-03,Walker,Radiation,237.8,ERROR
2055-10-12T13:59:02Z,R-01,Tracked,Radiation,243.2,ERROR
2055-10-12T13:59:03Z,R-03,Walker,Radiation,56.5,OK
2055-10-12T13:59:04Z,R-03,Walker,Atmosphere,94.3,ERROR
2055-10-12T13:59:09Z,R-05,Tracked,Temperature,-63.4,OK
2055-10-12T13:59:11Z,R-03,Walker,Atmosphere,94.1,OK
2055-10-12T13:59:15Z,R-02,Hover,Atmosphere,92.3,OK
2055-10-12T13:59:16Z,R-03,Walker,Radiation,204.2,OK
2055-10-12T13:59:19Z,R-04,Hover,Atmosphere,96.9,OK
2055-10-12T13:59:22Z,R-05,Tracked,Temperature,-54.8,OK
2055-10-12T13:59:23Z,R-04,Hover,Temperature,-70.5,OK
2055-10-12T13:59:27Z,R-04,Hover,Radiation,66.7,OK
2055-10-12T13:59:32Z,R-05,Tracked,Radiation,129.0,OK
2055-10-12T13:59:34Z,R-02,Hover,Atmosphere,98.5,OK
2055-10-12T13:59:36Z,R-04,Hover,Radiation,213.9,OK
2055-10-12T13:59:41Z,R-05,Tracked,Temperature,-63.8,OK
2055-10-12T13:59:44Z,R-05,Tracked,Radiation,73.8,OK
2055-10-12T13:59:49Z,R-04,Hover,Radiation,NULL,ERROR
2055-10-12T13:59:54Z,R-01,Tracked,Radiation,126.6,OK
2055-10-12T13:59:57Z,R-04,Hover,Radiation,85.3,OK
2055-10-12T13:59:58Z,R-04,Hover,Temperature,-56.2,OK
2055-10-12T14:00:00Z,R-02,Hover,Radiation,105.3,OK
2055-10-12T14:00:05Z,R-01,Tracked,Radiation,NULL,ERROR
2055-10-12T14:00:07Z,R-01,Tracked,Temperature,-73.0,OK
2055-10-12T14:00:10Z,R-03,Walker,Atmosphere,97.6,OK
2055-10-12T14:00:12Z,R-03,Walker,Radiation,143.5,OK
2055-10-12T14:00:17Z,R-05,Tracked,Atmosphere,91.0,OK
2055-10-12T14:00:21Z,R-04,Hover,Atmosphere,92.1,OK
2055-10-12T14:00:26Z,R-03,Walker,Radiation,180.5,OK
2055-10-12T14:00:28Z,R-05,Tracked,Radiation,99.0,OK
2055-10-12T14:00:32Z,R-05,Tracked,Temperature,-45.6,OK
2055-10-12T14:00:33Z,R-05,Tracked,Radiation,132.5,OK
2055-10-12T14:00:34Z,R-01,Tracked,Atmosphere,95.5,OK
2055-10-12T14:00:38Z,R-05,Tracked,Atmosphere,99.0,OK
2055-10-12T14:00:42Z,R-03,Walker,Atmosphere,95.2,OK
2055-10-12T14:00:44Z,R-02,Hover,Radiation,112.7,OK
2055-10-12T14:00:45Z,R-02,Hover,Radiation,107.6,OK
2055-10-12T14:00:48Z,R-02,Hover,Temperature,-10.0,OK
2055-10-12T14:00:49Z,R-03,Walker,Radiation,215.5,OK
2055-10-12T14:00:50Z,R-03,Walker,Temperature,-40.9,OK
2055-10-12T14:00:53Z,R-02,Hover,Temperature,-76.5,OK
2055-10-12T14:00:58Z,R-03,Walker,Temperature,-79.0,OK
2055-10-12T14:01:00Z,R-04,Hover,Temperature,-71.1,OK
2055-10-12T14:01:03Z,R-03,Walker,Atmosphere,93.8,OK
2055-10-12T14:01:04Z,R-05,Tracked,Radiation,#VALUE!,ERROR
2055-10-12T14:01:09Z,R-02,Hover,Temperature,-13.8,OK
2055-10-12T14:01:14Z,R-02,Hover,Temperature,-19.7,OK
2055-10-12T14:01:16Z,R-03,Walker,Temperature,-23.2,OK
2055-10-12T14:01:18Z,R-02,Hover,Temperature,-79.4,OK
2055-10-12T14:01:21Z,R-01,Tracked,Atmosphere,92.2,OK
2055-10-12T14:01:22Z,R-03,Walker,Temperature,-10.3,ERROR
2055-10-12T14:01:26Z,R-05,Tracked,Radiation,282.5,OK
2055-10-12T14:01:29Z,R-05,Tracked,Temperature,-56.2,OK
2055-10-12T14:01:31Z,R-03,Walker,Radiation,264.6,OK
2055-10-12T14:01:35Z,R-04,Hover,Temperature,-14.1,OK
2055-10-12T14:01:40Z,R-01,Tracked,Atmosphere,94.0,ERROR
2055-10-12T14:01:41Z,R-02,Hover,Temperature,-76.8,OK
2055-10-12T14:01:46Z,R-02,Hover,Radiation,229.3,OK
2055-10-12T14:01:48Z,R-03,Walker,Radiation,160.7,OK
2055-10-12T14:01:50Z,R-02,Hover,Atmosphere,94.5,OK
2055-10-12T14:01:52Z,R-05,Tracked,Radiation,260.0,OK
2055-10-12T14:01:54Z,R-01,Tracked,Atmosphere,97.1,OK
2055-10-12T14:01:55Z,R-04,Hover,Temperature,-17.2,WARNING
2055-10-12T14:01:59Z,R-01,Tracked,Temperature,-35.0,OK
2055-10-12T14:02:04Z,R-01,Tracked,Atmosphere,96.9,OK
2055-10-12T14:02:05Z,R-03,Walker,Temperature,-24.6,OK
2055-10-12T14:02:09Z,R-01,Tracked,Temperature,-47.5,WARNING
2055-10-12T14:02:14Z,R-05,Tracked,Radiation,117.3,OK
2055-10-12T14:02:18Z,R-01,Tracked,Radiation,200.7,OK
2055-10-12T14:02:19Z,R-02,Hover,Radiation,52.9,OK
2055-10-12T14:02:24Z,R-01,Tracked,Temperature,-52.8,OK
2055-10-12T14:02:27Z,R-03,Walker,Atmosphere,93.4,OK
2055-10-12T14:02:28Z,R-03,Walker,Temperature,-18.5,OK
2055-10-12T14:02:31Z,R-01,Tracked,Atmosphere,95.7,OK
2055-10-12T14:02:36Z,R-02,Hover,Temperature,NaN,ERROR
2055-10-12T14:02:41Z,R-02,Hover,Radiation,228.5,OK
2055-10-12T14:02:45Z,R-05,Tracked,Atmosphere,98.3,ERROR
2055-10-12T14:02:47Z,R-04,Hover,Temperature,-31.8,OK
2055-10-12T14:02:51Z,R-03,Walker,Radiation,#VALUE!,ERROR
2055-10-12T14:02:55Z,R-05,Tracked,Atmosphere,99.9,OK
2055-10-12T14:02:58Z,R-02,Hover,Atmosphere,99.2,OK
2055-10-12T14:03:03Z,R-05,Tracked,Atmosphere,95.5,OK
2055-10-12T14:03:05Z,R-04,Hover,Atmosphere,94.1,OK
2055-10-12T14:03:09Z,R-01,Tracked,Atmosphere,95.4,OK
2055-10-12T14:03:11Z,R-03,Walker,Temperature,N/A,ERROR
2055-10-12T14:03:12Z,R-04,Hover,Radiation,266.0,OK
2055-10-12T14:03:15Z,R-03,Walker,Radiation,-100.0,ERROR
2055-10-12T14:03:17Z,R-01,Tracked,Temperature,-38.7,OK
2055-10-12T14:03:22Z,R-01,Tracked,Radiation,252.0,OK
2055-10-12T14:03:24Z,R-05,Tracked,Temperature,-20.5,OK
2055-10-12T14:03:25Z,R-05,Tracked,Atmosphere,95.0,OK
2055-10-12T14:03:26Z,R-03,Walker,Radiation,197.1,OK
2055-10-12T14:03:29Z,R-03,Walker,Radiation,258.8,OK
2055-10-12T14:03:30Z,R-03,Walker,Temperature,-19.4,OK
2055-10-12T14:03:34Z,R-03,Walker,Radiation,223.7,OK
2055-10-12T14:03:36Z,R-02,Hover,Atmosphere,98.8,OK
2055-10-12T14:03:39Z,R-02,Hover,Temperature,-11.5,ERROR
2055-10-12T14:03:42Z,R-01,Tracked,Radiation,298.9,OK
2055-10-12T14:03:47Z,R-02,Hover,Radiation,-100.0,ERROR
2055-10-12T14:03:52Z,R-04,Hover,Atmosphere,99.4,OK
2055-10-12T14:03:55Z,R-03,Walker,Atmosphere,93.5,OK
2055-10-12T14:03:57Z,R-05,Tracked,Temperature,-78.5,OK
2055-10-12T14:04:01Z,R-04,Hover,Radiation,98.7,OK
2055-10-12T14:04:03Z,R-01,Tracked,Temperature,-63.3,OK
2055-10-12T14:04:06Z,R-03,Walker,Radiation,291.5,OK
2055-10-12T14:04:11Z,R-02,Hover,Atmosphere,96.6,OK
2055-10-12T14:04:12Z,R-01,Tracked,Atmosphere,97.5,OK
2055-10-12T14:04:13Z,R-05,Tracked,Atmosphere,91.9,OK
2055-10-12T14:04:18Z,R-05,Tracked,Temperature,-77.7,OK
2055-10-12T14:04:21Z,R-01,Tracked,Radiation,210.0,OK
2055-10-12T14:04:24Z,R-02,Hover,Radiation,77.4,OK
2055-10-12T14:04:28Z,R-03,Walker,Atmosphere,95.5,OK
2055-10-12T14:04:30Z,R-02,Hover,Temperature,-57.2,OK
2055-10-12T14:04:32Z,R-01,Tracked,Atmosphere,97.8,OK
2055-10-12T14:04:37Z,R-04,Hover,Temperature,-12.3,OK
2055-10-12T14:04:40Z,R-03,Walker,Temperature,-59.0,OK
2055-10-12T14:04:41Z,R-02,Hover,Temperature,-32.1,OK
2055-10-12T14:04:42Z,R-05,Tracked,Atmosphere,97.7,OK
2055-10-12T14:04:45Z,R-01,Tracked,Temperature,-64.1,OK
2055-10-12T14:04:46Z,R-04,Hover,Temperature,-79.4,OK
2055-10-12T14:04:47Z,R-03,Walker,Temperature,-13.1,OK
2055-10-12T14:04:49Z,R-01,Tracked,Atmosphere,95.2,OK
2055-10-12T14:04:52Z,R-05,Tracked,Radiation,140.8,OK
2055-10-12T14:04:56Z,R-04,Hover,Atmosphere,92.1,OK
2055-10-12T14:04:59Z,R-04,Hover,Temperature,-66.8,OK
2055-10-12T14:05:04Z,R-04,Hover,Atmosphere,92.3,OK
2055-10-12T14:05:06Z,R-04,Hover,Radiation,-100.0,ERROR
2055-10-12T14:05:09Z,R-02,Hover,Temperature,5000.0,ERROR
2055-10-12T14:05:12Z,R-01,Tracked,Temperature,,ERROR
2055-10-12T14:05:17Z,R-03,Walker,Radiation,268.0,OK
2055-10-12T14:05:18Z,R-05,Tracked,Temperature,-74.5,OK
2055-10-12T14:05:21Z,R-02,Hover,Atmosphere,91.1,OK
2055-10-12T14:05:25Z,R-03,Walker,Temperature,-51.9,OK
2055-10-12T14:05:26Z,R-02,Hover,Atmosphere,95.9,OK
2055-10-12T14:05:28Z,R-02,Hover,Temperature,5000.0,ERROR
2055-10-12T14:05:30Z,R-03,Walker,Radiation,57.4,OK
2055-10-12T14:05:33Z,R-03,Walker,Atmosphere,91.3,OK
2055-10-12T14:05:35Z,R-03,Walker,Temperature,-70.6,OK
2055-10-12T14:05:36Z,R-03,Walker,Atmosphere,91.5,OK
2055-10-12T14:05:39Z,R-04,Hover,Radiation,53.1,OK
2055-10-12T14:05:41Z,R-04,Hover,Radiation,148.2,OK
2055-10-12T14:05:43Z,R-04,Hover,Temperature,-15.7,OK
2055-10-12T14:05:47Z,R-04,Hover,Temperature,-35.5,OK
2055-10-12T14:05:49Z,R-03,Walker,Temperature,-74.8,OK
2055-10-12T14:05:50Z,R-01,Tracked,Atmosphere,97.6,OK
2055-10-12T14:05:55Z,R-01,Tracked,Atmosphere,98.3,OK
2055-10-12T14:05:59Z,R-04,Hover,Atmosphere,93.3,WARNING
2055-10-12T14:06:02Z,R-02,Hover,Radiation,108.5,OK
2055-10-12T14:06:05Z,R-01,Tracked,Temperature,-20.0,OK
2055-10-12T14:06:10Z,R-01,Tracked,Atmosphere,98.5,OK
2055-10-12T14:06:13Z,R-05,Tracked,Radiation,114.4,OK
2055-10-12T14:06:15Z,R-04,Hover,Radiation,134.1,OK
2055-10-12T14:06:16Z,R-01,Tracked,Temperature,-79.9,OK
2055-10-12T14:06:18Z,R-05,Tracked,Atmosphere,N/A,ERROR
2055-10-12T14:06:21Z,R-05,Tracked,Temperature,#VALUE!,ERROR
2055-10-12T14:06:22Z,R-01,Tracked,Temperature,-51.9,ERROR
2055-10-12T14:06:26Z,R-03,Walker,Temperature,-24.9,OK
2055-10-12T14:06:28Z,R-05,Tracked,Radiation,128.9,OK
2055-10-12T14:06:33Z,R-04,Hover,Radiation,137.9,OK
2055-10-12T14:06:37Z,R-04,Hover,Temperature,-34.6,OK
2055-10-12T14:06:40Z,R-02,Hover,Temperature,-20.7,OK
2055-10-12T14:06:42Z,R-02,Hover,Temperature,,ERROR
2055-10-12T14:06:46Z,R-04,Hover,Atmosphere,99.4,OK
2055-10-12T14:06:50Z,R-04,Hover,Radiation,,ERROR
2055-10-12T14:06:53Z,R-01,Tracked,Atmosphere,NULL,ERROR
2055-10-12T14:06:58Z,R-04,Hover,Radiation,286.0,OK
2055-10-12T14:07:03Z,R-05,Tracked,Temperature,-67.1,OK
2055-10-12T14:07:08Z,R-04,Hover,Radiation,NULL,ERROR
2055-10-12T14:07:13Z,R-04,Hover,Radiation,99999.0,ERROR
2055-10-12T14:07:14Z,R-02,Hover,Atmosphere,96.4,OK
2055-10-12T14:07:19Z,R-05,Tracked,Temperature,-9999.0,ERROR
2055-10-12T14:07:23Z,R-02,Hover,Radiation,286.9,OK
2055-10-12T14:07:26Z,R-02,Hover,Temperature,-15.4,OK
2055-10-12T14:07:29Z,R-01,Tracked,Radiation,139.5,OK
2055-10-12T14:07:31Z,R-03,Walker,Radiation,132.6,OK
2055-10-12T14:07:35Z,R-05,Tracked,Temperature,-18.7,OK
2055-10-12T14:07:38Z,R-01,Tracked,Radiation,74.0,OK
2055-10-12T14:07:42Z,R-03,Walker,Radiation,113.0,OK
2055-10-12T14:07:43Z,R-04,Hover,Radiation,,ERROR
2055-10-12T14:07:47Z,R-03,Walker,Radiation,ERR,ERROR
2055-10-12T14:07:51Z,R-04,Hover,Atmosphere,91.1,OK
2055-10-12T14:07:54Z,R-05,Tracked,Temperature,-50.0,OK
2055-10-12T14:07:59Z,R-01,Tracked,Atmosphere,,ERROR
2055-10-12T14:08:04Z,R-01,Tracked,Atmosphere,94.5,OK
2055-10-12T14:08:05Z,R-05,Tracked,Radiation,135.7,OK
2055-10-12T14:08:06Z,R-04,Hover,Temperature,-24.4,ERROR
2055-10-12T14:08:10Z,R-05,Tracked,Radiation,251.2,OK
2055-10-12T14:08:15Z,R-03,Walker,Atmosphere,96.1,OK
2055-10-12T14:08:17Z,R-01,Tracked,Temperature,-31.8,OK
2055-10-12T14:08:18Z,R-02,Hover,Radiation,75.8,OK
2055-10-12T14:08:23Z,R-02,Hover,Radiation,157.9,OK
2055-10-12T14:08:25Z,R-03,Walker,Radiation,94.1,OK
2055-10-12T14:08:30Z,R-05,Tracked,Radiation,202.4,OK
2055-10-12T14:08:32Z,R-01,Tracked,Atmosphere,91.7,OK
2055-10-12T14:08:34Z,R-01,Tracked,Radiation,-100.0,ERROR
2055-10-12T14:08:36Z,R-03,Walker,Atmosphere,,ERROR
2055-10-12T14:08:37Z,R-01,Tracked,Atmosphere,96.2,OK
2055-10-12T14:08:41Z,R-05,Tracked,Radiation,-100.0,ERROR
2055-10-12T14:08:44Z,R-03,Walker,Radiation,140.6,OK
2055-10-12T14:08:46Z,R-05,Tracked,Radiation,253.4,OK
2055-10-12T14:08:50Z,R-04,Hover,Atmosphere,92.9,OK
2055-10-12T14:08:53Z,R-02,Hover,Temperature,-59.4,OK
2055-10-12T14:08:58Z,R-01,Tracked,Atmosphere,99.8,OK
2055-10-12T14:08:59Z,R-03,Walker,Atmosphere,91.9,OK
2055-10-12T14:09:02Z,R-02,Hover,Atmosphere,92.9,OK
2055-10-12T14:09:07Z,R-04,Hover,Atmosphere,94.0,OK
2055-10-12T14:09:09Z,R-04,Hover,Radiation,238.5,OK
2055-10-12T14:09:10Z,R-05,Tracked,Temperature,-51.1,OK
2055-10-12T14:09:14Z,R-04,Hover,Atmosphere,99.2,OK
2055-10-12T14:09:15Z,R-04,Hover,Atmosphere,90.8,OK
2055-10-12T14:09:17Z,R-05,Tracked,Temperature,-73.8,OK
2055-10-12T14:09:21Z,R-02,Hover,Temperature,-11.3,OK
2055-10-12T14:09:24Z,R-02,Hover,Radiation,74.9,OK
2055-10-12T14:09:29Z,R-01,Tracked,Radiation,154.8,OK
2055-10-12T14:09:33Z,R-01,Tracked,Temperature,-68.9,OK
2055-10-12T14:09:34Z,R-01,Tracked,Atmosphere,98.9,OK
2055-10-12T14:09:35Z,R-05,Tracked,Temperature,-32.0,OK
2055-10-12T14:09:39Z,R-05,Tracked,Temperature,-33.8,OK
2055-10-12T14:09:40Z,R-02,Hover,Atmosphere,99.9,OK
2055-10-12T14:09:43Z,R-02,Hover,Atmosphere,99.5,OK
2055-10-12T14:09:48Z,R-05,Tracked,Radiation,197.4,OK
2055-10-12T14:09:53Z,R-03,Walker,Temperature,-40.7,OK
2055-10-12T14:09:55Z,R-04,Hover,Radiation,227.6,OK
2055-10-12T14:09:56Z,R-05,Tracked,Atmosphere,92.5,OK
2055-10-12T14:09:57Z,R-05,Tracked,Radiation,102.8,OK
2055-10-12T14:09:58Z,R-02,Hover,Radiation,199.1,OK
2055-10-12T14:10:00Z,R-02,Hover,Atmosphere,92.0,OK
2055-10-12T14:10:01Z,R-01,Tracked,Radiation,279.6,OK
2055-10-12T14:10:05Z,R-04,Hover,Temperature,#VALUE!,ERROR
2055-10-12T14:10:07Z,R-03,Walker,Temperature,5000.0,ERROR
2055-10-12T14:10:08Z,R-01,Tracked,Atmosphere,91.1,OK
2055-10-12T14:10:13Z,R-04,Hover,Radiation,129.1,OK
2055-10-12T14:10:15Z,R-03,Walker,Atmosphere,98.2,ERROR
2055-10-12T14:10:17Z,R-04,Hover,Temperature,-57.4,OK
2055-10-12T14:10:22Z,R-03,Walker,Radiation,210.8,OK
2055-10-12T14:10:27Z,R-04,Hover,Atmosphere,94.7,ERROR
2055-10-12T14:10:30Z,R-01,Tracked,Temperature,-15.1,OK
2055-10-12T14:10:35Z,R-01,Tracked,Atmosphere,95.0,ERROR
2055-10-12T14:10:40Z,R-01,Tracked,Temperature,-51.5,OK
2055-10-12T14:10:42Z,R-04,Hover,Radiation,221.3,OK
2055-10-12T14:10:47Z,R-03,Walker,Radiation,225.2,OK
2055-10-12T14:10:50Z,R-02,Hover,Radiation,169.7,OK
2055-10-12T14:10:51Z,R-01,Tracked,Atmosphere,NULL,ERROR
2055-10-12T14:10:55Z,R-05,Tracked,Temperature,-46.4,OK
2055-10-12T14:11:00Z,R-02,Hover,Atmosphere,93.5,WARNING
2055-10-12T14:11:03Z,R-02,Hover,Temperature,N/A,ERROR
2055-10-12T14:11:08Z,R-01,Tracked,Atmosphere,92.7,OK
2055-10-12T14:11:13Z,R-03,Walker,Temperature,NULL,ERROR
2055-10-12T14:11:17Z,R-05,Tracked,Atmosphere,96.0,OK
2055-10-12T14:11:20Z,R-05,Tracked,Temperature,-61.9,ERROR
2055-10-12T14:11:23Z,R-04,Hover,Radiation,155.5,OK
2055-10-12T14:11:24Z,R-01,Tracked,Radiation,ERR,ERROR
2055-10-12T14:11:26Z,R-01,Tracked,Atmosphere,91.7,OK
2055-10-12T14:11:30Z,R-02,Hover,Radiation,239.5,OK
2055-10-12T14:11:35Z,R-04,Hover,Radiation,244.9,OK
2055-10-12T14:11:37Z,R-02,Hover,Atmosphere,94.1,OK
2055-10-12T14:11:42Z,R-05,Tracked,Radiation,NULL,ERROR
2055-10-12T14:11:47Z,R-05,Tracked,Radiation,487.0,WARNING
2055-10-12T14:11:51Z,R-05,Tracked,Radiation,151.3,OK
2055-10-12T14:11:56Z,R-02,Hover,Radiation,171.7,OK
2055-10-12T14:12:01Z,R-01,Tracked,Atmosphere,96.1,ERROR
2055-10-12T14:12:03Z,R-05,Tracked,Temperature,-64.6,OK
2055-10-12T14:12:04Z,R-03,Walker,Radiation,78.4,OK
2055-10-12T14:12:05Z,R-03,Walker,Temperature,-10.4,OK
2055-10-12T14:12:08Z,R-03,Walker,Atmosphere,97.1,WARNING
2055-10-12T14:12:11Z,R-02,Hover,Temperature,-62.7,OK
2055-10-12T14:12:14Z,R-04,Hover,Radiation,235.4,OK
2055-10-12T14:12:16Z,R-05,Tracked,Atmosphere,91.6,OK
2055-10-12T14:12:18Z,R-01,Tracked,Temperature,-19.4,OK
2055-10-12T14:12:20Z,R-01,Tracked,Temperature,-35.7,OK
2055-10-12T14:12:25Z,R-03,Walker,Atmosphere,99.8,OK
2055-10-12T14:12:29Z,R-04,Hover,Radiation,124.3,OK
2055-10-12T14:12:33Z,R-02,Hover,Atmosphere,90.5,OK
2055-10-12T14:12:34Z,R-04,Hover,Atmosphere,93.5,OK
2055-10-12T14:12:37Z,R-02,Hover,Temperature,-46.1,OK
2055-10-12T14:12:42Z,R-01,Tracked,Atmosphere,95.8,OK
2055-10-12T14:12:43Z,R-01,Tracked,Atmosphere,95.6,OK
2055-10-12T14:12:47Z,R-01,Tracked,Temperature,-38.1,OK
2055-10-12T14:12:52Z,R-02,Hover,Temperature,,ERROR
2055-10-12T14:12:56Z,R-05,Tracked,Atmosphere,90.6,OK
2055-10-12T14:13:01Z,R-03,Walker,Temperature,-67.1,OK
2055-10-12T14:13:02Z,R-01,Tracked,Temperature,-69.8,OK
2055-10-12T14:13:04Z,R-01,Tracked,Atmosphere,93.2,ERROR
2055-10-12T14:13:08Z,R-02,Hover,Atmosphere,91.2,OK
2055-10-12T14:13:10Z,R-02,Hover,Temperature,-59.0,OK
2055-10-12T14:13:14Z,R-05,Tracked,Atmosphere,#VALUE!,ERROR
2055-10-12T14:13:17Z,R-03,Walker,Temperature,-55.4,OK
2055-10-12T14:13:20Z,R-04,Hover,Atmosphere,94.9,OK
2055-10-12T14:13:21Z,R-05,Tracked,Radiation,268.5,OK
2055-10-12T14:13:24Z,R-04,Hover,Radiation,482.0,WARNING
2055-10-12T14:13:25Z,R-04,Hover,Atmosphere,98.7,OK
2055-10-12T14:13:26Z,R-05,Tracked,Temperature,-26.5,OK
2055-10-12T14:13:28Z,R-03,Walker,Temperature,-72.1,OK
2055-10-12T14:13:33Z,R-05,Tracked,Radiation,66.7,OK
2055-10-12T14:13:35Z,R-03,Walker,Atmosphere,91.6,OK
2055-10-12T14:13:40Z,R-01,Tracked,Atmosphere,91.5,OK
2055-10-12T14:13:45Z,R-03,Walker,Radiation,265.6,OK
2055-10-12T14:13:47Z,R-05,Tracked,Atmosphere,94.1,OK
2055-10-12T14:13:49Z,R-01,Tracked,Atmosphere,99.9,OK
2055-10-12T14:13:52Z,R-05,Tracked,Temperature,,ERROR
2055-10-12T14:13:56Z,R-02,Hover,Radiation,,ERROR
2055-10-12T14:13:58Z,R-02,Hover,Temperature,-69.1,WARNING
2055-10-12T14:13:59Z,R-01,Tracked,Atmosphere,96.7,OK
2055-10-12T14:14:04Z,R-05,Tracked,Temperature,-21.9,OK
2055-10-12T14:14:08Z,R-01,Tracked,Radiation,188.3,OK
2055-10-12T14:14:10Z,R-01,Tracked,Radiation,93.5,OK
2055-10-12T14:14:12Z,R-01,Tracked,Radiation,235.3,OK
2055-10-12T14:14:16Z,R-02,Hover,Temperature,-55.7,OK
2055-10-12T14:14:21Z,R-02,Hover,Radiation,161.4,OK
2055-10-12T14:14:22Z,R-04,Hover,Radiation,229.1,OK
2055-10-12T14:14:26Z,R-02,Hover,Temperature,-72.5,OK
2055-10-12T14:14:29Z,R-02,Hover,Temperature,5000.0,ERROR
2055-10-12T14:14:32Z,R-02,Hover,Radiation,115.3,OK
2055-10-12T14:14:35Z,R-01,Tracked,Radiation,123.8,OK
2055-10-12T14:14:38Z,R-05,Tracked,Temperature,-34.4,OK
2055-10-12T14:14:40Z,R-02,Hover,Atmosphere,98.6,OK
2055-10-12T14:14:44Z,R-02,Hover,Atmosphere,96.7,ERROR
2055-10-12T14:14:46Z,R-05,Tracked,Atmosphere,92.6,OK
2055-10-12T14:14:51Z,R-03,Walker,Radiation,73.5,OK
2055-10-12T14:14:56Z,R-02,Hover,Temperature,-72.6,OK
2055-10-12T14:15:00Z,R-04,Hover,Atmosphere,90.4,OK
2055-10-12T14:15:05Z,R-03,Walker,Atmosphere,91.7,OK
2055-10-12T14:15:10Z,R-04,Hover,Atmosphere,95.3,OK
2055-10-12T14:15:15Z,R-03,Walker,Radiation,144.7,OK
2055-10-12T14:15:17Z,R-02,Hover,Atmosphere,96.2,OK
2055-10-12T14:15:20Z,R-02,Hover,Temperature,NaN,ERROR
2055-10-12T14:15:25Z,R-02,Hover,Atmosphere,99.8,OK
2055-10-12T14:15:27Z,R-04,Hover,Radiation,177.4,OK
2055-10-12T14:15:31Z,R-02,Hover,Radiation,#VALUE!,ERROR
2055-10-12T14:15:33Z,R-05,Tracked,Temperature,-35.2,OK
2055-10-12T14:15:36Z,R-04,Hover,Temperature,-19.3,OK
2055-10-12T14:15:39Z,R-05,Tracked,Radiation,216.6,OK
2055-10-12T14:15:43Z,R-01,Tracked,Radiation,486.9,WARNING
2055-10-12T14:15:48Z,R-03,Walker,Temperature,-28.6,WARNING
2055-10-12T14:15:52Z,R-02,Hover,Atmosphere,99.6,ERROR
2055-10-12T14:15:57Z,R-01,Tracked,Atmosphere,93.2,OK
2055-10-12T14:16:02Z,R-05,Tracked,Radiation,168.2,OK
2055-10-12T14:16:03Z,R-02,Hover,Temperature,-40.0,OK
2055-10-12T14:16:05Z,R-01,Tracked,Atmosphere,99.6,OK
2055-10-12T14:16:09Z,R-01,Tracked,Radiation,217.8,OK
2055-10-12T14:16:11Z,R-03,Walker,Atmosphere,93.6,OK
2055-10-12T14:16:13Z,R-02,Hover,Radiation,292.3,OK
2055-10-12T14:16:16Z,R-01,Tracked,Atmosphere,94.1,OK
2055-10-12T14:16:17Z,R-04,Hover,Atmosphere,NaN,ERROR
2055-10-12T14:16:18Z,R-05,Tracked,Temperature,-26.5,OK
2055-10-12T14:16:19Z,R-03,Walker,Atmosphere,90.8,WARNING
2055-10-12T14:16:20Z,R-04,Hover,Radiation,284.1,OK
2055-10-12T14:16:24Z,R-02,Hover,Temperature,-22.9,OK
2055-10-12T14:16:29Z,R-05,Tracked,Temperature,-76.5,OK
2055-10-12T14:16:31Z,R-04,Hover,Atmosphere,96.1,OK
2055-10-12T14:16:32Z,R-05,Tracked,Atmosphere,98.8,ERROR
2055-10-12T14:16:36Z,R-05,Tracked,Temperature,-31.5,OK
2055-10-12T14:16:38Z,R-01,Tracked,Radiation,256.3,OK
2055-10-12T14:16:41Z,R-05,Tracked,Atmosphere,#VALUE!,ERROR
2055-10-12T14:16:44Z,R-04,Hover,Temperature,-37.3,OK
2055-10-12T14:16:47Z,R-01,Tracked,Temperature,-22.9,OK
2055-10-12T14:16:50Z,R-04,Hover,Atmosphere,93.7,OK
2055-10-12T14:16:55Z,R-05,Tracked,Atmosphere,96.0,OK
2055-10-12T14:16:56Z,R-02,Hover,Temperature,-18.4,OK
2055-10-12T14:17:01Z,R-01,Tracked,Radiation,193.1,OK
2055-10-12T14:17:06Z,R-01,Tracked,Temperature,-26.7,OK
2055-10-12T14:17:10Z,R-03,Walker,Atmosphere,95.3,OK
2055-10-12T14:17:15Z,R-04,Hover,Temperature,-35.0,OK
2055-10-12T14:17:20Z,R-02,Hover,Atmosphere,95.4,OK
2055-10-12T14:17:23Z,R-02,Hover,Atmosphere,96.8,OK
2055-10-12T14:17:28Z,R-01,Tracked,Temperature,-25.7,OK
2055-10-12T14:17:29Z,R-03,Walker,Radiation,220.5,OK
2055-10-12T14:17:34Z,R-04,Hover,Temperature,5000.0,ERROR
2055-10-12T14:17:37Z,R-04,Hover,Atmosphere,95.0,OK
2055-10-12T14:17:42Z,R-05,Tracked,Temperature,-78.0,OK
2055-10-12T14:17:47Z,R-03,Walker,Temperature,-63.7,OK
2055-10-12T14:17:49Z,R-03,Walker,Radiation,226.1,OK
2055-10-12T14:17:50Z,R-01,Tracked,Radiation,217.8,OK
2055-10-12T14:17:54Z,R-03,Walker,Temperature,-9999.0,ERROR
2055-10-12T14:17:58Z,R-04,Hover,Radiation,240.0,ERROR
2055-10-12T14:18:00Z,R-01,Tracked,Radiation,,ERROR
2055-10-12T14:18:01Z,R-05,Tracked,Radiation,195.1,OK
2055-10-12T14:18:05Z,R-04,Hover,Atmosphere,NaN,ERROR
2055-10-12T14:18:07Z,R-05,Tracked,Temperature,-45.6,OK
2055-10-12T14:18:10Z,R-03,Walker,Temperature,-79.6,OK
2055-10-12T14:18:13Z,R-03,Walker,Atmosphere,94.9,OK
2055-10-12T14:18:17Z,R-03,Walker,Atmosphere,98.9,ERROR
2055-10-12T14:18:21Z,R-04,Hover,Atmosphere,96.0,OK
2055-10-12T14:18:22Z,R-04,Hover,Radiation,206.7,OK
2055-10-12T14:18:26Z,R-01,Tracked,Atmosphere,97.9,OK
2055-10-12T14:18:29Z,R-03,Walker,Atmosphere,94.3,OK
2055-10-12T14:18:34Z,R-01,Tracked,Atmosphere,92.1,OK
2055-10-12T14:18:35Z,R-04,Hover,Temperature,-68.5,OK
2055-10-12T14:18:37Z,R-02,Hover,Atmosphere,ERR,ERROR
2055-10-12T14:18:40Z,R-02,Hover,Temperature,-63.5,OK
2055-10-12T14:18:41Z,R-03,Walker,Temperature,-39.1,OK
2055-10-12T14:18:46Z,R-04,Hover,Atmosphere,97.3,ERROR
2055-10-12T14:18:50Z,R-02,Hover,Atmosphere,97.2,OK
2055-10-12T14:18:51Z,R-05,Tracked,Temperature,-64.8,OK
2055-10-12T14:18:53Z,R-03,Walker,Radiation,275.7,OK
2055-10-12T14:18:55Z,R-01,Tracked,Atmosphere,91.4,OK
2055-10-12T14:18:56Z,R-04,Hover,Radiation,96.2,OK
2055-10-12T14:18:57Z,R-03,Walker,Temperature,-12.3,OK
2055-10-12T14:18:59Z,R-03,Walker,Atmosphere,91.1,OK
2055-10-12T14:19:03Z,R-03,Walker,Atmosphere,91.1,OK
2055-10-12T14:19:04Z,R-04,Hover,Radiation,212.3,OK
2055-10-12T14:19:05Z,R-03,Walker,Atmosphere,94.1,OK
2055-10-12T14:19:10Z,R-04,Hover,Atmosphere,93.8,OK
2055-10-12T14:19:13Z,R-01,Tracked,Atmosphere,99.4,ERROR
2055-10-12T14:19:15Z,R-04,Hover,Temperature,-67.5,OK
2055-10-12T14:19:18Z,R-01,Tracked,Temperature,-71.2,OK
2055-10-12T14:19:21Z,R-05,Tracked,Radiation,480.1,WARNING
2055-10-12T14:19:25Z,R-01,Tracked,Radiation,115.5,OK
2055-10-12T14:19:29Z,R-02,Hover,Radiation,424.7,ERROR
2055-10-12T14:19:30Z,R-04,Hover,Radiation,194.6,OK
2055-10-12T14:19:32Z,R-05,Tracked,Atmosphere,96.3,OK
2055-10-12T14:19:33Z,R-01,Tracked,Atmosphere,96.0,OK
2055-10-12T14:19:36Z,R-02,Hover,Atmosphere,90.5,OK
2055-10-12T14:19:37Z,R-03,Walker,Temperature,-24.3,OK
2055-10-12T14:19:38Z,R-05,Tracked,Atmosphere,92.3,OK
2055-10-12T14:19:39Z,R-04,Hover,Atmosphere,97.4,OK
2055-10-12T14:19:44Z,R-02,Hover,Temperature,-36.7,OK
2055-10-12T14:19:46Z,R-04,Hover,Temperature,-19.9,OK
2055-10-12T14:19:51Z,R-05,Tracked,Atmosphere,95.3,OK
2055-10-12T14:19:53Z,R-03,Walker,Temperature,-19.1,OK
2055-10-12T14:19:58Z,R-05,Tracked,Radiation,64.7,OK
2055-10-12T14:20:02Z,R-01,Tracked,Radiation,209.6,OK
2055-10-12T14:20:05Z,R-04,Hover,Radiation,209.0,OK
2055-10-12T14:20:08Z,R-01,Tracked,Temperature,,ERROR
2055-10-12T14:20:13Z,R-01,Tracked,Atmosphere,91.8,OK
2055-10-12T14:20:15Z,R-05,Tracked,Temperature,-41.4,OK
2055-10-12T14:20:17Z,R-03,Walker,Radiation,73.8,OK
2055-10-12T14:20:22Z,R-05,Tracked,Atmosphere,97.9,OK
2055-10-12T14:20:24Z,R-03,Walker,Radiation,296.7,OK
2055-10-12T14:20:28Z,R-04,Hover,Atmosphere,91.8,OK
2055-10-12T14:20:33Z,R-04,Hover,Temperature,-21.9,OK
2055-10-12T14:20:34Z,R-04,Hover,Atmosphere,99.2,OK
2055-10-12T14:20:36Z,R-04,Hover,Atmosphere,93.8,OK
2055-10-12T14:20:37Z,R-01,Tracked,Atmosphere,97.2,ERROR
2055-10-12T14:20:40Z,R-04,Hover,Temperature,-24.2,OK
2055-10-12T14:20:42Z,R-04,Hover,Temperature,-38.7,OK
2055-10-12T14:20:44Z,R-05,Tracked,Atmosphere,94.4,OK
2055-10-12T14:20:49Z,R-03,Walker,Atmosphere,96.7,OK
2055-10-12T14:20:52Z,R-03,Walker,Atmosphere,93.9,OK
2055-10-12T14:20:54Z,R-03,Walker,Radiation,,ERROR
2055-10-12T14:20:57Z,R-01,Tracked,Radiation,,ERROR
2055-10-12T14:20:59Z,R-01,Tracked,Radiation,466.3,WARNING
2055-10-12T14:21:04Z,R-05,Tracked,Radiation,142.8,OK
2055-10-12T14:21:06Z,R-02,Hover,Temperature,-25.0,OK
2055-10-12T14:21:09Z,R-04,Hover,Radiation,230.1,OK
2055-10-12T14:21:14Z,R-03,Walker,Temperature,-26.9,OK
2055-10-12T14:21:17Z,R-05,Tracked,Atmosphere,94.7,OK
2055-10-12T14:21:18Z,R-03,Walker,Atmosphere,96.6,OK
2055-10-12T14:21:21Z,R-03,Walker,Atmosphere,95.8,OK
2055-10-12T14:21:22Z,R-01,Tracked,Radiation,99999.0,ERROR
2055-10-12T14:21:23Z,R-05,Tracked,Radiation,284.3,OK
2055-10-12T14:21:28Z,R-04,Hover,Radiation,67.5,OK
2055-10-12T14:21:33Z,R-02,Hover,Radiation,273.0,OK
2055-10-12T14:21:36Z,R-04,Hover,Atmosphere,91.8,OK
2055-10-12T14:21:38Z,R-04,Hover,Atmosphere,92.5,OK
2055-10-12T14:21:42Z,R-05,Tracked,Radiation,143.6,OK
2055-10-12T14:21:46Z,R-02,Hover,Temperature,-42.2,OK
2055-10-12T14:21:50Z,R-03,Walker,Radiation,#VALUE!,ERROR
2055-10-12T14:21:53Z,R-03,Walker,Radiation,117.5,OK
2055-10-12T14:21:58Z,R-02,Hover,Radiation,159.3,OK
2055-10-12T14:22:01Z,R-01,Tracked,Atmosphere,92.9,OK
2055-10-12T14:22:05Z,R-02,Hover,Atmosphere,90.6,OK
2055-10-12T14:22:06Z,R-04,Hover,Radiation,177.5,OK
2055-10-12T14:22:08Z,R-03,Walker,Atmosphere,99.1,OK
2055-10-12T14:22:09Z,R-05,Tracked,Radiation,194.7,OK
2055-10-12T14:22:14Z,R-04,Hover,Atmosphere,97.9,OK
2055-10-12T14:22:19Z,R-05,Tracked,Atmosphere,96.0,OK
2055-10-12T14:22:21Z,R-02,Hover,Temperature,-25.5,OK
2055-10-12T14:22:25Z,R-04,Hover,Radiation,251.7,OK
2055-10-12T14:22:27Z,R-05,Tracked,Atmosphere,99.2,OK
2055-10-12T14:22:31Z,R-02,Hover,Radiation,137.4,OK
2055-10-12T14:22:32Z,R-01,Tracked,Atmosphere,99.3,OK
2055-10-12T14:22:34Z,R-03,Walker,Atmosphere,92.1,OK
2055-10-12T14:22:35Z,R-02,Hover,Radiation,227.1,OK
2055-10-12T14:22:38Z,R-05,Tracked,Temperature,-69.5,ERROR
2055-10-12T14:22:40Z,R-04,Hover,Temperature,-66.7,OK
2055-10-12T14:22:43Z,R-01,Tracked,Atmosphere,95.8,OK
2055-10-12T14:22:48Z,R-04,Hover,Radiation,252.4,OK
2055-10-12T14:22:52Z,R-05,Tracked,Temperature,5000.0,ERROR
2055-10-12T14:22:55Z,R-04,Hover,Atmosphere,91.5,OK
2055-10-12T14:22:57Z,R-01,Tracked,Radiation,94.7,OK
2055-10-12T14:23:01Z,R-03,Walker,Atmosphere,90.8,OK
2055-10-12T14:23:04Z,R-05,Tracked,Atmosphere,91.8,OK
2055-10-12T14:23:08Z,R-04,Hover,Radiation,266.7,OK
2055-10-12T14:23:10Z,R-05,Tracked,Atmosphere,91.8,OK
2055-10-12T14:23:14Z,R-05,Tracked,Radiation,195.4,OK
2055-10-12T14:23:17Z,R-01,Tracked,Atmosphere,92.1,OK
2055-10-12T14:23:20Z,R-01,Tracked,Temperature,-64.7,OK
2055-10-12T14:23:22Z,R-01,Tracked,Atmosphere,94.6,ERROR
2055-10-12T14:23:25Z,R-03,Walker,Radiation,89.6,OK
2055-10-12T14:23:26Z,R-01,Tracked,Temperature,NULL,ERROR
2055-10-12T14:23:30Z,R-03,Walker,Atmosphere,95.9,OK
2055-10-12T14:23:33Z,R-04,Hover,Temperature,-22.0,OK
2055-10-12T14:23:37Z,R-01,Tracked,Radiation,267.3,OK
2055-10-12T14:23:42Z,R-04,Hover,Radiation,131.2,OK
2055-10-12T14:23:43Z,R-01,Tracked,Radiation,266.0,OK
2055-10-12T14:23:48Z,R-05,Tracked,Temperature,-47.2,OK
2055-10-12T14:23:50Z,R-04,Hover,Radiation,-100.0,ERROR
2055-10-12T14:23:51Z,R-04,Hover,Atmosphere,92.4,OK
2055-10-12T14:23:56Z,R-03,Walker,Temperature,-25.6,OK
2055-10-12T14:23:57Z,R-05,Tracked,Temperature,-19.1,OK
2055-10-12T14:24:00Z,R-04,Hover,Radiation,99.4,OK
2055-10-12T14:24:02Z,R-02,Hover,Radiation,NaN,ERROR
2055-10-12T14:24:07Z,R-04,Hover,Temperature,-62.5,OK
2055-10-12T14:24:08Z,R-01,Tracked,Radiation,196.9,OK
2055-10-12T14:24:09Z,R-02,Hover,Radiation,133.5,OK
2055-10-12T14:24:12Z,R-04,Hover,Temperature,-33.2,OK
2055-10-12T14:24:15Z,R-03,Walker,Atmosphere,95.4,OK
2055-10-12T14:24:20Z,R-02,Hover,Radiation,,ERROR
2055-10-12T14:24:22Z,R-01,Tracked,Radiation,272.4,OK
2055-10-12T14:24:25Z,R-01,Tracked,Radiation,239.4,ERROR
2055-10-12T14:24:26Z,R-02,Hover,Temperature,-33.4,OK
2055-10-12T14:24:28Z,R-02,Hover,Radiation,290.2,OK
2055-10-12T14:24:33Z,R-04,Hover,Atmosphere,98.4,WARNING
2055-10-12T14:24:35Z,R-04,Hover,Radiation,166.4,OK
2055-10-12T14:24:38Z,R-05,Tracked,Radiation,73.4,OK
2055-10-12T14:24:39Z,R-02,Hover,Atmosphere,92.2,OK
2055-10-12T14:24:41Z,R-01,Tracked,Temperature,-39.0,OK
2055-10-12T14:24:46Z,R-03,Walker,Temperature,-20.2,ERROR
2055-10-12T14:24:48Z,R-01,Tracked,Atmosphere,94.3,OK
2055-10-12T14:24:52Z,R-04,Hover,Radiation,74.1,OK
2055-10-12T14:24:55Z,R-03,Walker,Atmosphere,90.2,OK
2055-10-12T14:24:58Z,R-05,Tracked,Temperature,-21.9,OK
2055-10-12T14:25:01Z,R-03,Walker,Radiation,205.1,OK
2055-10-12T14:25:06Z,R-04,Hover,Atmosphere,92.5,ERROR
2055-10-12T14:25:07Z,R-05,Tracked,Atmosphere,93.7,OK
2055-10-12T14:25:09Z,R-01,Tracked,Atmosphere,N/A,ERROR
2055-10-12T14:25:12Z,R-01,Tracked,Radiation,198.9,OK
2055-10-12T14:25:15Z,R-03,Walker,Atmosphere,95.7,OK
2055-10-12T14:25:17Z,R-03,Walker,Radiation,236.9,OK
2055-10-12T14:25:20Z,R-02,Hover,Radiation,231.1,OK
2055-10-12T14:25:21Z,R-01,Tracked,Atmosphere,90.6,OK
2055-10-12T14:25:25Z,R-04,Hover,Atmosphere,92.0,OK
2055-10-12T14:25:30Z,R-03,Walker,Radiation,283.5,OK
2055-10-12T14:25:34Z,R-05,Tracked,Temperature,-54.7,OK
2055-10-12T14:25:35Z,R-05,Tracked,Temperature,-64.1,OK
2055-10-12T14:25:40Z,R-04,Hover,Temperature,-50.5,OK
2055-10-12T14:25:42Z,R-01,Tracked,Radiation,133.1,OK
2055-10-12T14:25:46Z,R-04,Hover,Atmosphere,94.0,OK
2055-10-12T14:25:48Z,R-04,Hover,Radiation,248.1,OK
2055-10-12T14:25:51Z,R-05,Tracked,Radiation,80.9,OK
2055-10-12T14:25:55Z,R-05,Tracked,Atmosphere,94.0,OK
2055-10-12T14:25:58Z,R-05,Tracked,Temperature,-25.5,ERROR
2055-10-12T14:26:02Z,R-02,Hover,Atmosphere,90.6,OK
2055-10-12T14:26:03Z,R-03,Walker,Atmosphere,91.8,OK
2055-10-12T14:26:04Z,R-01,Tracked,Temperature,-45.4,OK
2055-10-12T14:26:06Z,R-01,Tracked,Atmosphere,98.5,OK
2055-10-12T14:26:09Z,R-03,Walker,Atmosphere,98.7,ERROR
2055-10-12T14:26:12Z,R-01,Tracked,Atmosphere,95.4,OK
2055-10-12T14:26:17Z,R-03,Walker,Radiation,,ERROR
2055-10-12T14:26:22Z,R-03,Walker,Atmosphere,92.1,OK
2055-10-12T14:26:24Z,R-03,Walker,Atmosphere,NULL,ERROR
2055-10-12T14:26:29Z,R-03,Walker,Radiation,201.4,OK
2055-10-12T14:26:31Z,R-05,Tracked,Radiation,259.9,OK
2055-10-12T14:26:34Z,R-03,Walker,Temperature,-40.4,OK
2055-10-12T14:26:36Z,R-04,Hover,Radiation,,ERROR
2055-10-12T14:26:38Z,R-05,Tracked,Radiation,,ERROR
2055-10-12T14:26:43Z,R-05,Tracked,Temperature,-49.8,OK
2055-10-12T14:26:48Z,R-02,Hover,Radiation,102.4,OK
2055-10-12T14:26:52Z,R-01,Tracked,Radiation,109.7,OK
2055-10-12T14:26:53Z,R-01,Tracked,Temperature,-79.2,OK
2055-10-12T14:26:54Z,R-03,Walker,Radiation,228.2,OK
2055-10-12T14:26:55Z,R-05,Tracked,Temperature,-49.4,OK
2055-10-12T14:26:57Z,R-01,Tracked,Radiation,205.5,OK
2055-10-12T14:27:02Z,R-05,Tracked,Radiation,171.2,OK
2055-10-12T14:27:03Z,R-01,Tracked,Atmosphere,96.8,OK
2055-10-12T14:27:06Z,R-04,Hover,Temperature,-34.0,OK
2055-10-12T14:27:08Z,R-05,Tracked,Temperature,-35.7,OK
2055-10-12T14:27:10Z,R-02,Hover,Atmosphere,90.5,OK
2055-10-12T14:27:13Z,R-05,Tracked,Temperature,-43.7,OK
2055-10-12T14:27:18Z,R-01,Tracked,Radiation,127.1,OK
2055-10-12T14:27:22Z,R-05,Tracked,Atmosphere,91.8,OK
2055-10-12T14:27:26Z,R-04,Hover,Atmosphere,97.6,OK
2055-10-12T14:27:30Z,R-01,Tracked,Atmosphere,98.1,WARNING
2055-10-12T14:27:31Z,R-02,Hover,Atmosphere,92.7,OK
2055-10-12T14:27:34Z,R-02,Hover,Temperature,-71.1,OK
2055-10-12T14:27:39Z,R-01,Tracked,Temperature,-10.1,OK
2055-10-12T14:27:44Z,R-04,Hover,Radiation,291.7,OK
2055-10-12T14:27:48Z,R-02,Hover,Temperature,-40.9,OK
2055-10-12T14:27:52Z,R-02,Hover,Temperature,5000.0,ERROR
2055-10-12T14:27:56Z,R-02,Hover,Temperature,#VALUE!,ERROR
2055-10-12T14:27:57Z,R-01,Tracked,Temperature,-51.6,OK
2055-10-12T14:28:02Z,R-03,Walker,Atmosphere,#VALUE!,ERROR
2055-10-12T14:28:03Z,R-01,Tracked,Atmosphere,93.8,OK
2055-10-12T14:28:07Z,R-02,Hover,Radiation,116.8,OK
2055-10-12T14:28:09Z,R-01,Tracked,Atmosphere,95.8,OK
2055-10-12T14:28:11Z,R-03,Walker,Atmosphere,95.9,OK
2055-10-12T14:28:13Z,R-05,Tracked,Atmosphere,98.0,OK
2055-10-12T14:28:17Z,R-03,Walker,Radiation,493.0,WARNING
2055-10-12T14:28:19Z,R-02,Hover,Temperature,-34.4,OK
2055-10-12T14:28:22Z,R-01,Tracked,Atmosphere,92.2,OK
2055-10-12T14:28:26Z,R-04,Hover,Temperature,-45.6,OK
2055-10-12T14:28:28Z,R-05,Tracked,Temperature,-69.0,OK
2055-10-12T14:28:33Z,R-02,Hover,Temperature,-11.1,OK
2055-10-12T14:28:35Z,R-05,Tracked,Atmosphere,96.3,OK
2055-10-12T14:28:39Z,R-02,Hover,Temperature,-70.6,ERROR
2055-10-12T14:28:42Z,R-05,Tracked,Atmosphere,99.6,OK
2055-10-12T14:28:45Z,R-02,Hover,Temperature,NULL,ERROR
2055-10-12T14:28:46Z,R-03,Walker,Temperature,-63.7,OK
2055-10-12T14:28:50Z,R-04,Hover,Atmosphere,98.3,OK
2055-10-12T14:28:55Z,R-02,Hover,Atmosphere,91.0,OK
2055-10-12T14:29:00Z,R-04,Hover,Radiation,115.5,OK
2055-10-12T14:29:05Z,R-02,Hover,Radiation,85.6,OK
2055-10-12T14:29:08Z,R-04,Hover,Atmosphere,99.6,OK
2055-10-12T14:29:09Z,R-03,Walker,Temperature,-53.6,OK
2055-10-12T14:29:11Z,R-04,Hover,Atmosphere,95.3,OK
2055-10-12T14:29:13Z,R-04,Hover,Radiation,125.9,OK
2055-10-12T14:29:18Z,R-05,Tracked,Temperature,-17.1,WARNING
2055-10-12T14:29:19Z,R-02,Hover,Atmosphere,93.0,OK
2055-10-12T14:29:22Z,R-04,Hover,Atmosphere,98.4,OK
2055-10-12T14:29:27Z,R-04,Hover,Temperature,-78.4,OK
2055-10-12T14:29:28Z,R-03,Walker,Radiation,-100.0,ERROR
2055-10-12T14:29:30Z,R-02,Hover,Atmosphere,95.8,OK
2055-10-12T14:29:32Z,R-02,Hover,Atmosphere,94.0,OK
2055-10-12T14:29:33Z,R-05,Tracked,Temperature,-59.0,OK
2055-10-12T14:29:36Z,R-01,Tracked,Radiation,226.4,OK
2055-10-12T14:29:41Z,R-01,Tracked,Atmosphere,98.3,OK
2055-10-12T14:29:46Z,R-01,Tracked,Atmosphere,91.7,OK
2055-10-12T14:29:50Z,R-01,Tracked,Atmosphere,94.8,OK
2055-10-12T14:29:51Z,R-03,Walker,Temperature,-36.0,OK
2055-10-12T14:29:52Z,R-02,Hover,Temperature,-78.0,OK
2055-10-12T14:29:56Z,R-02,Hover,Radiation,59.2,OK
2055-10-12T14:30:01Z,R-03,Walker,Radiation,113.1,OK
2055-10-12T14:30:04Z,R-01,Tracked,Atmosphere,94.3,OK
2055-10-12T14:30:08Z,R-04,Hover,Atmosphere,NaN,ERROR
2055-10-12T14:30:12Z,R-05,Tracked,Atmosphere,90.8,OK
2055-10-12T14:30:13Z,R-04,Hover,Atmosphere,100.0,OK
2055-10-12T14:30:16Z,R-01,Tracked,Temperature,5000.0,ERROR
2055-10-12T14:30:19Z,R-03,Walker,Radiation,86.4,OK
2055-10-12T14:30:24Z,R-04,Hover,Radiation,246.1,OK
2055-10-12T14:30:25Z,R-01,Tracked,Radiation,494.5,WARNING
2055-10-12T14:30:30Z,R-05,Tracked,Radiation,NaN,ERROR
2055-10-12T14:30:35Z,R-05,Tracked,Temperature,-33.8,OK
2055-10-12T14:30:38Z,R-03,Walker,Radiation,99999.0,ERROR
2055-10-12T14:30:39Z,R-05,Tracked,Radiation,76.2,OK
2055-10-12T14:30:43Z,R-01,Tracked,Temperature,-23.9,OK
2055-10-12T14:30:44Z,R-03,Walker,Radiation,98.7,OK
2055-10-12T14:30:48Z,R-04,Hover,Radiation,131.1,OK
2055-10-12T14:30:52Z,R-03,Walker,Temperature,-28.1,OK
2055-10-12T14:30:55Z,R-03,Walker,Radiation,197.2,OK
2055-10-12T14:30:58Z,R-02,Hover,Radiation,168.6,OK
2055-10-12T14:31:02Z,R-03,Walker,Radiation,245.4,OK
2055-10-12T14:31:06Z,R-01,Tracked,Temperature,-45.4,OK
2055-10-12T14:31:10Z,R-04,Hover,Temperature,-71.2,OK
2055-10-12T14:31:14Z,R-05,Tracked,Atmosphere,92.6,OK
2055-10-12T14:31:17Z,R-05,Tracked,Radiation,279.3,OK
2055-10-12T14:31:22Z,R-02,Hover,Temperature,-48.1,OK
2055-10-12T14:31:24Z,R-05,Tracked,Atmosphere,99.7,OK
2055-10-12T14:31:29Z,R-01,Tracked,Radiation,99999.0,ERROR
2055-10-12T14:31:32Z,R-02,Hover,Temperature,-60.5,OK
2055-10-12T14:31:36Z,R-03,Walker,Temperature,-51.2,WARNING
2055-10-12T14:31:41Z,R-02,Hover,Radiation,,ERROR
2055-10-12T14:31:42Z,R-02,Hover,Radiation,116.1,OK
2055-10-12T14:31:43Z,R-01,Tracked,Temperature,-76.4,OK
2055-10-12T14:31:46Z,R-02,Hover,Radiation,269.4,OK
2055-10-12T14:31:49Z,R-01,Tracked,Radiation,234.6,OK
2055-10-12T14:31:53Z,R-05,Tracked,Temperature,-67.1,OK
2055-10-12T14:31:55Z,R-04,Hover,Radiation,154.6,OK
2055-10-12T14:31:58Z,R-02,Hover,Temperature,-15.0,OK
2055-10-12T14:32:01Z,R-03,Walker,Radiation,-100.0,ERROR
2055-10-12T14:32:04Z,R-02,Hover,Temperature,-14.8,OK
2055-10-12T14:32:05Z,R-03,Walker,Radiation,152.5,OK
2055-10-12T14:32:07Z,R-05,Tracked,Temperature,-67.0,OK
2055-10-12T14:32:12Z,R-03,Walker,Atmosphere,99.7,OK
2055-10-12T14:32:16Z,R-05,Tracked,Atmosphere,91.2,OK
2055-10-12T14:32:20Z,R-01,Tracked,Atmosphere,,ERROR
2055-10-12T14:32:24Z,R-03,Walker,Temperature,-47.6,OK
2055-10-12T14:32:27Z,R-04,Hover,Atmosphere,97.1,OK
2055-10-12T14:32:30Z,R-04,Hover,Temperature,-76.0,OK
2055-10-12T14:32:34Z,R-02,Hover,Temperature,-59.6,OK
2055-10-12T14:32:39Z,R-04,Hover,Atmosphere,96.9,OK
2055-10-12T14:32:44Z,R-03,Walker,Temperature,-41.0,OK
2055-10-12T14:32:45Z,R-05,Tracked,Atmosphere,91.9,ERROR
2055-10-12T14:32:49Z,R-01,Tracked,Radiation,85.7,OK
2055-10-12T14:32:53Z,R-02,Hover,Atmosphere,94.9,OK
2055-10-12T14:32:55Z,R-03,Walker,Radiation,189.0,OK
2055-10-12T14:32:58Z,R-05,Tracked,Radiation,83.1,OK
2055-10-12T14:33:00Z,R-01,Tracked,Temperature,-65.4,OK
2055-10-12T14:33:01Z,R-01,Tracked,Atmosphere,94.8,OK
2055-10-12T14:33:04Z,R-01,Tracked,Radiation,97.1,OK
2055-10-12T14:33:09Z,R-04,Hover,Atmosphere,NaN,ERROR
2055-10-12T14:33:11Z,R-05,Tracked,Atmosphere,ERR,ERROR
2055-10-12T14:33:12Z,R-04,Hover,Radiation,123.0,OK
2055-10-12T14:33:15Z,R-03,Walker,Radiation,175.2,OK
2055-10-12T14:33:17Z,R-04,Hover,Temperature,-22.6,OK
2055-10-12T14:33:18Z,R-01,Tracked,Temperature,-18.9,OK
2055-10-12T14:33:21Z,R-01,Tracked,Temperature,-65.8,OK
2055-10-12T14:33:26Z,R-03,Walker,Temperature,-9999.0,ERROR
2055-10-12T14:33:28Z,R-04,Hover,Temperature,-71.0,OK
2055-10-12T14:33:30Z,R-04,Hover,Radiation,125.6,OK
2055-10-12T14:33:35Z,R-03,Walker,Radiation,,ERROR
2055-10-12T14:33:39Z,R-01,Tracked,Atmosphere,92.9,OK
2055-10-12T14:33:44Z,R-04,Hover,Atmosphere,,ERROR
2055-10-12T14:33:47Z,R-05,Tracked,Temperature,-65.1,ERROR
2055-10-12T14:33:48Z,R-03,Walker,Atmosphere,95.9,OK
2055-10-12T14:33:51Z,R-05,Tracked,Radiation,272.2,OK
2055-10-12T14:33:54Z,R-03,Walker,Atmosphere,98.3,OK
2055-10-12T14:33:55Z,R-01,Tracked,Atmosphere,91.1,OK
2055-10-12T14:33:59Z,R-01,Tracked,Radiation,91.9,OK
2055-10-12T14:34:04Z,R-03,Walker,Atmosphere,95.4,ERROR
2055-10-12T14:34:05Z,R-04,Hover,Atmosphere,92.2,ERROR
2055-10-12T14:34:06Z,R-05,Tracked,Atmosphere,97.9,OK
2055-10-12T14:34:11Z,R-01,Tracked,Radiation,276.8,OK
2055-10-12T14:34:12Z,R-02,Hover,Radiation,219.0,OK
2055-10-12T14:34:17Z,R-05,Tracked,Temperature,-32.2,OK
2055-10-12T14:34:20Z,R-02,Hover,Temperature,-11.4,OK
2055-10-12T14:34:25Z,R-04,Hover,Atmosphere,99.7,OK
2055-10-12T14:34:26Z,R-03,Walker,Atmosphere,96.5,OK
2055-10-12T14:34:27Z,R-03,Walker,Radiation,155.8,OK
2055-10-12T14:34:29Z,R-05,Tracked,Temperature,-13.5,OK
2055-10-12T14:34:32Z,R-01,Tracked,Atmosphere,91.4,OK
2055-10-12T14:34:35Z,R-04,Hover,Temperature,-69.2,OK
2055-10-12T14:34:37Z,R-04,Hover,Temperature,-43.9,OK
2055-10-12T14:34:40Z,R-02,Hover,Temperature,-31.7,OK
2055-10-12T14:34:44Z,R-02,Hover,Temperature,-9999.0,ERROR
2055-10-12T14:34:45Z,R-02,Hover,Temperature,-12.5,OK
2055-10-12T14:34:49Z,R-02,Hover,Temperature,-41.7,OK
2055-10-12T14:34:53Z,R-02,Hover,Atmosphere,99.3,OK
2055-10-12T14:34:57Z,R-02,Hover,Temperature,-54.7,WARNING
2055-10-12T14:35:02Z,R-01,Tracked,Temperature,-12.5,OK
2055-10-12T14:35:06Z,R-04,Hover,Atmosphere,97.2,OK
2055-10-12T14:35:08Z,R-02,Hover,Atmosphere,94.4,OK
2055-10-12T14:35:10Z,R-04,Hover,Radiation,142.5,OK
2055-10-12T14:35:14Z,R-03,Walker,Atmosphere,97.4,WARNING
2055-10-12T14:35:18Z,R-04,Hover,Atmosphere,95.4,OK
2055-10-12T14:35:23Z,R-01,Tracked,Radiation,91.5,OK
2055-10-12T14:35:27Z,R-04,Hover,Atmosphere,91.1,OK
2055-10-12T14:35:32Z,R-01,Tracked,Temperature,-11.3,OK
2055-10-12T14:35:35Z,R-04,Hover,Radiation,,ERROR
2055-10-12T14:35:39Z,R-04,Hover,Atmosphere,97.7,OK
2055-10-12T14:35:41Z,R-05,Tracked,Atmosphere,90.8,OK
2055-10-12T14:35:46Z,R-04,Hover,Radiation,260.8,OK
2055-10-12T14:35:51Z,R-05,Tracked,Radiation,152.4,OK
2055-10-12T14:35:54Z,R-04,Hover,Atmosphere,93.2,OK
2055-10-12T14:35:59Z,R-03,Walker,Atmosphere,97.4,OK
2055-10-12T14:36:04Z,R-04,Hover,Temperature,-21.0,OK
2055-10-12T14:36:08Z,R-01,Tracked,Atmosphere,90.5,ERROR
2055-10-12T14:36:11Z,R-01,Tracked,Radiation,174.5,OK
2055-10-12T14:36:15Z,R-05,Tracked,Atmosphere,96.5,OK
2055-10-12T14:36:17Z,R-04,Hover,Atmosphere,95.2,OK
2055-10-12T14:36:19Z,R-01,Tracked,Atmosphere,95.9,OK
2055-10-12T14:36:23Z,R-01,Tracked,Radiation,227.2,OK
2055-10-12T14:36:28Z,R-01,Tracked,Radiation,233.2,OK
2055-10-12T14:36:29Z,R-01,Tracked,Temperature,-27.8,OK
2055-10-12T14:36:31Z,R-02,Hover,Atmosphere,98.3,OK
2055-10-12T14:36:35Z,R-05,Tracked,Radiation,,ERROR
2055-10-12T14:36:38Z,R-03,Walker,Radiation,200.0,OK
2055-10-12T14:36:42Z,R-01,Tracked,Temperature,-26.9,OK
2055-10-12T14:36:44Z,R-01,Tracked,Radiation,ERR,ERROR
2055-10-12T14:36:46Z,R-04,Hover,Atmosphere,97.1,OK
2055-10-12T14:36:50Z,R-01,Tracked,Temperature,-13.7,OK
2055-10-12T14:36:51Z,R-04,Hover,Atmosphere,94.1,OK
2055-10-12T14:36:55Z,R-03,Walker,Radiation,99.0,ERROR
2055-10-12T14:37:00Z,R-04,Hover,Radiation,174.4,OK
2055-10-12T14:37:03Z,R-04,Hover,Atmosphere,,ERROR
2055-10-12T14:37:06Z,R-02,Hover,Atmosphere,94.9,OK
2055-10-12T14:37:11Z,R-03,Walker,Temperature,-63.4,OK
2055-10-12T14:37:15Z,R-02,Hover,Radiation,55.8,OK
2055-10-12T14:37:19Z,R-05,Tracked,Temperature,-54.3,OK
2055-10-12T14:37:23Z,R-02,Hover,Temperature,-70.8,OK
2055-10-12T14:37:24Z,R-01,Tracked,Temperature,-33.2,OK
2055-10-12T14:37:25Z,R-01,Tracked,Atmosphere,95.8,OK
2055-10-12T14:37:28Z,R-01,Tracked,Radiation,188.0,OK
2055-10-12T14:37:31Z,R-05,Tracked,Radiation,175.3,OK
2055-10-12T14:37:32Z,R-02,Hover,Temperature,-58.2,OK
2055-10-12T14:37:34Z,R-03,Walker,Temperature,,ERROR
2055-10-12T14:37:37Z,R-05,Tracked,Radiation,99999.0,ERROR
2055-10-12T14:37:39Z,R-05,Tracked,Radiation,262.9,OK
2055-10-12T14:37:40Z,R-05,Tracked,Radiation,278.5,OK
2055-10-12T14:37:41Z,R-04,Hover,Temperature,-48.0,OK
2055-10-12T14:37:42Z,R-02,Hover,Temperature,-68.4,OK
2055-10-12T14:37:46Z,R-01,Tracked,Temperature,-9999.0,ERROR
2055-10-12T14:37:47Z,R-02,Hover,Atmosphere,93.3,OK
2055-10-12T14:37:50Z,R-01,Tracked,Temperature,-25.9,OK
2055-10-12T14:37:53Z,R-03,Walker,Radiation,289.1,OK
2055-10-12T14:37:58Z,R-04,Hover,Atmosphere,93.2,OK
2055-10-12T14:38:02Z,R-03,Walker,Atmosphere,95.6,OK
2055-10-12T14:38:03Z,R-01,Tracked,Atmosphere,92.5,OK
2055-10-12T14:38:04Z,R-01,Tracked,Radiation,271.3,OK
2055-10-12T14:38:05Z,R-04,Hover,Temperature,-56.2,ERROR
2055-10-12T14:38:09Z,R-01,Tracked,Temperature,-59.9,OK
2055-10-12T14:38:13Z,R-05,Tracked,Atmosphere,94.6,OK
2055-10-12T14:38:14Z,R-05,Tracked,Atmosphere,92.6,OK
2055-10-12T14:38:15Z,R-04,Hover,Temperature,-25.7,OK
2055-10-12T14:38:19Z,R-01,Tracked,Radiation,99999.0,ERROR
2055-10-12T14:38:22Z,R-04,Hover,Temperature,-46.3,WARNING
2055-10-12T14:38:26Z,R-03,Walker,Atmosphere,98.1,OK
2055-10-12T14:38:27Z,R-02,Hover,Radiation,289.4,OK
2055-10-12T14:38:29Z,R-05,Tracked,Temperature,-37.3,OK
2055-10-12T14:38:33Z,R-05,Tracked,Radiation,52.6,OK
2055-10-12T14:38:38Z,R-01,Tracked,Temperature,-57.8,OK
2055-10-12T14:38:39Z,R-01,Tracked,Temperature,-31.0,OK
2055-10-12T14:38:43Z,R-02,Hover,Radiation,148.3,OK
2055-10-12T14:38:44Z,R-04,Hover,Atmosphere,91.8,OK
2055-10-12T14:38:49Z,R-01,Tracked,Radiation,222.9,OK
2055-10-12T14:38:50Z,R-04,Hover,Radiation,175.8,OK
2055-10-12T14:38:51Z,R-04,Hover,Temperature,-68.1,OK
2055-10-12T14:38:55Z,R-02,Hover,Atmosphere,99.7,OK
2055-10-12T14:38:58Z,R-05,Tracked,Atmosphere,95.1,OK
2055-10-12T14:38:59Z,R-01,Tracked,Atmosphere,91.6,OK
2055-10-12T14:39:04Z,R-05,Tracked,Atmosphere,NULL,ERROR
2055-10-12T14:39:07Z,R-03,Walker,Temperature,-73.3,ERROR
2055-10-12T14:39:12Z,R-05,Tracked,Temperature,-74.9,OK
2055-10-12T14:39:16Z,R-02,Hover,Atmosphere,93.9,OK
2055-10-12T14:39:18Z,R-01,Tracked,Temperature,ERR,ERROR
2055-10-12T14:39:22Z,R-03,Walker,Atmosphere,,ERROR
2055-10-12T14:39:24Z,R-03,Walker,Radiation,198.0,OK
2055-10-12T14:39:29Z,R-05,Tracked,Radiation,60.3,OK
2055-10-12T14:39:30Z,R-02,Hover,Radiation,56.4,OK
2055-10-12T14:39:33Z,R-04,Hover,Atmosphere,93.1,OK
2055-10-12T14:39:34Z,R-01,Tracked,Atmosphere,95.6,OK
2055-10-12T14:39:35Z,R-01,Tracked,Radiation,251.7,OK
2055-10-12T14:39:39Z,R-02,Hover,Radiation,75.4,OK
2055-10-12T14:39:44Z,R-01,Tracked,Atmosphere,92.6,OK
2055-10-12T14:39:47Z,R-01,Tracked,Radiation,116.0,OK
2055-10-12T14:39:52Z,R-01,Tracked,Temperature,-67.3,OK
2055-10-12T14:39:56Z,R-01,Tracked,Radiation,122.7,ERROR
2055-10-12T14:39:58Z,R-05,Tracked,Atmosphere,96.1,OK
2055-10-12T14:40:01Z,R-03,Walker,Atmosphere,97.7,WARNING
2055-10-12T14:40:06Z,R-01,Tracked,Radiation,-100.0,ERROR
2055-10-12T14:40:11Z,R-05,Tracked,Atmosphere,98.8,OK
2055-10-12T14:40:15Z,R-02,Hover,Temperature,-48.7,ERROR
2055-10-12T14:40:16Z,R-05,Tracked,Radiation,N/A,ERROR
2055-10-12T14:40:19Z,R-05,Tracked,Atmosphere,95.1,OK
2055-10-12T14:40:20Z,R-05,Tracked,Radiation,99999.0,ERROR
2055-10-12T14:40:24Z,R-01,Tracked,Temperature,-9999.0,ERROR
2055-10-12T14:40:27Z,R-03,Walker,Radiation,279.9,OK
2055-10-12T14:40:28Z,R-02,Hover,Radiation,123.2,OK
2055-10-12T14:40:33Z,R-03,Walker,Radiation,260.3,OK
2055-10-12T14:40:38Z,R-04,Hover,Atmosphere,90.1,ERROR
2055-10-12T14:40:40Z,R-04,Hover,Radiation,197.1,OK
2055-10-12T14:40:45Z,R-05,Tracked,Radiation,157.9,OK
2055-10-12T14:40:47Z,R-04,Hover,Temperature,-66.0,OK
2055-10-12T14:40:50Z,R-02,Hover,Radiation,190.5,OK
2055-10-12T14:40:54Z,R-03,Walker,Temperature,-31.2,OK
2055-10-12T14:40:56Z,R-04,Hover,Atmosphere,99.2,OK
2055-10-12T14:41:00Z,R-02,Hover,Radiation,101.5,OK
2055-10-12T14:41:03Z,R-04,Hover,Atmosphere,97.8,OK
2055-10-12T14:41:05Z,R-01,Tracked,Temperature,-42.1,OK
2055-10-12T14:41:06Z,R-04,Hover,Temperature,-12.7,OK
2055-10-12T14:41:10Z,R-04,Hover,Temperature,-56.4,OK
2055-10-12T14:41:11Z,R-04,Hover,Temperature,-74.6,OK
2055-10-12T14:41:12Z,R-02,Hover,Atmosphere,99.7,ERROR
2055-10-12T14:41:17Z,R-01,Tracked,Atmosphere,93.8,OK
2055-10-12T14:41:19Z,R-02,Hover,Radiation,234.2,OK
2055-10-12T14:41:23Z,R-04,Hover,Radiation,211.7,OK
2055-10-12T14:41:26Z,R-03,Walker,Radiation,262.5,OK
2055-10-12T14:41:29Z,R-04,Hover,Radiation,58.9,OK
2055-10-12T14:41:31Z,R-01,Tracked,Temperature,-55.3,OK
2055-10-12T14:41:36Z,R-04,Hover,Radiation,140.5,OK
2055-10-12T14:41:41Z,R-03,Walker,Temperature,-23.1,OK
2055-10-12T14:41:43Z,R-04,Hover,Radiation,207.5,OK
2055-10-12T14:41:46Z,R-05,Tracked,Radiation,247.7,OK
2055-10-12T14:41:51Z,R-05,Tracked,Radiation,92.4,OK
2055-10-12T14:41:52Z,R-05,Tracked,Temperature,-44.8,OK
2055-10-12T14:41:55Z,R-03,Walker,Atmosphere,93.4,OK
2055-10-12T14:42:00Z,R-03,Walker,Atmosphere,99.2,OK
2055-10-12T14:42:01Z,R-03,Walker,Atmosphere,91.5,OK
2055-10-12T14:42:05Z,R-02,Hover,Atmosphere,94.4,OK
2055-10-12T14:42:07Z,R-03,Walker,Temperature,-25.5,OK
2055-10-12T14:42:09Z,R-01,Tracked,Temperature,#VALUE!,ERROR
2055-10-12T14:42:12Z,R-04,Hover,Radiation,NaN,ERROR
2055-10-12T14:42:14Z,R-05,Tracked,Temperature,,ERROR
2055-10-12T14:42:16Z,R-04,Hover,Radiation,160.2,OK
2055-10-12T14:42:21Z,R-01,Tracked,Radiation,-100.0,ERROR
2055-10-12T14:42:26Z,R-05,Tracked,Atmosphere,93.0,OK
2055-10-12T14:42:27Z,R-03,Walker,Temperature,-51.9,OK
2055-10-12T14:42:30Z,R-01,Tracked,Radiation,128.5,OK
2055-10-12T14:42:35Z,R-04,Hover,Radiation,171.7,OK
2055-10-12T14:42:36Z,R-01,Tracked,Temperature,-18.7,OK
2055-10-12T14:42:39Z,R-05,Tracked,Atmosphere,97.8,OK
2055-10-12T14:42:41Z,R-03,Walker,Atmosphere,96.2,OK
2055-10-12T14:42:45Z,R-01,Tracked,Atmosphere,96.1,OK
2055-10-12T14:42:49Z,R-01,Tracked,Temperature,-51.2,OK
2055-10-12T14:42:51Z,R-04,Hover,Radiation,108.6,OK
2055-10-12T14:42:53Z,R-02,Hover,Radiation,-100.0,ERROR
2055-10-12T14:42:55Z,R-02,Hover,Radiation,238.1,OK
2055-10-12T14:43:00Z,R-03,Walker,Temperature,-47.6,OK
2055-10-12T14:43:01Z,R-01,Tracked,Atmosphere,,ERROR
2055-10-12T14:43:05Z,R-04,Hover,Radiation,419.6,WARNING
2055-10-12T14:43:09Z,R-03,Walker,Temperature,-79.5,OK
2055-10-12T14:43:12Z,R-01,Tracked,Atmosphere,97.6,WARNING
2055-10-12T14:43:14Z,R-03,Walker,Temperature,-69.7,OK
2055-10-12T14:43:18Z,R-04,Hover,Radiation,70.1,OK
2055-10-12T14:43:23Z,R-01,Tracked,Atmosphere,92.0,OK
2055-10-12T14:43:25Z,R-01,Tracked,Radiation,122.8,OK
2055-10-12T14:43:30Z,R-04,Hover,Radiation,296.6,OK
2055-10-12T14:43:33Z,R-03,Walker,Atmosphere,91.6,ERROR
2055-10-12T14:43:36Z,R-05,Tracked,Radiation,296.8,OK
2055-10-12T14:43:37Z,R-05,Tracked,Radiation,136.3,OK
2055-10-12T14:43:41Z,R-01,Tracked,Radiation,,ERROR
2055-10-12T14:43:45Z,R-03,Walker,Atmosphere,99.9,OK
2055-10-12T14:43:50Z,R-02,Hover,Temperature,-16.4,OK
2055-10-12T14:43:55Z,R-01,Tracked,Atmosphere,95.6,OK
2055-10-12T14:43:58Z,R-01,Tracked,Radiation,156.4,OK
2055-10-12T14:44:01Z,R-05,Tracked,Radiation,276.0,OK
2055-10-12T14:44:02Z,R-03,Walker,Atmosphere,96.7,OK
2055-10-12T14:44:04Z,R-04,Hover,Temperature,-53.8,OK
2055-10-12T14:44:07Z,R-02,Hover,Radiation,246.9,OK
2055-10-12T14:44:08Z,R-03,Walker,Atmosphere,99.2,OK
2055-10-12T14:44:13Z,R-02,Hover,Atmosphere,91.8,OK
2055-10-12T14:44:15Z,R-02,Hover,Atmosphere,95.9,OK
2055-10-12T14:44:16Z,R-01,Tracked,Radiation,241.8,OK
2055-10-12T14:44:18Z,R-02,Hover,Radiation,227.1,OK
2055-10-12T14:44:23Z,R-05,Tracked,Temperature,-69.2,OK
2055-10-12T14:44:28Z,R-02,Hover,Radiation,291.9,OK
2055-10-12T14:44:29Z,R-05,Tracked,Radiation,261.3,OK
2055-10-12T14:44:33Z,R-01,Tracked,Temperature,-16.9,OK
2055-10-12T14:44:36Z,R-05,Tracked,Radiation,207.9,OK
2055-10-12T14:44:41Z,R-03,Walker,Atmosphere,91.2,OK
2055-10-12T14:44:46Z,R-05,Tracked,Radiation,154.2,OK
2055-10-12T14:44:50Z,R-04,Hover,Temperature,-44.4,OK
2055-10-12T14:44:51Z,R-05,Tracked,Atmosphere,94.0,OK
2055-10-12T14:44:53Z,R-05,Tracked,Temperature,-49.7,OK
2055-10-12T14:44:54Z,R-05,Tracked,Atmosphere,91.7,OK
2055-10-12T14:44:55Z,R-03,Walker,Atmosphere,93.6,OK
2055-10-12T14:44:56Z,R-03,Walker,Temperature,-41.0,OK
2055-10-12T14:45:00Z,R-05,Tracked,Atmosphere,94.5,OK
2055-10-12T14:45:04Z,R-03,Walker,Radiation,N/A,ERROR
2055-10-12T14:45:08Z,R-01,Tracked,Radiation,,ERROR
2055-10-12T14:45:10Z,R-05,Tracked,Radiation,109.7,OK
2055-10-12T14:45:15Z,R-01,Tracked,Temperature,-41.9,OK
2055-10-12T14:45:20Z,R-01,Tracked,Atmosphere,97.4,OK
2055-10-12T14:45:21Z,R-03,Walker,Radiation,111.8,OK
2055-10-12T14:45:22Z,R-03,Walker,Temperature,-12.8,OK
2055-10-12T14:45:26Z,R-01,Tracked,Temperature,-42.4,OK
2055-10-12T14:45:29Z,R-03,Walker,Radiation,240.4,OK
2055-10-12T14:45:32Z,R-04,Hover,Radiation,70.9,ERROR
2055-10-12T14:45:33Z,R-03,Walker,Radiation,263.7,ERROR
2055-10-12T14:45:36Z,R-03,Walker,Temperature,-27.0,OK
2055-10-12T14:45:38Z,R-01,Tracked,Temperature,-69.9,OK
2055-10-12T14:45:39Z,R-04,Hover,Temperature,-51.9,OK
2055-10-12T14:45:43Z,R-05,Tracked,Temperature,-16.9,OK
2055-10-12T14:45:45Z,R-02,Hover,Radiation,99999.0,ERROR
2055-10-12T14:45:47Z,R-04,Hover,Radiation,133.2,OK
2055-10-12T14:45:51Z,R-02,Hover,Radiation,79.6,OK
2055-10-12T14:45:56Z,R-03,Walker,Atmosphere,91.1,OK
2055-10-12T14:45:58Z,R-03,Walker,Atmosphere,95.1,OK
2055-10-12T14:46:02Z,R-01,Tracked,Radiation,,ERROR
2055-10-12T14:46:05Z,R-01,Tracked,Radiation,141.1,OK
2055-10-12T14:46:07Z,R-02,Hover,Temperature,,ERROR
2055-10-12T14:46:08Z,R-01,Tracked,Temperature,-27.4,OK
2055-10-12T14:46:12Z,R-04,Hover,Temperature,-33.5,OK
2055-10-12T14:46:14Z,R-05,Tracked,Temperature,-72.3,OK
2055-10-12T14:46:19Z,R-03,Walker,Radiation,92.3,OK
2055-10-12T14:46:24Z,R-03,Walker,Radiation,162.7,OK
2055-10-12T14:46:27Z,R-01,Tracked,Temperature,-19.5,WARNING
2055-10-12T14:46:30Z,R-02,Hover,Radiation,,ERROR
2055-10-12T14:46:35Z,R-04,Hover,Temperature,-33.6,OK
2055-10-12T14:46:37Z,R-03,Walker,Temperature,-78.9,OK
2055-10-12T14:46:38Z,R-05,Tracked,Temperature,-58.5,OK
2055-10-12T14:46:40Z,R-03,Walker,Temperature,-20.7,OK
2055-10-12T14:46:42Z,R-04,Hover,Temperature,-18.5,WARNING
2055-10-12T14:46:43Z,R-01,Tracked,Temperature,-25.8,OK
2055-10-12T14:46:44Z,R-04,Hover,Temperature,-40.2,OK
2055-10-12T14:46:47Z,R-02,Hover,Radiation,99999.0,ERROR
2055-10-12T14:46:49Z,R-02,Hover,Atmosphere,95.7,OK
2055-10-12T14:46:54Z,R-05,Tracked,Temperature,-63.8,OK
2055-10-12T14:46:59Z,R-04,Hover,Atmosphere,97.2,OK
2055-10-12T14:47:01Z,R-04,Hover,Atmosphere,91.3,OK
2055-10-12T14:47:06Z,R-03,Walker,Atmosphere,97.4,OK
2055-10-12T14:47:09Z,R-03,Walker,Atmosphere,91.7,OK
2055-10-12T14:47:10Z,R-01,Tracked,Temperature,-12.5,OK
2055-10-12T14:47:14Z,R-05,Tracked,Temperature,-14.4,OK
2055-10-12T14:47:16Z,R-03,Walker,Radiation,86.1,OK
2055-10-12T14:47:21Z,R-05,Tracked,Atmosphere,97.4,OK
2055-10-12T14:47:23Z,R-05,Tracked,Radiation,N/A,ERROR
2055-10-12T14:47:25Z,R-01,Tracked,Atmosphere,98.1,OK
2055-10-12T14:47:28Z,R-03,Walker,Radiation,412.9,WARNING
2055-10-12T14:47:31Z,R-03,Walker,Temperature,-32.1,OK
2055-10-12T14:47:33Z,R-03,Walker,Radiation,163.9,OK
2055-10-12T14:47:37Z,R-01,Tracked,Atmosphere,93.6,OK
2055-10-12T14:47:38Z,R-03,Walker,Radiation,258.9,OK
2055-10-12T14:47:40Z,R-03,Walker,Temperature,-9999.0,ERROR
2055-10-12T14:47:44Z,R-01,Tracked,Radiation,#VALUE!,ERROR
2055-10-12T14:47:48Z,R-01,Tracked,Atmosphere,99.0,OK
2055-10-12T14:47:49Z,R-01,Tracked,Temperature,-68.2,OK
2055-10-12T14:47:51Z,R-02,Hover,Radiation,256.1,OK
2055-10-12T14:47:56Z,R-02,Hover,Radiation,296.2,OK
2055-10-12T14:48:01Z,R-04,Hover,Temperature,-51.2,OK
2055-10-12T14:48:06Z,R-04,Hover,Temperature,-66.5,OK
2055-10-12T14:48:07Z,R-02,Hover,Radiation,178.2,OK
2055-10-12T14:48:08Z,R-01,Tracked,Radiation,NaN,ERROR
2055-10-12T14:48:10Z,R-04,Hover,Atmosphere,90.8,OK
2055-10-12T14:48:12Z,R-05,Tracked,Radiation,287.0,OK
2055-10-12T14:48:17Z,R-04,Hover,Radiation,222.0,OK
2055-10-12T14:48:18Z,R-04,Hover,Radiation,110.2,OK
2055-10-12T14:48:22Z,R-01,Tracked,Temperature,-30.1,OK
2055-10-12T14:48:25Z,R-02,Hover,Radiation,,ERROR
2055-10-12T14:48:29Z,R-04,Hover,Atmosphere,94.0,OK
2055-10-12T14:48:33Z,R-01,Tracked,Atmosphere,98.8,OK
2055-10-12T14:48:38Z,R-03,Walker,Atmosphere,94.0,OK
2055-10-12T14:48:39Z,R-02,Hover,Radiation,163.0,OK
2055-10-12T14:48:41Z,R-03,Walker,Temperature,-23.5,OK
2055-10-12T14:48:42Z,R-05,Tracked,Radiation,103.4,OK
2055-10-12T14:48:43Z,R-01,Tracked,Radiation,221.3,OK
2055-10-12T14:48:47Z,R-01,Tracked,Temperature,-56.3,OK
2055-10-12T14:48:52Z,R-02,Hover,Atmosphere,96.0,OK
2055-10-12T14:48:53Z,R-01,Tracked,Atmosphere,,ERROR
2055-10-12T14:48:57Z,R-01,Tracked,Atmosphere,95.2,OK
2055-10-12T14:48:59Z,R-01,Tracked,Radiation,53.9,OK
2055-10-12T14:49:03Z,R-01,Tracked,Temperature,-67.3,OK
2055-10-12T14:49:04Z,R-01,Tracked,Radiation,210.2,OK
2055-10-12T14:49:06Z,R-05,Tracked,Temperature,-25.8,OK
2055-10-12T14:49:09Z,R-01,Tracked,Temperature,-43.3,OK
2055-10-12T14:49:12Z,R-03,Walker,Temperature,ERR,ERROR
2055-10-12T14:49:13Z,R-02,Hover,Atmosphere,90.2,OK
2055-10-12T14:49:16Z,R-05,Tracked,Atmosphere,NaN,ERROR
2055-10-12T14:49:18Z,R-03,Walker,Radiation,79.9,OK
2055-10-12T14:49:20Z,R-01,Tracked,Temperature,-64.0,OK
2055-10-12T14:49:23Z,R-05,Tracked,Radiation,154.7,OK
2055-10-12T14:49:27Z,R-01,Tracked,Radiation,158.1,OK
2055-10-12T14:49:30Z,R-04,Hover,Temperature,-74.7,OK
2055-10-12T14:49:35Z,R-05,Tracked,Atmosphere,94.1,OK
2055-10-12T14:49:38Z,R-02,Hover,Radiation,288.4,ERROR
2055-10-12T14:49:40Z,R-05,Tracked,Radiation,278.7,OK
2055-10-12T14:49:44Z,R-05,Tracked,Temperature,-11.0,WARNING
2055-10-12T14:49:49Z,R-01,Tracked,Atmosphere,98.8,OK
2055-10-12T14:49:51Z,R-04,Hover,Radiation,143.7,OK
2055-10-12T14:49:52Z,R-04,Hover,Radiation,101.6,OK
2055-10-12T14:49:56Z,R-01,Tracked,Atmosphere,95.3,OK
2055-10-12T14:50:00Z,R-02,Hover,Temperature,-46.3,WARNING
2055-10-12T14:50:04Z,R-05,Tracked,Radiation,447.9,WARNING
2055-10-12T14:50:09Z,R-05,Tracked,Radiation,101.2,OK
2055-10-12T14:50:12Z,R-03,Walker,Atmosphere,96.0,OK
2055-10-12T14:50:14Z,R-03,Walker,Radiation,287.3,OK
2055-10-12T14:50:18Z,R-01,Tracked,Temperature,-35.5,WARNING
2055-10-12T14:50:19Z,R-02,Hover,Atmosphere,NaN,ERROR
2055-10-12T14:50:23Z,R-05,Tracked,Temperature,,ERROR
2055-10-12T14:50:27Z,R-03,Walker,Radiation,160.4,OK
2055-10-12T14:50:31Z,R-01,Tracked,Radiation,-100.0,ERROR
2055-10-12T14:50:34Z,R-05,Tracked,Radiation,64.3,OK
2055-10-12T14:50:37Z,R-03,Walker,Radiation,100.1,OK
2055-10-12T14:50:39Z,R-04,Hover,Atmosphere,94.7,OK
2055-10-12T14:50:43Z,R-04,Hover,Atmosphere,97.3,OK
2055-10-12T14:50:45Z,R-04,Hover,Radiation,ERR,ERROR
2055-10-12T14:50:47Z,R-02,Hover,Atmosphere,94.9,OK
2055-10-12T14:50:51Z,R-01,Tracked,Temperature,-26.4,OK
2055-10-12T14:50:54Z,R-04,Hover,Temperature,-72.4,OK
2055-10-12T14:50:55Z,R-03,Walker,Atmosphere,90.7,WARNING
2055-10-12T14:50:57Z,R-05,Tracked,Radiation,273.1,OK
2055-10-12T14:51:00Z,R-03,Walker,Temperature,-67.5,OK
2055-10-12T14:51:02Z,R-03,Walker,Radiation,256.4,OK
2055-10-12T14:51:04Z,R-04,Hover,Temperature,-69.2,OK
2055-10-12T14:51:09Z,R-02,Hover,Radiation,77.3,OK
2055-10-12T14:51:14Z,R-03,Walker,Radiation,59.3,OK
2055-10-12T14:51:16Z,R-03,Walker,Atmosphere,,ERROR
2055-10-12T14:51:18Z,R-05,Tracked,Atmosphere,99.5,OK
2055-10-12T14:51:20Z,R-01,Tracked,Radiation,246.3,ERROR
2055-10-12T14:51:22Z,R-02,Hover,Atmosphere,97.1,OK
2055-10-12T14:51:26Z,R-04,Hover,Atmosphere,94.0,OK
2055-10-12T14:51:27Z,R-04,Hover,Atmosphere,,ERROR
2055-10-12T14:51:29Z,R-05,Tracked,Atmosphere,92.8,OK
2055-10-12T14:51:32Z,R-03,Walker,Radiation,115.6,OK
2055-10-12T14:51:35Z,R-02,Hover,Radiation,229.7,OK
2055-10-12T14:51:36Z,R-03,Walker,Radiation,-100.0,ERROR
2055-10-12T14:51:40Z,R-03,Walker,Atmosphere,,ERROR
2055-10-12T14:51:44Z,R-01,Tracked,Temperature,-44.2,OK
2055-10-12T14:51:47Z,R-03,Walker,Atmosphere,90.1,OK
2055-10-12T14:51:49Z,R-03,Walker,Atmosphere,94.0,OK
2055-10-12T14:51:52Z,R-03,Walker,Atmosphere,96.4,OK
2055-10-12T14:51:55Z,R-05,Tracked,Radiation,224.9,OK
2055-10-12T14:51:57Z,R-03,Walker,Radiation,269.5,OK
2055-10-12T14:52:01Z,R-04,Hover,Atmosphere,99.7,OK
2055-10-12T14:52:03Z,R-01,Tracked,Atmosphere,90.4,OK
2055-10-12T14:52:05Z,R-02,Hover,Temperature,-18.7,OK
2055-10-12T14:52:10Z,R-04,Hover,Atmosphere,91.2,OK
2055-10-12T14:52:12Z,R-05,Tracked,Temperature,-19.5,OK
2055-10-12T14:52:17Z,R-01,Tracked,Atmosphere,90.4,OK
2055-10-12T14:52:21Z,R-05,Tracked,Radiation,131.0,OK
2055-10-12T14:52:24Z,R-04,Hover,Temperature,-19.7,OK
2055-10-12T14:52:29Z,R-03,Walker,Atmosphere,99.7,OK
2055-10-12T14:52:34Z,R-02,Hover,Atmosphere,98.7,OK
2055-10-12T14:52:36Z,R-02,Hover,Temperature,-10.6,OK
2055-10-12T14:52:39Z,R-01,Tracked,Temperature,-77.4,OK
2055-10-12T14:52:42Z,R-04,Hover,Atmosphere,96.5,OK
2055-10-12T14:52:45Z,R-02,Hover,Radiation,72.0,OK
2055-10-12T14:52:47Z,R-05,Tracked,Atmosphere,91.4,OK
2055-10-12T14:52:50Z,R-04,Hover,Radiation,274.7,ERROR
2055-10-12T14:52:53Z,R-05,Tracked,Atmosphere,98.4,OK
2055-10-12T14:52:56Z,R-03,Walker,Atmosphere,92.3,OK
2055-10-12T14:53:00Z,R-01,Tracked,Atmosphere,93.6,OK
2055-10-12T14:53:02Z,R-01,Tracked,Radiation,127.3,OK
2055-10-12T14:53:04Z,R-04,Hover,Radiation,,ERROR
2055-10-12T14:53:08Z,R-05,Tracked,Temperature,-21.1,OK
2055-10-12T14:53:09Z,R-04,Hover,Temperature,-38.1,OK
2055-10-12T14:53:13Z,R-05,Tracked,Atmosphere,97.6,OK
2055-10-12T14:53:17Z,R-01,Tracked,Temperature,N/A,ERROR
2055-10-12T14:53:19Z,R-04,Hover,Atmosphere,92.6,OK
2055-10-12T14:53:23Z,R-04,Hover,Radiation,259.8,OK
2055-10-12T14:53:24Z,R-01,Tracked,Radiation,97.9,OK
2055-10-12T14:53:27Z,R-02,Hover,Temperature,-27.4,OK
2055-10-12T14:53:28Z,R-04,Hover,Radiation,64.9,OK
2055-10-12T14:53:31Z,R-02,Hover,Temperature,-61.4,OK
2055-10-12T14:53:34Z,R-03,Walker,Temperature,-10.5,OK
2055-10-12T14:53:39Z,R-05,Tracked,Radiation,242.7,OK
2055-10-12T14:53:42Z,R-04,Hover,Temperature,-28.6,OK
2055-10-12T14:53:47Z,R-02,Hover,Atmosphere,97.1,OK
2055-10-12T14:53:48Z,R-02,Hover,Atmosphere,,ERROR
2055-10-12T14:53:51Z,R-03,Walker,Temperature,-17.5,OK
2055-10-12T14:53:55Z,R-04,Hover,Radiation,115.2,OK
2055-10-12T14:53:56Z,R-03,Walker,Atmosphere,91.4,OK
2055-10-12T14:53:57Z,R-01,Tracked,Atmosphere,,ERROR
2055-10-12T14:54:01Z,R-03,Walker,Temperature,-16.4,OK
2055-10-12T14:54:03Z,R-02,Hover,Radiation,297.7,OK
2055-10-12T14:54:07Z,R-04,Hover,Radiation,101.5,OK
2055-10-12T14:54:11Z,R-03,Walker,Radiation,281.3,OK
2055-10-12T14:54:14Z,R-03,Walker,Atmosphere,91.1,OK
2055-10-12T14:54:16Z,R-01,Tracked,Temperature,-52.4,OK
2055-10-12T14:54:20Z,R-02,Hover,Atmosphere,96.2,OK
2055-10-12T14:54:22Z,R-01,Tracked,Atmosphere,96.8,ERROR
2055-10-12T14:54:24Z,R-05,Tracked,Temperature,-11.9,OK
2055-10-12T14:54:25Z,R-02,Hover,Temperature,-72.9,OK
2055-10-12T14:54:26Z,R-01,Tracked,Temperature,-46.9,OK
2055-10-12T14:54:30Z,R-05,Tracked,Temperature,-16.9,OK
2055-10-12T14:54:33Z,R-05,Tracked,Atmosphere,90.9,OK
2055-10-12T14:54:37Z,R-01,Tracked,Radiation,186.5,OK
2055-10-12T14:54:38Z,R-01,Tracked,Temperature,-71.1,OK
2055-10-12T14:54:41Z,R-01,Tracked,Radiation,99999.0,ERROR
2055-10-12T14:54:46Z,R-03,Walker,Radiation,235.0,OK
2055-10-12T14:54:47Z,R-04,Hover,Atmosphere,,ERROR
2055-10-12T14:54:51Z,R-01,Tracked,Radiation,266.1,OK
2055-10-12T14:54:52Z,R-03,Walker,Atmosphere,96.1,OK
2055-10-12T14:54:53Z,R-05,Tracked,Radiation,168.1,OK
2055-10-12T14:54:54Z,R-01,Tracked,Atmosphere,94.4,OK
2055-10-12T14:54:57Z,R-03,Walker,Temperature,-64.7,OK
2055-10-12T14:55:02Z,R-03,Walker,Atmosphere,96.5,OK
2055-10-12T14:55:04Z,R-01,Tracked,Temperature,-21.6,OK
2055-10-12T14:55:07Z,R-02,Hover,Temperature,-49.4,OK
2055-10-12T14:55:12Z,R-02,Hover,Radiation,60.9,OK
2055-10-12T14:55:14Z,R-02,Hover,Radiation,179.4,OK
2055-10-12T14:55:18Z,R-05,Tracked,Atmosphere,93.1,OK
2055-10-12T14:55:22Z,R-05,Tracked,Atmosphere,91.8,OK
2055-10-12T14:55:23Z,R-01,Tracked,Radiation,260.1,OK
2055-10-12T14:55:27Z,R-03,Walker,Temperature,-20.2,OK
2055-10-12T14:55:28Z,R-04,Hover,Radiation,136.0,OK
2055-10-12T14:55:33Z,R-05,Tracked,Radiation,164.2,OK
2055-10-12T14:55:37Z,R-05,Tracked,Atmosphere,90.9,OK
2055-10-12T14:55:41Z,R-03,Walker,Temperature,-78.8,OK
2055-10-12T14:55:45Z,R-03,Walker,Atmosphere,96.9,OK
2055-10-12T14:55:47Z,R-04,Hover,Temperature,-19.6,OK
2055-10-12T14:55:49Z,R-03,Walker,Temperature,-13.9,OK
2055-10-12T14:55:51Z,R-04,Hover,Radiation,268.9,OK
2055-10-12T14:55:54Z,R-02,Hover,Radiation,135.5,OK
2055-10-12T14:55:59Z,R-02,Hover,Temperature,-40.9,OK
2055-10-12T14:56:01Z,R-04,Hover,Radiation,197.8,OK
2055-10-12T14:56:03Z,R-02,Hover,Radiation,261.2,OK
2055-10-12T14:56:06Z,R-04,Hover,Atmosphere,92.0,OK
2055-10-12T14:56:07Z,R-02,Hover,Atmosphere,90.1,ERROR
2055-10-12T14:56:09Z,R-04,Hover,Temperature,-55.2,OK
2055-10-12T14:56:11Z,R-05,Tracked,Temperature,-38.9,OK
2055-10-12T14:56:16Z,R-03,Walker,Radiation,219.7,OK
2055-10-12T14:56:21Z,R-02,Hover,Radiation,126.8,OK
2055-10-12T14:56:22Z,R-01,Tracked,Radiation,#VALUE!,ERROR
2055-10-12T14:56:25Z,R-02,Hover,Radiation,129.1,OK
2055-10-12T14:56:26Z,R-01,Tracked,Radiation,191.0,OK
2055-10-12T14:56:29Z,R-02,Hover,Temperature,-70.4,OK
2055-10-12T14:56:32Z,R-05,Tracked,Temperature,-48.5,OK
2055-10-12T14:56:34Z,R-03,Walker,Radiation,111.3,OK
2055-10-12T14:56:37Z,R-03,Walker,Atmosphere,94.6,OK
2055-10-12T14:56:41Z,R-03,Walker,Radiation,137.0,OK
2055-10-12T14:56:43Z,R-04,Hover,Atmosphere,95.1,OK
2055-10-12T14:56:44Z,R-05,Tracked,Atmosphere,,ERROR
2055-10-12T14:56:46Z,R-04,Hover,Atmosphere,97.3,OK
2055-10-12T14:56:51Z,R-03,Walker,Temperature,-35.4,OK
2055-10-12T14:56:55Z,R-05,Tracked,Temperature,-78.2,OK
2055-10-12T14:56:57Z,R-02,Hover,Temperature,-51.0,OK
2055-10-12T14:56:59Z,R-03,Walker,Radiation,144.7,OK
2055-10-12T14:57:04Z,R-04,Hover,Atmosphere,99.1,OK
2055-10-12T14:57:09Z,R-03,Walker,Radiation,52.4,OK
2055-10-12T14:57:10Z,R-01,Tracked,Radiation,140.7,OK
2055-10-12T14:57:15Z,R-05,Tracked,Radiation,71.9,OK
2055-10-12T14:57:17Z,R-01,Tracked,Radiation,124.8,OK
2055-10-12T14:57:19Z,R-02,Hover,Atmosphere,92.2,OK
2055-10-12T14:57:23Z,R-03,Walker,Atmosphere,93.6,OK
2055-10-12T14:57:25Z,R-03,Walker,Atmosphere,97.5,OK
2055-10-12T14:57:26Z,R-04,Hover,Temperature,-31.7,WARNING
2055-10-12T14:57:29Z,R-04,Hover,Temperature,-22.4,OK
2055-10-12T14:57:32Z,R-03,Walker,Radiation,166.3,OK
2055-10-12T14:57:36Z,R-02,Hover,Radiation,182.6,OK
2055-10-12T14:57:38Z,R-04,Hover,Temperature,-14.4,WARNING
2055-10-12T14:57:42Z,R-01,Tracked,Radiation,94.3,OK
2055-10-12T14:57:44Z,R-03,Walker,Atmosphere,92.2,OK
2055-10-12T14:57:48Z,R-03,Walker,Temperature,-27.5,OK
2055-10-12T14:57:51Z,R-03,Walker,Temperature,-37.8,OK
2055-10-12T14:57:56Z,R-01,Tracked,Atmosphere,98.1,OK
2055-10-12T14:58:01Z,R-04,Hover,Temperature,-78.9,OK
2055-10-12T14:58:04Z,R-03,Walker,Temperature,-78.9,OK
2055-10-12T14:58:06Z,R-02,Hover,Temperature,-20.5,OK
2055-10-12T14:58:08Z,R-04,Hover,Temperature,-66.6,OK
2055-10-12T14:58:10Z,R-05,Tracked,Atmosphere,91.7,WARNING
2055-10-12T14:58:11Z,R-05,Tracked,Atmosphere,99.1,OK
2055-10-12T14:58:12Z,R-02,Hover,Atmosphere,98.8,ERROR
2055-10-12T14:58:14Z,R-04,Hover,Radiation,205.3,OK
2055-10-12T14:58:18Z,R-01,Tracked,Temperature,-68.9,OK
2055-10-12T14:58:23Z,R-02,Hover,Atmosphere,96.2,OK
2055-10-12T14:58:28Z,R-01,Tracked,Atmosphere,#VALUE!,ERROR
2055-10-12T14:58:33Z,R-05,Tracked,Radiation,102.9,OK
2055-10-12T14:58:37Z,R-01,Tracked,Radiation,206.0,OK
2055-10-12T14:58:41Z,R-03,Walker,Radiation,284.1,OK
2055-10-12T14:58:46Z,R-03,Walker,Temperature,-68.2,OK
2055-10-12T14:58:51Z,R-04,Hover,Radiation,145.6,OK
2055-10-12T14:58:56Z,R-03,Walker,Temperature,-15.7,WARNING
2055-10-12T14:58:59Z,R-05,Tracked,Radiation,197.4,OK
2055-10-12T14:59:03Z,R-05,Tracked,Temperature,-42.3,OK
2055-10-12T14:59:05Z,R-05,Tracked,Atmosphere,92.6,OK
2055-10-12T14:59:07Z,R-02,Hover,Atmosphere,99.0,OK
2055-10-12T14:59:12Z,R-03,Walker,Temperature,-66.9,OK
2055-10-12T14:59:15Z,R-02,Hover,Temperature,-53.2,OK
2055-10-12T14:59:17Z,R-05,Tracked,Radiation,65.6,OK
2055-10-12T14:59:20Z,R-01,Tracked,Temperature,#VALUE!,ERROR
2055-10-12T14:59:23Z,R-02,Hover,Atmosphere,98.6,OK
2055-10-12T14:59:28Z,R-04,Hover,Radiation,228.7,OK
2055-10-12T14:59:33Z,R-02,Hover,Radiation,139.3,OK
2055-10-12T14:59:34Z,R-03,Walker,Temperature,-36.2,OK
2055-10-12T14:59:39Z,R-03,Walker,Temperature,-42.7,OK
2055-10-12T14:59:41Z,R-03,Walker,Atmosphere,91.7,ERROR
2055-10-12T14:59:46Z,R-04,Hover,Atmosphere,91.7,ERROR
2055-10-12T14:59:49Z,R-04,Hover,Temperature,ERR,ERROR
2055-10-12T14:59:53Z,R-05,Tracked,Temperature,-72.0,OK
2055-10-12T14:59:58Z,R-02,Hover,Atmosphere,91.8,OK
2055-10-12T15:00:03Z,R-04,Hover,Radiation,160.3,OK
2055-10-12T15:00:08Z,R-05,Tracked,Atmosphere,90.1,OK
2055-10-12T15:00:12Z,R-02,Hover,Atmosphere,98.8,OK
2055-10-12T15:00:15Z,R-02,Hover,Temperature,-57.0,OK
2055-10-12T15:00:19Z,R-04,Hover,Radiation,194.6,OK
2055-10-12T15:00:21Z,R-05,Tracked,Radiation,300.0,OK
2055-10-12T15:00:26Z,R-01,Tracked,Temperature,-76.9,OK
2055-10-12T15:00:31Z,R-02,Hover,Atmosphere,95.9,OK
2055-10-12T15:00:32Z,R-04,Hover,Temperature,-11.5,OK
2055-10-12T15:00:33Z,R-05,Tracked,Temperature,-72.1,OK
2055-10-12T15:00:36Z,R-02,Hover,Temperature,-41.6,OK
2055-10-12T15:00:41Z,R-01,Tracked,Radiation,206.7,OK
2055-10-12T15:00:42Z,R-04,Hover,Atmosphere,96.4,OK
2055-10-12T15:00:43Z,R-03,Walker,Radiation,ERR,ERROR
2055-10-12T15:00:48Z,R-05,Tracked,Radiation,88.7,ERROR
2055-10-12T15:00:51Z,R-05,Tracked,Radiation,-100.0,ERROR
2055-10-12T15:00:55Z,R-05,Tracked,Radiation,168.0,OK
2055-10-12T15:00:56Z,R-02,Hover,Radiation,74.0,OK
2055-10-12T15:01:00Z,R-04,Hover,Temperature,-11.1,OK
2055-10-12T15:01:03Z,R-03,Walker,Atmosphere,91.4,ERROR
2055-10-12T15:01:08Z,R-05,Tracked,Atmosphere,97.6,OK
2055-10-12T15:01:13Z,R-05,Tracked,Temperature,-28.5,OK
2055-10-12T15:01:15Z,R-04,Hover,Atmosphere,98.3,OK
2055-10-12T15:01:19Z,R-04,Hover,Radiation,133.0,OK
2055-10-12T15:01:20Z,R-03,Walker,Radiation,436.8,WARNING
2055-10-12T15:01:22Z,R-01,Tracked,Temperature,-18.8,OK
2055-10-12T15:01:27Z,R-04,Hover,Radiation,99999.0,ERROR
2055-10-12T15:01:31Z,R-03,Walker,Atmosphere,99.0,OK
2055-10-12T15:01:32Z,R-05,Tracked,Temperature,-52.3,OK
2055-10-12T15:01:33Z,R-02,Hover,Radiation,259.9,OK
2055-10-12T15:01:37Z,R-05,Tracked,Radiation,220.3,OK
2055-10-12T15:01:38Z,R-01,Tracked,Radiation,222.0,OK
2055-10-12T15:01:43Z,R-04,Hover,Atmosphere,94.9,OK
2055-10-12T15:01:47Z,R-05,Tracked,Temperature,-56.3,OK
2055-10-12T15:01:51Z,R-01,Tracked,Atmosphere,90.7,OK
2055-10-12T15:01:56Z,R-03,Walker,Temperature,-15.3,OK
2055-10-12T15:01:57Z,R-01,Tracked,Temperature,N/A,ERROR
2055-10-12T15:02:02Z,R-03,Walker,Atmosphere,,ERROR
2055-10-12T15:02:03Z,R-04,Hover,Temperature,-19.0,OK
2055-10-12T15:02:07Z,R-04,Hover,Temperature,-40.1,OK
2055-10-12T15:02:09Z,R-05,Tracked,Atmosphere,94.5,OK
2055-10-12T15:02:10Z,R-05,Tracked,Atmosphere,92.0,OK
2055-10-12T15:02:14Z,R-02,Hover,Temperature,-23.8,OK
2055-10-12T15:02:19Z,R-03,Walker,Radiation,205.8,OK
2055-10-12T15:02:23Z,R-05,Tracked,Radiation,500.0,ERROR
2055-10-12T15:02:28Z,R-02,Hover,Radiation,186.4,OK
2055-10-12T15:02:32Z,R-02,Hover,Temperature,ERR,ERROR
2055-10-12T15:02:35Z,R-05,Tracked,Radiation,428.9,WARNING
2055-10-12T15:02:40Z,R-02,Hover,Atmosphere,95.0,OK
2055-10-12T15:02:44Z,R-01,Tracked,Temperature,-59.0,OK
2055-10-12T15:02:47Z,R-02,Hover,Temperature,-71.7,OK
2055-10-12T15:02:48Z,R-01,Tracked,Radiation,241.4,OK
2055-10-12T15:02:53Z,R-02,Hover,Temperature,5000.0,ERROR
2055-10-12T15:02:54Z,R-05,Tracked,Temperature,-18.0,OK
2055-10-12T15:02:56Z,R-04,Hover,Atmosphere,98.1,OK
2055-10-12T15:03:00Z,R-05,Tracked,Atmosphere,96.3,OK
2055-10-12T15:03:01Z,R-01,Tracked,Atmosphere,95.3,OK
2055-10-12T15:03:02Z,R-03,Walker,Radiation,263.1,OK
2055-10-12T15:03:07Z,R-04,Hover,Atmosphere,98.3,OK
2055-10-12T15:03:12Z,R-02,Hover,Temperature,-45.0,OK
2055-10-12T15:03:17Z,R-02,Hover,Radiation,196.2,OK
2055-10-12T15:03:19Z,R-05,Tracked,Radiation,57.6,OK
2055-10-12T15:03:20Z,R-04,Hover,Temperature,,ERROR
2055-10-12T15:03:24Z,R-03,Walker,Atmosphere,96.1,OK
2055-10-12T15:03:29Z,R-05,Tracked,Atmosphere,99.8,OK
2055-10-12T15:03:30Z,R-04,Hover,Radiation,,ERROR
2055-10-12T15:03:35Z,R-05,Tracked,Radiation,NaN,ERROR
2055-10-12T15:03:38Z,R-03,Walker,Radiation,255.9,OK
2055-10-12T15:03:39Z,R-05,Tracked,Atmosphere,93.4,OK
2055-10-12T15:03:40Z,R-01,Tracked,Radiation,250.2,OK
2055-10-12T15:03:41Z,R-03,Walker,Temperature,-75.7,OK
2055-10-12T15:03:44Z,R-05,Tracked,Atmosphere,95.9,OK
2055-10-12T15:03:45Z,R-05,Tracked,Radiation,83.1,OK
2055-10-12T15:03:49Z,R-04,Hover,Temperature,-76.3,OK
2055-10-12T15:03:54Z,R-01,Tracked,Atmosphere,94.5,OK
2055-10-12T15:03:55Z,R-03,Walker,Temperature,-41.7,OK
2055-10-12T15:03:59Z,R-03,Walker,Radiation,243.2,OK
2055-10-12T15:04:00Z,R-04,Hover,Atmosphere,96.4,OK
2055-10-12T15:04:01Z,R-03,Walker,Temperature,-54.9,OK
2055-10-12T15:04:05Z,R-05,Tracked,Temperature,-48.8,OK
2055-10-12T15:04:06Z,R-01,Tracked,Radiation,63.1,OK
2055-10-12T15:04:11Z,R-04,Hover,Temperature,-12.6,ERROR
2055-10-12T15:04:12Z,R-05,Tracked,Atmosphere,93.5,OK
2055-10-12T15:04:16Z,R-04,Hover,Radiation,,ERROR
2055-10-12T15:04:17Z,R-04,Hover,Temperature,-26.9,OK
2055-10-12T15:04:22Z,R-05,Tracked,Temperature,-52.4,OK
2055-10-12T15:04:23Z,R-04,Hover,Radiation,N/A,ERROR
2055-10-12T15:04:27Z,R-01,Tracked,Radiation,53.1,OK
2055-10-12T15:04:31Z,R-04,Hover,Radiation,178.9,OK
2055-10-12T15:04:33Z,R-02,Hover,Radiation,299.6,OK
2055-10-12T15:04:38Z,R-04,Hover,Temperature,-74.7,OK
2055-10-12T15:04:40Z,R-03,Walker,Atmosphere,,ERROR
2055-10-12T15:04:45Z,R-03,Walker,Radiation,240.6,OK
2055-10-12T15:04:49Z,R-01,Tracked,Temperature,-39.0,OK
2055-10-12T15:04:52Z,R-05,Tracked,Temperature,-73.6,OK
2055-10-12T15:04:57Z,R-01,Tracked,Temperature,-17.2,OK
2055-10-12T15:05:01Z,R-05,Tracked,Temperature,-51.3,OK
2055-10-12T15:05:03Z,R-04,Hover,Temperature,-44.2,OK
2055-10-12T15:05:05Z,R-04,Hover,Radiation,485.9,WARNING
2055-10-12T15:05:07Z,R-04,Hover,Atmosphere,98.2,OK
2055-10-12T15:05:12Z,R-02,Hover,Temperature,-49.8,OK
2055-10-12T15:05:13Z,R-01,Tracked,Radiation,296.7,OK
2055-10-12T15:05:15Z,R-01,Tracked,Temperature,-28.6,OK
2055-10-12T15:05:20Z,R-05,Tracked,Radiation,177.4,OK
2055-10-12T15:05:21Z,R-02,Hover,Atmosphere,96.0,WARNING
2055-10-12T15:05:23Z,R-02,Hover,Temperature,,ERROR
2055-10-12T15:05:26Z,R-04,Hover,Radiation,#VALUE!,ERROR
2055-10-12T15:05:31Z,R-01,Tracked,Radiation,295.1,OK
2055-10-12T15:05:35Z,R-02,Hover,Atmosphere,92.9,OK
2055-10-12T15:05:40Z,R-01,Tracked,Atmosphere,94.8,OK
2055-10-12T15:05:41Z,R-05,Tracked,Temperature,-35.1,OK
2055-10-12T15:05:42Z,R-02,Hover,Atmosphere,91.6,OK
2055-10-12T15:05:45Z,R-02,Hover,Temperature,,ERROR
2055-10-12T15:05:46Z,R-02,Hover,Atmosphere,94.2,OK
2055-10-12T15:05:49Z,R-03,Walker,Temperature,-55.0,OK
2055-10-12T15:05:52Z,R-03,Walker,Temperature,-15.7,OK
2055-10-12T15:05:54Z,R-02,Hover,Atmosphere,,ERROR
2055-10-12T15:05:59Z,R-03,Walker,Temperature,-76.5,OK
2055-10-12T15:06:04Z,R-03,Walker,Atmosphere,93.6,WARNING
2055-10-12T15:06:08Z,R-02,Hover,Atmosphere,97.9,OK
2055-10-12T15:06:09Z,R-01,Tracked,Temperature,NULL,ERROR
2055-10-12T15:06:11Z,R-05,Tracked,Radiation,150.7,OK
2055-10-12T15:06:14Z,R-02,Hover,Atmosphere,,ERROR
2055-10-12T15:06:15Z,R-03,Walker,Radiation,-100.0,ERROR
2055-10-12T15:06:20Z,R-04,Hover,Radiation,193.5,OK
2055-10-12T15:06:25Z,R-03,Walker,Atmosphere,92.1,OK
2055-10-12T15:06:26Z,R-03,Walker,Temperature,-67.4,ERROR
2055-10-12T15:06:29Z,R-05,Tracked,Temperature,-32.8,OK
2055-10-12T15:06:34Z,R-01,Tracked,Radiation,251.1,OK
2055-10-12T15:06:39Z,R-03,Walker,Temperature,-58.0,OK
2055-10-12T15:06:43Z,R-05,Tracked,Atmosphere,95.2,OK
2055-10-12T15:06:46Z,R-04,Hover,Temperature,-18.0,OK
2055-10-12T15:06:49Z,R-03,Walker,Atmosphere,99.5,OK
2055-10-12T15:06:50Z,R-05,Tracked,Temperature,-31.8,OK
2055-10-12T15:06:52Z,R-02,Hover,Radiation,#VALUE!,ERROR
2055-10-12T15:06:56Z,R-02,Hover,Radiation,232.3,OK
2055-10-12T15:06:58Z,R-03,Walker,Temperature,-77.8,OK
2055-10-12T15:06:59Z,R-04,Hover,Temperature,-68.2,OK
2055-10-12T15:07:03Z,R-03,Walker,Temperature,-22.9,OK
2055-10-12T15:07:04Z,R-02,Hover,Radiation,,ERROR
2055-10-12T15:07:06Z,R-01,Tracked,Atmosphere,92.5,OK
2055-10-12T15:07:10Z,R-03,Walker,Temperature,-38.7,OK
2055-10-12T15:07:12Z,R-05,Tracked,Atmosphere,98.7,OK
2055-10-12T15:07:16Z,R-02,Hover,Temperature,-32.0,OK
2055-10-12T15:07:19Z,R-01,Tracked,Atmosphere,97.4,OK
2055-10-12T15:07:20Z,R-05,Tracked,Temperature,-29.2,OK
2055-10-12T15:07:21Z,R-02,Hover,Temperature,-18.6,OK
2055-10-12T15:07:23Z,R-03,Walker,Radiation,53.0,OK
2055-10-12T15:07:24Z,R-01,Tracked,Temperature,-38.1,OK
2055-10-12T15:07:26Z,R-01,Tracked,Radiation,151.9,OK
2055-10-12T15:07:28Z,R-01,Tracked,Atmosphere,92.9,OK
2055-10-12T15:07:31Z,R-02,Hover,Temperature,NULL,ERROR
2055-10-12T15:07:35Z,R-05,Tracked,Atmosphere,97.7,OK
2055-10-12T15:07:39Z,R-01,Tracked,Radiation,178.3,OK
2055-10-12T15:07:40Z,R-01,Tracked,Atmosphere,98.1,OK
2055-10-12T15:07:42Z,R-02,Hover,Radiation,223.4,OK
2055-10-12T15:07:45Z,R-01,Tracked,Radiation,75.4,OK
2055-10-12T15:07:49Z,R-04,Hover,Temperature,-54.3,ERROR
2055-10-12T15:07:53Z,R-02,Hover,Atmosphere,93.6,OK
2055-10-12T15:07:58Z,R-03,Walker,Temperature,-26.2,OK
2055-10-12T15:08:01Z,R-05,Tracked,Temperature,-78.1,OK
2055-10-12T15:08:02Z,R-04,Hover,Radiation,68.0,ERROR
2055-10-12T15:08:04Z,R-01,Tracked,Atmosphere,96.8,OK
2055-10-12T15:08:07Z,R-01,Tracked,Atmosphere,NULL,ERROR
2055-10-12T15:08:09Z,R-04,Hover,Temperature,5000.0,ERROR
2055-10-12T15:08:11Z,R-02,Hover,Radiation,230.7,OK
2055-10-12T15:08:12Z,R-02,Hover,Temperature,-22.2,OK
2055-10-12T15:08:15Z,R-03,Walker,Temperature,,ERROR
2055-10-12T15:08:18Z,R-01,Tracked,Radiation,ERR,ERROR
2055-10-12T15:08:20Z,R-05,Tracked,Atmosphere,97.6,OK
2055-10-12T15:08:21Z,R-01,Tracked,Temperature,-19.0,OK
2055-10-12T15:08:22Z,R-02,Hover,Temperature,-28.4,OK
2055-10-12T15:08:24Z,R-01,Tracked,Radiation,273.7,OK
2055-10-12T15:08:28Z,R-05,Tracked,Atmosphere,95.3,OK
2055-10-12T15:08:29Z,R-02,Hover,Atmosphere,90.8,OK
2055-10-12T15:08:33Z,R-04,Hover,Atmosphere,92.0,OK
2055-10-12T15:08:37Z,R-05,Tracked,Temperature,-12.1,OK
2055-10-12T15:08:41Z,R-02,Hover,Radiation,,ERROR
2055-10-12T15:08:44Z,R-03,Walker,Atmosphere,95.3,WARNING
2055-10-12T15:08:45Z,R-04,Hover,Temperature,-78.9,OK
2055-10-12T15:08:47Z,R-01,Tracked,Temperature,-23.1,OK
2055-10-12T15:08:50Z,R-05,Tracked,Temperature,-9999.0,ERROR
2055-10-12T15:08:54Z,R-04,Hover,Temperature,-46.2,OK
2055-10-12T15:08:56Z,R-05,Tracked,Atmosphere,91.2,OK
2055-10-12T15:09:00Z,R-03,Walker,Radiation,139.4,OK
2055-10-12T15:09:04Z,R-03,Walker,Temperature,-78.7,OK
2055-10-12T15:09:09Z,R-03,Walker,Atmosphere,NaN,ERROR
2055-10-12T15:09:13Z,R-02,Hover,Atmosphere,94.1,OK
2055-10-12T15:09:14Z,R-05,Tracked,Atmosphere,98.6,OK
2055-10-12T15:09:17Z,R-01,Tracked,Radiation,71.1,OK
2055-10-12T15:09:22Z,R-03,Walker,Radiation,155.1,OK
2055-10-12T15:09:24Z,R-01,Tracked,Temperature,-78.8,OK
2055-10-12T15:09:25Z,R-03,Walker,Atmosphere,98.4,OK
2055-10-12T15:09:29Z,R-04,Hover,Temperature,-23.2,OK
2055-10-12T15:09:33Z,R-03,Walker,Atmosphere,92.2,OK
2055-10-12T15:09:37Z,R-05,Tracked,Temperature,-37.9,OK
2055-10-12T15:09:40Z,R-01,Tracked,Temperature,-69.1,OK
2055-10-12T15:09:45Z,R-03,Walker,Radiation,83.6,OK
2055-10-12T15:09:47Z,R-01,Tracked,Radiation,94.0,OK
2055-10-12T15:09:51Z,R-05,Tracked,Atmosphere,94.6,ERROR
2055-10-12T15:09:54Z,R-01,Tracked,Atmosphere,98.0,OK
2055-10-12T15:09:58Z,R-02,Hover,Temperature,-20.6,OK
2055-10-12T15:10:03Z,R-05,Tracked,Temperature,-36.4,OK
2055-10-12T15:10:05Z,R-01,Tracked,Temperature,-12.6,OK
2055-10-12T15:10:06Z,R-05,Tracked,Temperature,-40.4,OK
2055-10-12T15:10:08Z,R-05,Tracked,Radiation,237.0,OK
2055-10-12T15:10:11Z,R-02,Hover,Atmosphere,97.1,OK
2055-10-12T15:10:12Z,R-02,Hover,Temperature,-51.3,OK
2055-10-12T15:10:13Z,R-04,Hover,Temperature,-20.0,OK
2055-10-12T15:10:18Z,R-04,Hover,Temperature,-20.2,OK
2055-10-12T15:10:20Z,R-01,Tracked,Radiation,212.6,OK
2055-10-12T15:10:24Z,R-01,Tracked,Temperature,-69.9,OK
2055-10-12T15:10:28Z,R-04,Hover,Radiation,50.1,OK
2055-10-12T15:10:29Z,R-03,Walker,Atmosphere,96.7,OK
2055-10-12T15:10:32Z,R-01,Tracked,Atmosphere,ERR,ERROR
2055-10-12T15:10:33Z,R-02,Hover,Temperature,-76.0,OK
2055-10-12T15:10:35Z,R-05,Tracked,Radiation,85.8,OK
2055-10-12T15:10:37Z,R-05,Tracked,Temperature,-34.7,OK
2055-10-12T15:10:39Z,R-03,Walker,Atmosphere,99.4,OK
2055-10-12T15:10:40Z,R-03,Walker,Atmosphere,95.1,OK
2055-10-12T15:10:42Z,R-02,Hover,Atmosphere,94.7,OK
2055-10-12T15:10:47Z,R-02,Hover,Atmosphere,94.5,OK
2055-10-12T15:10:51Z,R-02,Hover,Radiation,104.0,OK
2055-10-12T15:10:56Z,R-04,Hover,Radiation,177.2,OK
2055-10-12T15:11:00Z,R-03,Walker,Temperature,-51.6,OK
2055-10-12T15:11:03Z,R-02,Hover,Temperature,-49.0,OK
2055-10-12T15:11:05Z,R-02,Hover,Temperature,-56.3,ERROR
2055-10-12T15:11:08Z,R-02,Hover,Temperature,-62.3,OK
2055-10-12T15:11:13Z,R-03,Walker,Temperature,-14.6,OK
2055-10-12T15:11:17Z,R-05,Tracked,Atmosphere,92.6,OK
2055-10-12T15:11:20Z,R-01,Tracked,Temperature,-36.3,OK
2055-10-12T15:11:24Z,R-01,Tracked,Atmosphere,96.9,OK
2055-10-12T15:11:26Z,R-03,Walker,Radiation,NaN,ERROR
2055-10-12T15:11:31Z,R-02,Hover,Temperature,-44.9,OK
2055-10-12T15:11:33Z,R-01,Tracked,Atmosphere,93.1,OK
2055-10-12T15:11:36Z,R-02,Hover,Atmosphere,99.7,OK
2055-10-12T15:11:38Z,R-01,Tracked,Radiation,100.1,OK
2055-10-12T15:11:42Z,R-04,Hover,Atmosphere,93.6,OK
2055-10-12T15:11:43Z,R-01,Tracked,Radiation,462.4,WARNING
2055-10-12T15:11:45Z,R-01,Tracked,Temperature,-72.3,OK
2055-10-12T15:11:50Z,R-05,Tracked,Temperature,-14.6,OK
2055-10-12T15:11:53Z,R-05,Tracked,Radiation,87.1,OK
2055-10-12T15:11:58Z,R-05,Tracked,Temperature,-52.6,OK
2055-10-12T15:11:59Z,R-05,Tracked,Radiation,235.2,OK
2055-10-12T15:12:02Z,R-01,Tracked,Temperature,-62.0,ERROR
2055-10-12T15:12:05Z,R-04,Hover,Atmosphere,97.3,OK
2055-10-12T15:12:08Z,R-05,Tracked,Radiation,271.4,OK
2055-10-12T15:12:12Z,R-05,Tracked,Atmosphere,96.9,WARNING
2055-10-12T15:12:15Z,R-01,Tracked,Atmosphere,N/A,ERROR
2055-10-12T15:12:16Z,R-01,Tracked,Temperature,-9999.0,ERROR
2055-10-12T15:12:18Z,R-04,Hover,Temperature,-55.9,OK
2055-10-12T15:12:21Z,R-02,Hover,Radiation,120.3,OK
2055-10-12T15:12:22Z,R-05,Tracked,Atmosphere,90.2,OK
2055-10-12T15:12:23Z,R-02,Hover,Radiation,229.8,OK
2055-10-12T15:12:28Z,R-05,Tracked,Radiation,283.1,OK
2055-10-12T15:12:33Z,R-02,Hover,Atmosphere,NULL,ERROR
2055-10-12T15:12:36Z,R-05,Tracked,Atmosphere,93.7,OK
2055-10-12T15:12:40Z,R-05,Tracked,Atmosphere,98.0,OK
2055-10-12T15:12:41Z,R-01,Tracked,Atmosphere,98.5,OK
2055-10-12T15:12:46Z,R-02,Hover,Atmosphere,98.2,OK
2055-10-12T15:12:47Z,R-01,Tracked,Radiation,100.8,OK
2055-10-12T15:12:50Z,R-05,Tracked,Radiation,67.3,OK
2055-10-12T15:12:51Z,R-05,Tracked,Atmosphere,,ERROR
2055-10-12T15:12:52Z,R-01,Tracked,Atmosphere,96.6,OK
2055-10-12T15:12:55Z,R-05,Tracked,Radiation,227.3,OK
2055-10-12T15:12:56Z,R-02,Hover,Temperature,-54.4,OK
2055-10-12T15:12:57Z,R-05,Tracked,Atmosphere,99.9,OK
2055-10-12T15:13:00Z,R-02,Hover,Radiation,-100.0,ERROR
2055-10-12T15:13:02Z,R-01,Tracked,Radiation,155.3,OK
2055-10-12T15:13:06Z,R-02,Hover,Temperature,5000.0,ERROR
2055-10-12T15:13:09Z,R-04,Hover,Radiation,164.0,OK
2055-10-12T15:13:13Z,R-03,Walker,Radiation,275.3,OK
2055-10-12T15:13:16Z,R-02,Hover,Atmosphere,97.8,OK
2055-10-12T15:13:21Z,R-04,Hover,Radiation,ERR,ERROR
2055-10-12T15:13:22Z,R-02,Hover,Atmosphere,97.1,OK
2055-10-12T15:13:24Z,R-04,Hover,Atmosphere,97.7,OK
2055-10-12T15:13:29Z,R-01,Tracked,Atmosphere,N/A,ERROR
2055-10-12T15:13:32Z,R-03,Walker,Radiation,179.3,OK
2055-10-12T15:13:37Z,R-05,Tracked,Atmosphere,95.1,OK
2055-10-12T15:13:39Z,R-02,Hover,Temperature,-33.5,OK
2055-10-12T15:13:42Z,R-04,Hover,Atmosphere,92.4,ERROR
2055-10-12T15:13:47Z,R-04,Hover,Temperature,-57.2,OK
2055-10-12T15:13:50Z,R-03,Walker,Radiation,98.3,OK
2055-10-12T15:13:54Z,R-02,Hover,Atmosphere,,ERROR
2055-10-12T15:13:58Z,R-03,Walker,Atmosphere,99.0,OK
2055-10-12T15:14:02Z,R-01,Tracked,Atmosphere,99.0,OK
2055-10-12T15:14:03Z,R-02,Hover,Atmosphere,NaN,ERROR
2055-10-12T15:14:04Z,R-02,Hover,Atmosphere,90.2,ERROR
2055-10-12T15:14:09Z,R-02,Hover,Temperature,-66.6,OK
2055-10-12T15:14:11Z,R-05,Tracked,Radiation,214.7,OK
2055-10-12T15:14:15Z,R-04,Hover,Radiation,N/A,ERROR
2055-10-12T15:14:18Z,R-03,Walker,Radiation,68.8,OK
2055-10-12T15:14:19Z,R-05,Tracked,Radiation,111.1,ERROR
2055-10-12T15:14:23Z,R-04,Hover,Temperature,5000.0,ERROR
2055-10-12T15:14:25Z,R-04,Hover,Temperature,-73.6,OK
2055-10-12T15:14:28Z,R-01,Tracked,Radiation,95.4,OK
2055-10-12T15:14:33Z,R-02,Hover,Temperature,-37.1,OK
2055-10-12T15:14:36Z,R-05,Tracked,Temperature,-36.0,ERROR
2055-10-12T15:14:41Z,R-05,Tracked,Atmosphere,95.5,OK
2055-10-12T15:14:42Z,R-01,Tracked,Radiation,176.8,OK
2055-10-12T15:14:43Z,R-04,Hover,Radiation,87.9,OK
2055-10-12T15:14:47Z,R-04,Hover,Temperature,-61.4,OK
2055-10-12T15:14:52Z,R-04,Hover,Radiation,228.9,OK
2055-10-12T15:14:56Z,R-03,Walker,Radiation,65.0,OK
2055-10-12T15:14:59Z,R-02,Hover,Radiation,99999.0,ERROR
2055-10-12T15:15:04Z,R-01,Tracked,Atmosphere,92.4,ERROR
2055-10-12T15:15:05Z,R-03,Walker,Atmosphere,91.5,OK
2055-10-12T15:15:07Z,R-05,Tracked,Atmosphere,93.3,OK
2055-10-12T15:15:08Z,R-05,Tracked,Radiation,262.7,OK
2055-10-12T15:15:10Z,R-04,Hover,Temperature,-71.5,OK
2055-10-12T15:15:15Z,R-03,Walker,Radiation,142.8,OK
2055-10-12T15:15:17Z,R-03,Walker,Radiation,269.5,OK
2055-10-12T15:15:21Z,R-01,Tracked,Radiation,,ERROR
2055-10-12T15:15:24Z,R-03,Walker,Radiation,134.7,ERROR
2055-10-12T15:15:26Z,R-05,Tracked,Radiation,270.2,OK
2055-10-12T15:15:29Z,R-04,Hover,Radiation,187.3,OK
2055-10-12T15:15:34Z,R-03,Walker,Radiation,-100.0,ERROR
2055-10-12T15:15:38Z,R-03,Walker,Radiation,59.2,OK
2055-10-12T15:15:42Z,R-02,Hover,Atmosphere,90.3,OK
2055-10-12T15:15:46Z,R-02,Hover,Atmosphere,90.7,OK
2055-10-12T15:15:50Z,R-01,Tracked,Temperature,-26.1,OK
2055-10-12T15:15:54Z,R-01,Tracked,Radiation,223.7,OK
2055-10-12T15:15:57Z,R-05,Tracked,Atmosphere,99.6,OK
2055-10-12T15:16:00Z,R-03,Walker,Radiation,112.8,OK
2055-10-12T15:16:02Z,R-01,Tracked,Temperature,,ERROR
2055-10-12T15:16:07Z,R-05,Tracked,Radiation,66.9,OK
2055-10-12T15:16:11Z,R-03,Walker,Temperature,-32.1,OK
2055-10-12T15:16:15Z,R-03,Walker,Atmosphere,96.4,OK
2055-10-12T15:16:20Z,R-03,Walker,Temperature,-51.4,OK
2055-10-12T15:16:21Z,R-04,Hover,Atmosphere,99.3,OK
2055-10-12T15:16:23Z,R-04,Hover,Atmosphere,92.9,OK
2055-10-12T15:16:26Z,R-01,Tracked,Atmosphere,94.9,OK
2055-10-12T15:16:28Z,R-02,Hover,Atmosphere,98.9,OK
2055-10-12T15:16:33Z,R-01,Tracked,Atmosphere,97.5,OK
2055-10-12T15:16:36Z,R-02,Hover,Radiation,256.3,OK
2055-10-12T15:16:39Z,R-02,Hover,Temperature,-34.3,OK
2055-10-12T15:16:44Z,R-02,Hover,Radiation,174.7,OK
2055-10-12T15:16:46Z,R-03,Walker,Atmosphere,94.5,ERROR
2055-10-12T15:16:51Z,R-01,Tracked,Temperature,,ERROR
2055-10-12T15:16:55Z,R-03,Walker,Atmosphere,94.8,OK
2055-10-12T15:16:58Z,R-03,Walker,Atmosphere,99.7,OK
2055-10-12T15:17:00Z,R-02,Hover,Temperature,-79.2,OK
2055-10-12T15:17:05Z,R-04,Hover,Temperature,-30.9,OK
2055-10-12T15:17:07Z,R-03,Walker,Atmosphere,,ERROR
2055-10-12T15:17:09Z,R-01,Tracked,Temperature,-76.3,OK
2055-10-12T15:17:12Z,R-02,Hover,Radiation,253.2,OK
2055-10-12T15:17:15Z,R-03,Walker,Radiation,-100.0,ERROR
2055-10-12T15:17:17Z,R-04,Hover,Radiation,,ERROR
2055-10-12T15:17:18Z,R-02,Hover,Radiation,167.6,OK
2055-10-12T15:17:20Z,R-05,Tracked,Atmosphere,94.3,OK
2055-10-12T15:17:22Z,R-04,Hover,Radiation,,ERROR
2055-10-12T15:17:23Z,R-02,Hover,Radiation,231.6,OK
2055-10-12T15:17:26Z,R-03,Walker,Atmosphere,96.5,OK
2055-10-12T15:17:27Z,R-04,Hover,Temperature,-47.7,OK
2055-10-12T15:17:28Z,R-03,Walker,Temperature,-24.1,OK
2055-10-12T15:17:30Z,R-02,Hover,Radiation,212.8,OK
2055-10-12T15:17:33Z,R-02,Hover,Temperature,-15.6,OK
2055-10-12T15:17:38Z,R-01,Tracked,Radiation,166.7,OK
2055-10-12T15:17:42Z,R-01,Tracked,Temperature,-14.5,WARNING
2055-10-12T15:17:46Z,R-03,Walker,Radiation,68.7,OK
2055-10-12T15:17:48Z,R-04,Hover,Radiation,176.0,OK
2055-10-12T15:17:53Z,R-04,Hover,Temperature,-75.3,OK
2055-10-12T15:17:56Z,R-01,Tracked,Temperature,-61.5,OK
2055-10-12T15:17:58Z,R-05,Tracked,Temperature,-68.9,OK
2055-10-12T15:18:03Z,R-05,Tracked,Radiation,103.2,OK
2055-10-12T15:18:04Z,R-01,Tracked,Radiation,477.5,WARNING
2055-10-12T15:18:08Z,R-01,Tracked,Radiation,208.9,OK
2055-10-12T15:18:09Z,R-05,Tracked,Radiation,254.1,OK
2055-10-12T15:18:12Z,R-01,Tracked,Temperature,-62.0,OK
2055-10-12T15:18:13Z,R-04,Hover,Temperature,-25.0,WARNING
2055-10-12T15:18:16Z,R-01,Tracked,Radiation,218.9,OK
2055-10-12T15:18:17Z,R-03,Walker,Atmosphere,96.5,OK
2055-10-12T15:18:22Z,R-01,Tracked,Temperature,-79.4,OK
2055-10-12T15:18:27Z,R-02,Hover,Atmosphere,93.1,OK
2055-10-12T15:18:30Z,R-02,Hover,Radiation,240.1,OK
2055-10-12T15:18:33Z,R-03,Walker,Temperature,-44.1,OK
2055-10-12T15:18:38Z,R-02,Hover,Atmosphere,97.7,OK
2055-10-12T15:18:40Z,R-02,Hover,Atmosphere,99.3,OK
2055-10-12T15:18:42Z,R-05,Tracked,Atmosphere,97.3,OK
2055-10-12T15:18:45Z,R-03,Walker,Atmosphere,95.8,OK
2055-10-12T15:18:50Z,R-04,Hover,Atmosphere,92.5,WARNING
2055-10-12T15:18:53Z,R-05,Tracked,Atmosphere,91.8,OK
2055-10-12T15:18:55Z,R-03,Walker,Atmosphere,97.2,ERROR
2055-10-12T15:18:58Z,R-03,Walker,Temperature,5000.0,ERROR
2055-10-12T15:19:02Z,R-05,Tracked,Atmosphere,94.3,OK
2055-10-12T15:19:07Z,R-01,Tracked,Temperature,-62.4,ERROR
2055-10-12T15:19:11Z,R-02,Hover,Atmosphere,95.1,OK
2055-10-12T15:19:12Z,R-04,Hover,Atmosphere,96.4,OK
2055-10-12T15:19:17Z,R-01,Tracked,Temperature,-9999.0,ERROR
2055-10-12T15:19:20Z,R-01,Tracked,Atmosphere,92.5,WARNING
2055-10-12T15:19:25Z,R-01,Tracked,Atmosphere,94.6,OK
2055-10-12T15:19:28Z,R-02,Hover,Radiation,182.5,OK
2055-10-12T15:19:32Z,R-03,Walker,Atmosphere,,ERROR
2055-10-12T15:19:36Z,R-05,Tracked,Atmosphere,93.5,OK
2055-10-12T15:19:38Z,R-02,Hover,Radiation,208.3,OK
2055-10-12T15:19:42Z,R-03,Walker,Temperature,-14.7,OK
2055-10-12T15:19:45Z,R-02,Hover,Atmosphere,99.2,OK
2055-10-12T15:19:47Z,R-02,Hover,Radiation,214.3,OK
2055-10-12T15:19:50Z,R-02,Hover,Temperature,-19.7,OK
2055-10-12T15:19:54Z,R-01,Tracked,Atmosphere,95.4,OK
2055-10-12T15:19:58Z,R-01,Tracked,Radiation,285.2,OK
2055-10-12T15:20:03Z,R-03,Walker,Temperature,-17.3,OK
2055-10-12T15:20:07Z,R-02,Hover,Temperature,-63.0,OK
2055-10-12T15:20:11Z,R-04,Hover,Atmosphere,92.2,OK
2055-10-12T15:20:16Z,R-01,Tracked,Temperature,-17.0,OK
2055-10-12T15:20:20Z,R-02,Hover,Atmosphere,94.3,OK
2055-10-12T15:20:25Z,R-04,Hover,Radiation,176.3,OK
2055-10-12T15:20:29Z,R-01,Tracked,Atmosphere,99.5,OK
2055-10-12T15:20:30Z,R-02,Hover,Radiation,293.9,OK
2055-10-12T15:20:35Z,R-03,Walker,Atmosphere,NaN,ERROR
2055-10-12T15:20:40Z,R-04,Hover,Radiation,64.0,OK
2055-10-12T15:20:41Z,R-02,Hover,Temperature,-74.9,WARNING
2055-10-12T15:20:46Z,R-03,Walker,Radiation,258.2,OK
2055-10-12T15:20:47Z,R-03,Walker,Atmosphere,90.4,OK
2055-10-12T15:20:48Z,R-05,Tracked,Atmosphere,95.3,OK
2055-10-12T15:20:49Z,R-04,Hover,Temperature,-17.0,WARNING
2055-10-12T15:20:52Z,R-03,Walker,Atmosphere,93.8,OK
2055-10-12T15:20:57Z,R-04,Hover,Atmosphere,95.6,OK
2055-10-12T15:21:01Z,R-02,Hover,Temperature,-24.1,OK
2055-10-12T15:21:04Z,R-03,Walker,Atmosphere,98.6,OK
2055-10-12T15:21:09Z,R-01,Tracked,Temperature,-75.8,OK
2055-10-12T15:21:14Z,R-05,Tracked,Atmosphere,98.1,OK
2055-10-12T15:21:16Z,R-01,Tracked,Temperature,-66.9,OK
2055-10-12T15:21:20Z,R-02,Hover,Atmosphere,94.4,OK
2055-10-12T15:21:23Z,R-02,Hover,Temperature,-63.9,OK
2055-10-12T15:21:28Z,R-01,Tracked,Temperature,N/A,ERROR
2055-10-12T15:21:31Z,R-02,Hover,Radiation,208.8,OK
2055-10-12T15:21:32Z,R-04,Hover,Temperature,-47.8,OK
2055-10-12T15:21:36Z,R-02,Hover,Atmosphere,NULL,ERROR
2055-10-12T15:21:39Z,R-04,Hover,Temperature,,ERROR
2055-10-12T15:21:44Z,R-05,Tracked,Atmosphere,96.7,OK
2055-10-12T15:21:48Z,R-04,Hover,Atmosphere,94.8,OK
2055-10-12T15:21:49Z,R-01,Tracked,Atmosphere,90.9,OK
2055-10-12T15:21:51Z,R-04,Hover,Radiation,277.1,OK
2055-10-12T15:21:56Z,R-02,Hover,Temperature,-71.4,OK
2055-10-12T15:21:58Z,R-02,Hover,Atmosphere,92.9,OK
2055-10-12T15:22:02Z,R-03,Walker,Atmosphere,94.1,OK
2055-10-12T15:22:04Z,R-01,Tracked,Radiation,459.1,WARNING
2055-10-12T15:22:09Z,R-01,Tracked,Temperature,-72.8,OK
2055-10-12T15:22:14Z,R-04,Hover,Radiation,-100.0,ERROR
2055-10-12T15:22:19Z,R-03,Walker,Temperature,-78.6,OK
2055-10-12T15:22:20Z,R-01,Tracked,Temperature,-41.7,OK
2055-10-12T15:22:22Z,R-03,Walker,Radiation,215.2,OK
2055-10-12T15:22:26Z,R-05,Tracked,Radiation,102.7,OK
2055-10-12T15:22:30Z,R-02,Hover,Radiation,422.9,ERROR
2055-10-12T15:22:32Z,R-02,Hover,Radiation,-100.0,ERROR
2055-10-12T15:22:35Z,R-03,Walker,Temperature,-33.4,OK
2055-10-12T15:22:40Z,R-01,Tracked,Radiation,299.5,OK
2055-10-12T15:22:44Z,R-04,Hover,Temperature,-74.1,OK
2055-10-12T15:22:49Z,R-02,Hover,Atmosphere,90.7,ERROR
2055-10-12T15:22:51Z,R-02,Hover,Atmosphere,90.7,OK
2055-10-12T15:22:52Z,R-05,Tracked,Atmosphere,90.0,OK
2055-10-12T15:22:55Z,R-02,Hover,Radiation,99999.0,ERROR
2055-10-12T15:22:59Z,R-01,Tracked,Temperature,-68.6,OK
2055-10-12T15:23:03Z,R-01,Tracked,Atmosphere,90.9,ERROR
2055-10-12T15:23:06Z,R-01,Tracked,Atmosphere,98.1,OK
2055-10-12T15:23:11Z,R-04,Hover,Atmosphere,99.7,OK
2055-10-12T15:23:16Z,R-02,Hover,Atmosphere,96.1,OK
2055-10-12T15:23:18Z,R-02,Hover,Radiation,92.1,OK
2055-10-12T15:23:19Z,R-05,Tracked,Atmosphere,91.1,ERROR
2055-10-12T15:23:24Z,R-01,Tracked,Temperature,-74.5,OK
2055-10-12T15:23:27Z,R-02,Hover,Radiation,N/A,ERROR
2055-10-12T15:23:28Z,R-05,Tracked,Atmosphere,98.6,OK
2055-10-12T15:23:31Z,R-05,Tracked,Atmosphere,99.9,OK
2055-10-12T15:23:35Z,R-01,Tracked,Radiation,264.5,OK
2055-10-12T15:23:36Z,R-02,Hover,Radiation,106.9,OK
2055-10-12T15:23:39Z,R-02,Hover,Radiation,116.3,OK
2055-10-12T15:23:44Z,R-04,Hover,Radiation,261.8,OK
2055-10-12T15:23:48Z,R-02,Hover,Radiation,212.4,OK
2055-10-12T15:23:50Z,R-04,Hover,Temperature,-31.1,OK
2055-10-12T15:23:51Z,R-05,Tracked,Temperature,-10.5,OK
2055-10-12T15:23:52Z,R-04,Hover,Radiation,420.5,WARNING
2055-10-12T15:23:56Z,R-01,Tracked,Atmosphere,95.6,OK
2055-10-12T15:24:00Z,R-03,Walker,Temperature,-71.1,OK
2055-10-12T15:24:04Z,R-03,Walker,Atmosphere,96.9,OK
2055-10-12T15:24:07Z,R-01,Tracked,Radiation,132.7,OK
2055-10-12T15:24:11Z,R-03,Walker,Temperature,-38.4,OK
2055-10-12T15:24:13Z,R-03,Walker,Temperature,-27.9,OK
2055-10-12T15:24:17Z,R-04,Hover,Radiation,278.0,OK
2055-10-12T15:24:18Z,R-01,Tracked,Temperature,-30.8,OK
2055-10-12T15:24:19Z,R-01,Tracked,Temperature,-60.0,OK
2055-10-12T15:24:21Z,R-03,Walker,Temperature,-12.3,OK
2055-10-12T15:24:23Z,R-02,Hover,Radiation,290.9,OK
2055-10-12T15:24:25Z,R-05,Tracked,Radiation,299.3,OK
2055-10-12T15:24:26Z,R-03,Walker,Radiation,100.7,OK
2055-10-12T15:24:30Z,R-04,Hover,Atmosphere,91.2,OK
2055-10-12T15:24:34Z,R-01,Tracked,Radiation,255.2,OK
2055-10-12T15:24:37Z,R-04,Hover,Radiation,55.2,OK
2055-10-12T15:24:38Z,R-02,Hover,Radiation,106.3,OK
2055-10-12T15:24:41Z,R-03,Walker,Radiation,296.4,OK
2055-10-12T15:24:45Z,R-03,Walker,Temperature,-30.3,WARNING
2055-10-12T15:24:48Z,R-05,Tracked,Radiation,119.5,OK
2055-10-12T15:24:53Z,R-05,Tracked,Temperature,-28.0,WARNING
2055-10-12T15:24:58Z,R-02,Hover,Atmosphere,98.2,OK
2055-10-12T15:24:59Z,R-01,Tracked,Radiation,189.4,OK
2055-10-12T15:25:04Z,R-05,Tracked,Temperature,-51.6,OK
2055-10-12T15:25:08Z,R-03,Walker,Temperature,-73.8,OK
2055-10-12T15:25:11Z,R-04,Hover,Atmosphere,90.4,ERROR
2055-10-12T15:25:14Z,R-01,Tracked,Atmosphere,#VALUE!,ERROR
2055-10-12T15:25:15Z,R-03,Walker,Temperature,-34.7,OK
2055-10-12T15:25:17Z,R-03,Walker,Radiation,298.3,OK
2055-10-12T15:25:19Z,R-02,Hover,Temperature,-58.9,OK
2055-10-12T15:25:21Z,R-03,Walker,Atmosphere,92.0,OK
2055-10-12T15:25:24Z,R-05,Tracked,Radiation,75.7,OK
2055-10-12T15:25:29Z,R-02,Hover,Temperature,-62.1,OK
2055-10-12T15:25:33Z,R-02,Hover,Radiation,89.0,OK
2055-10-12T15:25:38Z,R-01,Tracked,Radiation,67.4,OK
2055-10-12T15:25:40Z,R-03,Walker,Temperature,-14.2,WARNING
2055-10-12T15:25:44Z,R-02,Hover,Atmosphere,91.3,OK
2055-10-12T15:25:49Z,R-04,Hover,Atmosphere,92.3,OK
2055-10-12T15:25:54Z,R-02,Hover,Radiation,106.9,OK
2055-10-12T15:25:59Z,R-02,Hover,Atmosphere,97.5,WARNING
2055-10-12T15:26:03Z,R-01,Tracked,Radiation,52.4,OK
2055-10-12T15:26:06Z,R-03,Walker,Temperature,5000.0,ERROR
2055-10-12T15:26:11Z,R-01,Tracked,Temperature,N/A,ERROR
2055-10-12T15:26:14Z,R-03,Walker,Radiation,99999.0,ERROR
2055-10-12T15:26:18Z,R-03,Walker,Temperature,-46.5,OK
2055-10-12T15:26:20Z,R-03,Walker,Atmosphere,98.4,OK
2055-10-12T15:26:23Z,R-01,Tracked,Atmosphere,94.5,WARNING
2055-10-12T15:26:24Z,R-02,Hover,Temperature,-52.8,OK
2055-10-12T15:26:26Z,R-05,Tracked,Radiation,231.7,OK
2055-10-12T15:26:31Z,R-04,Hover,Atmosphere,92.9,OK
2055-10-12T15:26:34Z,R-01,Tracked,Atmosphere,97.6,OK
2055-10-12T15:26:38Z,R-04,Hover,Temperature,-75.3,OK
2055-10-12T15:26:42Z,R-03,Walker,Temperature,-59.4,OK
2055-10-12T15:26:45Z,R-04,Hover,Temperature,-19.0,OK
2055-10-12T15:26:48Z,R-04,Hover,Temperature,-30.0,OK
2055-10-12T15:26:53Z,R-05,Tracked,Temperature,-71.1,OK
2055-10-12T15:26:57Z,R-01,Tracked,Temperature,-35.4,OK
2055-10-12T15:27:01Z,R-01,Tracked,Temperature,5000.0,ERROR
2055-10-12T15:27:06Z,R-02,Hover,Temperature,-19.1,OK
2055-10-12T15:27:09Z,R-03,Walker,Radiation,153.4,OK
2055-10-12T15:27:12Z,R-02,Hover,Atmosphere,98.5,OK
2055-10-12T15:27:17Z,R-02,Hover,Atmosphere,90.2,OK
2055-10-12T15:27:22Z,R-01,Tracked,Radiation,51.7,OK
2055-10-12T15:27:26Z,R-04,Hover,Radiation,290.5,OK
2055-10-12T15:27:31Z,R-02,Hover,Radiation,82.5,OK
2055-10-12T15:27:33Z,R-01,Tracked,Radiation,201.2,OK
2055-10-12T15:27:36Z,R-01,Tracked,Radiation,215.9,OK
2055-10-12T15:27:40Z,R-02,Hover,Temperature,-75.5,OK
2055-10-12T15:27:41Z,R-03,Walker,Temperature,-15.5,OK
2055-10-12T15:27:44Z,R-03,Walker,Temperature,-55.9,OK
2055-10-12T15:27:45Z,R-04,Hover,Atmosphere,94.6,OK
2055-10-12T15:27:47Z,R-02,Hover,Atmosphere,91.2,OK
2055-10-12T15:27:52Z,R-02,Hover,Atmosphere,97.2,OK
2055-10-12T15:27:57Z,R-02,Hover,Atmosphere,97.7,OK
2055-10-12T15:27:58Z,R-05,Tracked,Temperature,-18.5,OK
2055-10-12T15:27:59Z,R-04,Hover,Radiation,272.7,OK
2055-10-12T15:28:02Z,R-01,Tracked,Atmosphere,91.7,OK
2055-10-12T15:28:06Z,R-03,Walker,Radiation,271.5,OK
2055-10-12T15:28:08Z,R-03,Walker,Radiation,,ERROR
2055-10-12T15:28:09Z,R-02,Hover,Radiation,-100.0,ERROR
2055-10-12T15:28:10Z,R-03,Walker,Temperature,-67.2,OK
2055-10-12T15:28:14Z,R-01,Tracked,Atmosphere,91.6,OK
2055-10-12T15:28:17Z,R-01,Tracked,Temperature,-18.6,OK
2055-10-12T15:28:18Z,R-03,Walker,Radiation,191.1,OK
2055-10-12T15:28:21Z,R-02,Hover,Temperature,-74.0,OK
2055-10-12T15:28:26Z,R-05,Tracked,Temperature,-75.0,OK
2055-10-12T15:28:27Z,R-01,Tracked,Radiation,56.1,OK
2055-10-12T15:28:29Z,R-05,Tracked,Temperature,-58.1,OK
2055-10-12T15:28:32Z,R-04,Hover,Atmosphere,94.9,OK
2055-10-12T15:28:33Z,R-03,Walker,Temperature,-20.6,OK
2055-10-12T15:28:34Z,R-01,Tracked,Atmosphere,92.9,OK
2055-10-12T15:28:36Z,R-03,Walker,Radiation,95.5,OK
2055-10-12T15:28:39Z,R-02,Hover,Temperature,-70.3,OK
2055-10-12T15:28:43Z,R-05,Tracked,Atmosphere,91.1,OK
2055-10-12T15:28:46Z,R-01,Tracked,Radiation,239.8,OK
2055-10-12T15:28:51Z,R-01,Tracked,Radiation,246.1,OK
2055-10-12T15:28:56Z,R-01,Tracked,Atmosphere,91.3,OK
2055-10-12T15:28:57Z,R-02,Hover,Temperature,-28.1,OK
2055-10-12T15:29:00Z,R-04,Hover,Radiation,99999.0,ERROR
2055-10-12T15:29:05Z,R-02,Hover,Temperature,#VALUE!,ERROR
2055-10-12T15:29:06Z,R-05,Tracked,Radiation,447.2,WARNING
2055-10-12T15:29:09Z,R-01,Tracked,Radiation,129.8,OK
2055-10-12T15:29:12Z,R-04,Hover,Temperature,-64.0,OK
2055-10-12T15:29:15Z,R-04,Hover,Atmosphere,96.8,OK
2055-10-12T15:29:19Z,R-03,Walker,Atmosphere,99.6,WARNING
2055-10-12T15:29:21Z,R-01,Tracked,Radiation,71.7,OK
2055-10-12T15:29:26Z,R-01,Tracked,Radiation,466.0,WARNING
2055-10-12T15:29:29Z,R-01,Tracked,Atmosphere,96.7,OK
2055-10-12T15:29:31Z,R-01,Tracked,Atmosphere,ERR,ERROR
2055-10-12T15:29:34Z,R-01,Tracked,Radiation,412.9,WARNING
2055-10-12T15:29:35Z,R-01,Tracked,Atmosphere,99.9,ERROR
2055-10-12T15:29:36Z,R-02,Hover,Radiation,,ERROR
2055-10-12T15:29:39Z,R-01,Tracked,Temperature,-51.5,OK
2055-10-12T15:29:40Z,R-01,Tracked,Temperature,-38.2,OK
2055-10-12T15:29:43Z,R-03,Walker,Temperature,5000.0,ERROR
2055-10-12T15:29:46Z,R-01,Tracked,Radiation,#VALUE!,ERROR
2055-10-12T15:29:50Z,R-03,Walker,Temperature,-29.1,ERROR
2055-10-12T15:29:54Z,R-03,Walker,Temperature,-22.9,OK
2055-10-12T15:29:59Z,R-01,Tracked,Radiation,216.8,OK
2055-10-12T15:30:02Z,R-03,Walker,Radiation,154.3,OK
2055-10-12T15:30:04Z,R-02,Hover,Atmosphere,N/A,ERROR
2055-10-12T15:30:05Z,R-01,Tracked,Temperature,-13.5,OK
2055-10-12T15:30:06Z,R-04,Hover,Radiation,206.3,OK
2055-10-12T15:30:07Z,R-05,Tracked,Atmosphere,92.1,OK
2055-10-12T15:30:11Z,R-02,Hover,Radiation,77.3,OK
2055-10-12T15:30:14Z,R-02,Hover,Radiation,57.9,OK
2055-10-12T15:30:19Z,R-03,Walker,Temperature,-73.5,OK
2055-10-12T15:30:21Z,R-03,Walker,Atmosphere,99.4,OK
2055-10-12T15:30:25Z,R-04,Hover,Radiation,N/A,ERROR
2055-10-12T15:30:26Z,R-03,Walker,Atmosphere,98.3,OK
2055-10-12T15:30:31Z,R-03,Walker,Radiation,99.1,OK
2055-10-12T15:30:32Z,R-01,Tracked,Temperature,-29.5,OK
2055-10-12T15:30:35Z,R-05,Tracked,Radiation,102.1,OK
2055-10-12T15:30:38Z,R-01,Tracked,Atmosphere,97.0,OK
2055-10-12T15:30:43Z,R-05,Tracked,Temperature,-36.4,OK
2055-10-12T15:30:44Z,R-01,Tracked,Atmosphere,NULL,ERROR
2055-10-12T15:30:48Z,R-02,Hover,Temperature,-21.5,OK
2055-10-12T15:30:51Z,R-05,Tracked,Atmosphere,96.6,OK
2055-10-12T15:30:52Z,R-04,Hover,Temperature,-42.1,OK
2055-10-12T15:30:53Z,R-03,Walker,Radiation,174.8,OK
2055-10-12T15:30:58Z,R-04,Hover,Temperature,-32.5,OK
2055-10-12T15:31:03Z,R-05,Tracked,Radiation,62.9,OK
2055-10-12T15:31:07Z,R-01,Tracked,Atmosphere,93.6,OK
2055-10-12T15:31:09Z,R-04,Hover,Radiation,299.6,OK
2055-10-12T15:31:11Z,R-02,Hover,Atmosphere,97.6,ERROR
2055-10-12T15:31:12Z,R-02,Hover,Radiation,73.9,OK
2055-10-12T15:31:14Z,R-05,Tracked,Atmosphere,92.8,OK
2055-10-12T15:31:19Z,R-01,Tracked,Atmosphere,93.3,OK
2055-10-12T15:31:20Z,R-03,Walker,Radiation,ERR,ERROR
2055-10-12T15:31:25Z,R-02,Hover,Temperature,-29.9,OK
2055-10-12T15:31:30Z,R-01,Tracked,Radiation,#VALUE!,ERROR
2055-10-12T15:31:34Z,R-03,Walker,Atmosphere,95.5,OK
2055-10-12T15:31:39Z,R-05,Tracked,Radiation,NaN,ERROR
2055-10-12T15:31:40Z,R-03,Walker,Atmosphere,91.5,OK
2055-10-12T15:31:43Z,R-03,Walker,Temperature,-56.1,OK
2055-10-12T15:31:45Z,R-05,Tracked,Atmosphere,98.7,OK
2055-10-12T15:31:46Z,R-04,Hover,Temperature,-65.3,OK
2055-10-12T15:31:50Z,R-03,Walker,Temperature,-79.8,OK
2055-10-12T15:31:52Z,R-02,Hover,Atmosphere,95.2,OK
2055-10-12T15:31:54Z,R-05,Tracked,Atmosphere,92.2,OK
2055-10-12T15:31:57Z,R-01,Tracked,Atmosphere,95.8,OK
2055-10-12T15:32:02Z,R-04,Hover,Temperature,-18.6,OK
2055-10-12T15:32:03Z,R-02,Hover,Atmosphere,96.2,OK
2055-10-12T15:32:07Z,R-01,Tracked,Temperature,-32.0,OK
2055-10-12T15:32:11Z,R-04,Hover,Atmosphere,93.1,OK
2055-10-12T15:32:13Z,R-05,Tracked,Radiation,211.3,ERROR
2055-10-12T15:32:18Z,R-01,Tracked,Radiation,250.3,OK
2055-10-12T15:32:20Z,R-04,Hover,Temperature,-39.1,OK
2055-10-12T15:32:25Z,R-02,Hover,Radiation,137.1,OK
2055-10-12T15:32:30Z,R-01,Tracked,Atmosphere,98.1,OK
2055-10-12T15:32:31Z,R-03,Walker,Radiation,292.9,OK
2055-10-12T15:32:34Z,R-05,Tracked,Atmosphere,92.2,OK
2055-10-12T15:32:36Z,R-02,Hover,Radiation,143.8,OK
2055-10-12T15:32:41Z,R-03,Walker,Atmosphere,95.2,OK
2055-10-12T15:32:44Z,R-02,Hover,Temperature,-45.0,OK
2055-10-12T15:32:49Z,R-01,Tracked,Temperature,-37.5,OK
2055-10-12T15:32:51Z,R-01,Tracked,Radiation,NaN,ERROR
2055-10-12T15:32:54Z,R-02,Hover,Atmosphere,96.0,OK
2055-10-12T15:32:55Z,R-02,Hover,Atmosphere,98.6,OK
2055-10-12T15:32:59Z,R-05,Tracked,Atmosphere,90.7,OK
2055-10-12T15:33:00Z,R-04,Hover,Temperature,-51.2,ERROR
2055-10-12T15:33:05Z,R-02,Hover,Atmosphere,93.4,OK
2055-10-12T15:33:09Z,R-05,Tracked,Radiation,,ERROR
2055-10-12T15:33:12Z,R-05,Tracked,Radiation,274.8,OK
2055-10-12T15:33:13Z,R-02,Hover,Temperature,-9999.0,ERROR
2055-10-12T15:33:14Z,R-03,Walker,Radiation,250.8,OK
2055-10-12T15:33:16Z,R-01,Tracked,Atmosphere,96.2,OK
2055-10-12T15:33:21Z,R-02,Hover,Atmosphere,91.8,OK
2055-10-12T15:33:25Z,R-03,Walker,Atmosphere,91.2,OK
2055-10-12T15:33:29Z,R-01,Tracked,Atmosphere,,ERROR
2055-10-12T15:33:31Z,R-02,Hover,Temperature,-59.7,OK
2055-10-12T15:33:35Z,R-03,Walker,Radiation,299.5,OK
2055-10-12T15:33:39Z,R-04,Hover,Temperature,-29.7,OK
2055-10-12T15:33:41Z,R-04,Hover,Atmosphere,93.2,WARNING
2055-10-12T15:33:45Z,R-05,Tracked,Atmosphere,92.6,OK
2055-10-12T15:33:49Z,R-05,Tracked,Radiation,201.6,OK
2055-10-12T15:33:50Z,R-02,Hover,Radiation,82.5,OK
2055-10-12T15:33:53Z,R-05,Tracked,Atmosphere,93.8,OK
2055-10-12T15:33:57Z,R-04,Hover,Temperature,NULL,ERROR
2055-10-12T15:33:59Z,R-02,Hover,Temperature,-22.6,OK
2055-10-12T15:34:03Z,R-01,Tracked,Temperature,-76.7,OK
2055-10-12T15:34:05Z,R-03,Walker,Atmosphere,92.0,OK
2055-10-12T15:34:06Z,R-02,Hover,Temperature,-24.0,OK
2055-10-12T15:34:09Z,R-01,Tracked,Radiation,NULL,ERROR
2055-10-12T15:34:12Z,R-01,Tracked,Radiation,93.2,OK
2055-10-12T15:34:14Z,R-03,Walker,Temperature,-32.9,OK
2055-10-12T15:34:17Z,R-02,Hover,Temperature,-36.3,OK
2055-10-12T15:34:19Z,R-03,Walker,Temperature,-69.5,OK
2055-10-12T15:34:22Z,R-05,Tracked,Radiation,253.9,OK
2055-10-12T15:34:23Z,R-02,Hover,Temperature,5000.0,ERROR
2055-10-12T15:34:26Z,R-02,Hover,Radiation,130.6,OK
2055-10-12T15:34:31Z,R-05,Tracked,Atmosphere,95.5,OK
2055-10-12T15:34:35Z,R-02,Hover,Atmosphere,97.1,OK
2055-10-12T15:34:39Z,R-05,Tracked,Radiation,135.9,OK
2055-10-12T15:34:40Z,R-03,Walker,Radiation,218.2,OK
2055-10-12T15:34:42Z,R-01,Tracked,Radiation,235.0,OK
2055-10-12T15:34:44Z,R-05,Tracked,Temperature,-48.6,OK
2055-10-12T15:34:49Z,R-02,Hover,Temperature,-50.4,OK
2055-10-12T15:34:53Z,R-03,Walker,Temperature,-30.1,OK
2055-10-12T15:34:58Z,R-03,Walker,Radiation,214.5,OK
2055-10-12T15:35:00Z,R-03,Walker,Atmosphere,99.5,OK
2055-10-12T15:35:05Z,R-03,Walker,Atmosphere,98.3,OK
2055-10-12T15:35:06Z,R-03,Walker,Radiation,180.7,OK
2055-10-12T15:35:07Z,R-05,Tracked,Temperature,-39.5,OK
2055-10-12T15:35:09Z,R-02,Hover,Atmosphere,95.1,OK
2055-10-12T15:35:11Z,R-02,Hover,Atmosphere,95.1,OK
2055-10-12T15:35:14Z,R-05,Tracked,Atmosphere,NULL,ERROR
2055-10-12T15:35:19Z,R-03,Walker,Radiation,,ERROR
2055-10-12T15:35:22Z,R-01,Tracked,Temperature,-72.7,OK
2055-10-12T15:35:23Z,R-02,Hover,Temperature,-49.4,OK
2055-10-12T15:35:24Z,R-03,Walker,Radiation,92.8,OK
2055-10-12T15:35:26Z,R-01,Tracked,Temperature,-48.6,OK
2055-10-12T15:35:30Z,R-04,Hover,Temperature,-77.1,OK
2055-10-12T15:35:35Z,R-02,Hover,Temperature,-21.3,OK
2055-10-12T15:35:38Z,R-03,Walker,Atmosphere,92.0,OK
2055-10-12T15:35:41Z,R-05,Tracked,Temperature,-57.7,OK
2055-10-12T15:35:46Z,R-01,Tracked,Atmosphere,96.5,OK
2055-10-12T15:35:48Z,R-03,Walker,Radiation,87.5,OK
2055-10-12T15:35:49Z,R-01,Tracked,Radiation,90.8,OK
2055-10-12T15:35:50Z,R-05,Tracked,Atmosphere,94.1,OK
2055-10-12T15:35:51Z,R-04,Hover,Atmosphere,94.3,OK
2055-10-12T15:35:53Z,R-03,Walker,Radiation,241.7,OK
2055-10-12T15:35:57Z,R-01,Tracked,Atmosphere,96.3,OK
2055-10-12T15:36:00Z,R-04,Hover,Atmosphere,100.0,OK
2055-10-12T15:36:04Z,R-05,Tracked,Atmosphere,99.2,OK
2055-10-12T15:36:08Z,R-03,Walker,Atmosphere,96.5,OK
2055-10-12T15:36:12Z,R-01,Tracked,Temperature,-11.8,OK
2055-10-12T15:36:15Z,R-02,Hover,Radiation,288.3,OK
2055-10-12T15:36:18Z,R-03,Walker,Atmosphere,NULL,ERROR
2055-10-12T15:36:22Z,R-05,Tracked,Temperature,-76.5,OK
2055-10-12T15:36:26Z,R-05,Tracked,Radiation,142.8,OK
2055-10-12T15:36:28Z,R-05,Tracked,Radiation,279.6,OK
2055-10-12T15:36:30Z,R-03,Walker,Temperature,,ERROR
2055-10-12T15:36:33Z,R-03,Walker,Temperature,-59.1,OK
2055-10-12T15:36:37Z,R-02,Hover,Radiation,220.7,OK
2055-10-12T15:36:38Z,R-03,Walker,Atmosphere,97.6,OK
2055-10-12T15:36:42Z,R-03,Walker,Temperature,-63.6,OK
2055-10-12T15:36:43Z,R-03,Walker,Atmosphere,91.7,OK
2055-10-12T15:36:44Z,R-05,Tracked,Atmosphere,95.2,OK
2055-10-12T15:36:47Z,R-01,Tracked,Atmosphere,90.9,OK
2055-10-12T15:36:52Z,R-02,Hover,Radiation,196.8,OK
2055-10-12T15:36:53Z,R-01,Tracked,Temperature,-49.7,OK
2055-10-12T15:36:57Z,R-03,Walker,Temperature,-51.4,OK
2055-10-12T15:36:59Z,R-05,Tracked,Temperature,-29.7,OK
2055-10-12T15:37:03Z,R-05,Tracked,Radiation,93.2,OK
2055-10-12T15:37:08Z,R-02,Hover,Temperature,-12.5,OK
2055-10-12T15:37:10Z,R-01,Tracked,Radiation,55.5,OK
2055-10-12T15:37:15Z,R-04,Hover,Atmosphere,96.4,OK
2055-10-12T15:37:19Z,R-04,Hover,Temperature,-36.8,OK
2055-10-12T15:37:24Z,R-04,Hover,Radiation,102.2,OK
2055-10-12T15:37:27Z,R-04,Hover,Atmosphere,94.2,OK
2055-10-12T15:37:29Z,R-01,Tracked,Temperature,-65.4,OK
2055-10-12T15:37:33Z,R-01,Tracked,Radiation,208.7,OK
2055-10-12T15:37:36Z,R-02,Hover,Temperature,-25.1,WARNING
2055-10-12T15:37:38Z,R-04,Hover,Atmosphere,93.3,OK
2055-10-12T15:37:39Z,R-02,Hover,Atmosphere,98.6,OK
2055-10-12T15:37:40Z,R-03,Walker,Atmosphere,93.5,OK
2055-10-12T15:37:44Z,R-01,Tracked,Temperature,-32.8,OK
2055-10-12T15:37:49Z,R-02,Hover,Temperature,-52.8,OK
2055-10-12T15:37:53Z,R-03,Walker,Radiation,282.0,OK
2055-10-12T15:37:57Z,R-05,Tracked,Radiation,285.7,OK
2055-10-12T15:37:59Z,R-04,Hover,Radiation,88.1,OK
2055-10-12T15:38:03Z,R-04,Hover,Temperature,-43.3,OK
2055-10-12T15:38:08Z,R-05,Tracked,Temperature,5000.0,ERROR
2055-10-12T15:38:13Z,R-02,Hover,Temperature,-18.2,OK
2055-10-12T15:38:18Z,R-01,Tracked,Atmosphere,98.0,OK
2055-10-12T15:38:21Z,R-01,Tracked,Radiation,69.8,OK
2055-10-12T15:38:26Z,R-01,Tracked,Radiation,136.1,OK
2055-10-12T15:38:29Z,R-02,Hover,Temperature,-12.8,OK
2055-10-12T15:38:31Z,R-04,Hover,Atmosphere,94.9,OK
2055-10-12T15:38:33Z,R-04,Hover,Temperature,-54.6,OK
2055-10-12T15:38:34Z,R-01,Tracked,Radiation,63.9,OK
2055-10-12T15:38:38Z,R-02,Hover,Radiation,,ERROR
2055-10-12T15:38:43Z,R-04,Hover,Temperature,-51.1,OK
2055-10-12T15:38:47Z,R-04,Hover,Radiation,99.7,OK
2055-10-12T15:38:48Z,R-05,Tracked,Temperature,-39.6,OK
2055-10-12T15:38:53Z,R-02,Hover,Atmosphere,95.3,ERROR
2055-10-12T15:38:56Z,R-04,Hover,Radiation,276.7,OK
2055-10-12T15:39:01Z,R-03,Walker,Atmosphere,94.7,OK
2055-10-12T15:39:06Z,R-04,Hover,Temperature,-55.7,OK
2055-10-12T15:39:08Z,R-02,Hover,Temperature,-66.2,OK
2055-10-12T15:39:11Z,R-05,Tracked,Radiation,158.4,OK
2055-10-12T15:39:15Z,R-05,Tracked,Temperature,-64.8,OK
2055-10-12T15:39:20Z,R-02,Hover,Radiation,296.4,OK
2055-10-12T15:39:22Z,R-05,Tracked,Temperature,-80.0,OK
2055-10-12T15:39:27Z,R-05,Tracked,Temperature,NULL,ERROR
2055-10-12T15:39:32Z,R-03,Walker,Temperature,-40.4,OK
2055-10-12T15:39:34Z,R-04,Hover,Atmosphere,90.5,OK
2055-10-12T15:39:39Z,R-03,Walker,Radiation,69.0,ERROR
2055-10-12T15:39:42Z,R-03,Walker,Radiation,260.9,OK
2055-10-12T15:39:47Z,R-05,Tracked,Temperature,-9999.0,ERROR
2055-10-12T15:39:49Z,R-02,Hover,Atmosphere,94.0,OK
2055-10-12T15:39:53Z,R-04,Hover,Radiation,54.2,OK
2055-10-12T15:39:56Z,R-04,Hover,Atmosphere,98.0,WARNING
2055-10-12T15:39:59Z,R-04,Hover,Atmosphere,93.5,OK
2055-10-12T15:40:03Z,R-01,Tracked,Atmosphere,90.1,OK
2055-10-12T15:40:04Z,R-01,Tracked,Radiation,449.6,WARNING
2055-10-12T15:40:06Z,R-05,Tracked,Atmosphere,94.3,OK
2055-10-12T15:40:07Z,R-04,Hover,Atmosphere,92.4,OK
2055-10-12T15:40:11Z,R-01,Tracked,Temperature,-39.8,OK
2055-10-12T15:40:16Z,R-04,Hover,Temperature,-66.4,OK
2055-10-12T15:40:20Z,R-03,Walker,Temperature,-12.9,OK
2055-10-12T15:40:24Z,R-02,Hover,Radiation,446.4,WARNING
2055-10-12T15:40:25Z,R-03,Walker,Radiation,211.7,OK
2055-10-12T15:40:28Z,R-03,Walker,Temperature,-32.9,OK
2055-10-12T15:40:33Z,R-04,Hover,Temperature,-9999.0,ERROR
2055-10-12T15:40:38Z,R-04,Hover,Radiation,183.6,OK
2055-10-12T15:40:42Z,R-03,Walker,Radiation,215.7,OK
2055-10-12T15:40:47Z,R-04,Hover,Radiation,206.8,OK
2055-10-12T15:40:51Z,R-05,Tracked,Atmosphere,NaN,ERROR
2055-10-12T15:40:52Z,R-05,Tracked,Temperature,-56.4,OK
2055-10-12T15:40:56Z,R-03,Walker,Radiation,-100.0,ERROR
2055-10-12T15:40:58Z,R-05,Tracked,Temperature,-13.8,OK
2055-10-12T15:41:00Z,R-05,Tracked,Atmosphere,99.1,OK
2055-10-12T15:41:05Z,R-05,Tracked,Atmosphere,91.4,OK
2055-10-12T15:41:10Z,R-05,Tracked,Radiation,187.3,OK
2055-10-12T15:41:13Z,R-01,Tracked,Radiation,162.3,OK
2055-10-12T15:41:14Z,R-05,Tracked,Radiation,283.4,OK
2055-10-12T15:41:17Z,R-03,Walker,Temperature,-78.9,OK
2055-10-12T15:41:19Z,R-04,Hover,Temperature,-10.3,OK
2055-10-12T15:41:24Z,R-03,Walker,Radiation,245.7,OK
2055-10-12T15:41:29Z,R-02,Hover,Radiation,229.9,OK
2055-10-12T15:41:33Z,R-04,Hover,Atmosphere,90.1,OK
2055-10-12T15:41:35Z,R-04,Hover,Temperature,ERR,ERROR
2055-10-12T15:41:39Z,R-04,Hover,Temperature,-40.9,OK
2055-10-12T15:41:42Z,R-02,Hover,Temperature,-25.7,OK
2055-10-12T15:41:43Z,R-02,Hover,Radiation,242.2,OK
2055-10-12T15:41:46Z,R-03,Walker,Radiation,167.7,OK
2055-10-12T15:41:48Z,R-02,Hover,Atmosphere,92.4,OK
2055-10-12T15:41:49Z,R-02,Hover,Temperature,-23.3,OK
2055-10-12T15:41:52Z,R-03,Walker,Atmosphere,92.2,OK
2055-10-12T15:41:55Z,R-02,Hover,Atmosphere,97.9,OK
2055-10-12T15:42:00Z,R-02,Hover,Atmosphere,,ERROR
2055-10-12T15:42:05Z,R-02,Hover,Temperature,-41.4,OK
2055-10-12T15:42:08Z,R-02,Hover,Atmosphere,91.6,OK
2055-10-12T15:42:11Z,R-04,Hover,Radiation,N/A,ERROR
2055-10-12T15:42:14Z,R-02,Hover,Temperature,-68.7,OK
2055-10-12T15:42:18Z,R-05,Tracked,Temperature,-41.1,WARNING
2055-10-12T15:42:23Z,R-04,Hover,Temperature,-34.5,OK
2055-10-12T15:42:24Z,R-01,Tracked,Temperature,-63.2,OK
2055-10-12T15:42:26Z,R-05,Tracked,Radiation,139.9,OK
2055-10-12T15:42:27Z,R-01,Tracked,Temperature,-9999.0,ERROR
2055-10-12T15:42:32Z,R-01,Tracked,Atmosphere,96.4,OK
2055-10-12T15:42:33Z,R-02,Hover,Radiation,78.2,OK
2055-10-12T15:42:37Z,R-01,Tracked,Radiation,165.5,OK
2055-10-12T15:42:39Z,R-05,Tracked,Radiation,275.5,OK
2055-10-12T15:42:43Z,R-02,Hover,Temperature,-42.0,OK
2055-10-12T15:42:48Z,R-05,Tracked,Atmosphere,,ERROR
2055-10-12T15:42:52Z,R-03,Walker,Atmosphere,95.1,OK
2055-10-12T15:42:56Z,R-05,Tracked,Atmosphere,96.6,WARNING
2055-10-12T15:42:57Z,R-03,Walker,Temperature,-72.9,OK
2055-10-12T15:42:58Z,R-01,Tracked,Radiation,109.6,OK
2055-10-12T15:43:03Z,R-03,Walker,Atmosphere,97.0,OK
2055-10-12T15:43:05Z,R-04,Hover,Radiation,199.0,OK
2055-10-12T15:43:06Z,R-02,Hover,Atmosphere,99.8,OK
2055-10-12T15:43:08Z,R-03,Walker,Temperature,-27.2,OK
2055-10-12T15:43:11Z,R-05,Tracked,Temperature,-64.8,OK
2055-10-12T15:43:12Z,R-04,Hover,Temperature,-68.2,OK
2055-10-12T15:43:16Z,R-04,Hover,Temperature,-58.5,OK
2055-10-12T15:43:19Z,R-01,Tracked,Radiation,235.1,OK
2055-10-12T15:43:24Z,R-02,Hover,Radiation,105.0,OK
2055-10-12T15:43:26Z,R-04,Hover,Temperature,-44.6,OK
2055-10-12T15:43:27Z,R-01,Tracked,Radiation,261.9,OK
2055-10-12T15:43:30Z,R-05,Tracked,Temperature,-29.7,OK
2055-10-12T15:43:32Z,R-04,Hover,Atmosphere,92.7,OK
2055-10-12T15:43:36Z,R-03,Walker,Temperature,-61.4,OK
2055-10-12T15:43:37Z,R-01,Tracked,Radiation,,ERROR
2055-10-12T15:43:39Z,R-03,Walker,Radiation,204.6,OK
2055-10-12T15:43:43Z,R-03,Walker,Atmosphere,98.8,OK
2055-10-12T15:43:48Z,R-01,Tracked,Atmosphere,ERR,ERROR
2055-10-12T15:43:49Z,R-02,Hover,Radiation,89.1,OK
2055-10-12T15:43:51Z,R-05,Tracked,Atmosphere,98.4,OK
2055-10-12T15:43:53Z,R-04,Hover,Radiation,494.5,WARNING
2055-10-12T15:43:57Z,R-05,Tracked,Radiation,86.5,OK
2055-10-12T15:44:02Z,R-01,Tracked,Temperature,-16.3,OK
2055-10-12T15:44:06Z,R-03,Walker,Atmosphere,NULL,ERROR
2055-10-12T15:44:07Z,R-02,Hover,Radiation,193.7,OK
2055-10-12T15:44:12Z,R-05,Tracked,Atmosphere,96.1,OK
2055-10-12T15:44:14Z,R-01,Tracked,Temperature,-53.7,OK
2055-10-12T15:44:16Z,R-03,Walker,Radiation,80.2,OK
2055-10-12T15:44:19Z,R-05,Tracked,Atmosphere,90.5,OK
2055-10-12T15:44:24Z,R-02,Hover,Atmosphere,91.9,ERROR
2055-10-12T15:44:28Z,R-05,Tracked,Atmosphere,98.3,OK
2055-10-12T15:44:33Z,R-01,Tracked,Radiation,99999.0,ERROR
2055-10-12T15:44:38Z,R-03,Walker,Atmosphere,92.2,OK
2055-10-12T15:44:41Z,R-04,Hover,Atmosphere,91.1,OK
2055-10-12T15:44:42Z,R-02,Hover,Atmosphere,91.4,OK
2055-10-12T15:44:43Z,R-03,Walker,Atmosphere,92.9,ERROR
2055-10-12T15:44:45Z,R-01,Tracked,Temperature,#VALUE!,ERROR
2055-10-12T15:44:49Z,R-03,Walker,Atmosphere,98.8,OK
2055-10-12T15:44:52Z,R-02,Hover,Temperature,-57.3,OK
2055-10-12T15:44:57Z,R-05,Tracked,Atmosphere,98.7,OK
2055-10-12T15:44:59Z,R-02,Hover,Radiation,79.3,OK
2055-10-12T15:45:04Z,R-03,Walker,Atmosphere,95.7,OK
2055-10-12T15:45:05Z,R-05,Tracked,Radiation,456.0,WARNING
2055-10-12T15:45:10Z,R-03,Walker,Radiation,77.3,OK
2055-10-12T15:45:12Z,R-04,Hover,Radiation,436.3,WARNING
2055-10-12T15:45:16Z,R-02,Hover,Temperature,-67.2,OK
2055-10-12T15:45:20Z,R-02,Hover,Radiation,126.1,OK
2055-10-12T15:45:24Z,R-04,Hover,Radiation,213.8,OK
2055-10-12T15:45:25Z,R-04,Hover,Radiation,99.7,OK
2055-10-12T15:45:26Z,R-03,Walker,Atmosphere,96.8,OK
2055-10-12T15:45:30Z,R-01,Tracked,Atmosphere,99.8,WARNING
2055-10-12T15:45:33Z,R-01,Tracked,Radiation,-100.0,ERROR
2055-10-12T15:45:37Z,R-01,Tracked,Atmosphere,92.3,OK
2055-10-12T15:45:42Z,R-03,Walker,Atmosphere,95.0,OK
2055-10-12T15:45:43Z,R-03,Walker,Radiation,65.4,OK
2055-10-12T15:45:44Z,R-01,Tracked,Radiation,101.0,OK
2055-10-12T15:45:47Z,R-04,Hover,Atmosphere,98.7,OK
2055-10-12T15:45:50Z,R-05,Tracked,Atmosphere,96.8,OK
2055-10-12T15:45:55Z,R-05,Tracked,Radiation,425.6,WARNING
2055-10-12T15:45:56Z,R-01,Tracked,Radiation,86.7,OK
2055-10-12T15:46:00Z,R-05,Tracked,Radiation,273.9,OK
2055-10-12T15:46:03Z,R-01,Tracked,Atmosphere,90.2,OK
2055-10-12T15:46:04Z,R-02,Hover,Radiation,199.3,OK
2055-10-12T15:46:05Z,R-05,Tracked,Radiation,61.4,OK
2055-10-12T15:46:06Z,R-02,Hover,Atmosphere,94.0,ERROR
2055-10-12T15:46:11Z,R-02,Hover,Atmosphere,93.8,OK
2055-10-12T15:46:14Z,R-05,Tracked,Radiation,56.8,OK
2055-10-12T15:46:17Z,R-01,Tracked,Atmosphere,95.2,OK
2055-10-12T15:46:20Z,R-01,Tracked,Temperature,-60.9,OK
2055-10-12T15:46:22Z,R-02,Hover,Temperature,5000.0,ERROR
2055-10-12T15:46:24Z,R-05,Tracked,Radiation,90.4,OK
2055-10-12T15:46:26Z,R-04,Hover,Radiation,185.2,OK
2055-10-12T15:46:30Z,R-01,Tracked,Atmosphere,97.9,ERROR
2055-10-12T15:46:32Z,R-01,Tracked,Radiation,,ERROR
2055-10-12T15:46:36Z,R-05,Tracked,Radiation,99999.0,ERROR
2055-10-12T15:46:41Z,R-05,Tracked,Temperature,-51.8,OK
2055-10-12T15:46:43Z,R-02,Hover,Radiation,257.3,OK
2055-10-12T15:46:46Z,R-04,Hover,Temperature,-77.3,OK
2055-10-12T15:46:47Z,R-03,Walker,Atmosphere,95.6,OK
2055-10-12T15:46:49Z,R-02,Hover,Temperature,-45.4,OK
2055-10-12T15:46:52Z,R-02,Hover,Radiation,277.4,OK
2055-10-12T15:46:54Z,R-03,Walker,Radiation,109.4,ERROR
2055-10-12T15:46:58Z,R-02,Hover,Temperature,-37.3,OK
2055-10-12T15:47:03Z,R-04,Hover,Temperature,-45.0,OK
2055-10-12T15:47:06Z,R-02,Hover,Temperature,-18.1,OK
2055-10-12T15:47:09Z,R-03,Walker,Atmosphere,90.4,OK
2055-10-12T15:47:11Z,R-03,Walker,Temperature,-66.4,OK
2055-10-12T15:47:15Z,R-01,Tracked,Temperature,-19.9,OK
2055-10-12T15:47:17Z,R-05,Tracked,Radiation,274.5,OK
2055-10-12T15:47:19Z,R-02,Hover,Temperature,-42.2,OK
2055-10-12T15:47:20Z,R-03,Walker,Atmosphere,97.9,OK
2055-10-12T15:47:22Z,R-05,Tracked,Temperature,-69.9,OK
2055-10-12T15:47:26Z,R-02,Hover,Temperature,-51.7,OK
2055-10-12T15:47:29Z,R-04,Hover,Temperature,-56.6,OK
2055-10-12T15:47:34Z,R-02,Hover,Radiation,191.9,OK
2055-10-12T15:47:36Z,R-04,Hover,Atmosphere,N/A,ERROR
2055-10-12T15:47:38Z,R-04,Hover,Atmosphere,95.9,OK
2055-10-12T15:47:43Z,R-04,Hover,Atmosphere,91.2,ERROR
2055-10-12T15:47:48Z,R-04,Hover,Radiation,57.9,OK
2055-10-12T15:47:53Z,R-02,Hover,Atmosphere,,ERROR
2055-10-12T15:47:54Z,R-05,Tracked,Atmosphere,90.3,OK
2055-10-12T15:47:58Z,R-01,Tracked,Temperature,-47.3,OK
2055-10-12T15:48:00Z,R-05,Tracked,Radiation,125.5,OK
2055-10-12T15:48:01Z,R-03,Walker,Radiation,206.4,OK
2055-10-12T15:48:06Z,R-03,Walker,Atmosphere,99.9,OK
2055-10-12T15:48:09Z,R-01,Tracked,Atmosphere,94.1,OK
2055-10-12T15:48:10Z,R-04,Hover,Atmosphere,95.0,OK
2055-10-12T15:48:13Z,R-04,Hover,Radiation,180.6,OK
2055-10-12T15:48:18Z,R-03,Walker,Atmosphere,93.2,OK
2055-10-12T15:48:21Z,R-02,Hover,Atmosphere,96.8,OK
2055-10-12T15:48:23Z,R-05,Tracked,Temperature,-50.0,OK
2055-10-12T15:48:25Z,R-03,Walker,Temperature,-44.4,OK
2055-10-12T15:48:27Z,R-01,Tracked,Temperature,-9999.0,ERROR
2055-10-12T15:48:32Z,R-03,Walker,Radiation,462.9,WARNING
2055-10-12T15:48:33Z,R-05,Tracked,Atmosphere,NaN,ERROR
2055-10-12T15:48:35Z,R-05,Tracked,Radiation,99999.0,ERROR
2055-10-12T15:48:37Z,R-03,Walker,Radiation,185.6,OK
2055-10-12T15:48:39Z,R-02,Hover,Radiation,192.4,OK
2055-10-12T15:48:42Z,R-05,Tracked,Radiation,183.7,OK
2055-10-12T15:48:44Z,R-02,Hover,Temperature,-68.9,WARNING
2055-10-12T15:48:48Z,R-03,Walker,Atmosphere,94.7,OK
2055-10-12T15:48:52Z,R-01,Tracked,Temperature,-79.3,OK
2055-10-12T15:48:54Z,R-03,Walker,Atmosphere,90.5,OK
2055-10-12T15:48:57Z,R-01,Tracked,Temperature,-56.8,OK
2055-10-12T15:49:02Z,R-05,Tracked,Atmosphere,93.6,OK
2055-10-12T15:49:03Z,R-02,Hover,Radiation,243.2,OK
2055-10-12T15:49:04Z,R-01,Tracked,Radiation,179.6,OK
2055-10-12T15:49:07Z,R-04,Hover,Radiation,135.0,OK
2055-10-12T15:49:12Z,R-01,Tracked,Temperature,-52.2,WARNING
2055-10-12T15:49:17Z,R-04,Hover,Radiation,108.2,OK
2055-10-12T15:49:21Z,R-05,Tracked,Radiation,216.9,OK
2055-10-12T15:49:26Z,R-02,Hover,Radiation,239.2,OK
2055-10-12T15:49:29Z,R-04,Hover,Temperature,-66.3,OK
2055-10-12T15:49:32Z,R-04,Hover,Radiation,149.2,OK
2055-10-12T15:49:34Z,R-04,Hover,Atmosphere,,ERROR
2055-10-12T15:49:38Z,R-04,Hover,Radiation,116.0,OK
2055-10-12T15:49:40Z,R-01,Tracked,Radiation,123.1,OK
2055-10-12T15:49:44Z,R-03,Walker,Radiation,217.6,OK
2055-10-12T15:49:46Z,R-01,Tracked,Temperature,-14.5,WARNING
2055-10-12T15:49:50Z,R-05,Tracked,Temperature,-28.9,OK
2055-10-12T15:49:51Z,R-03,Walker,Radiation,292.3,OK
2055-10-12T15:49:54Z,R-02,Hover,Radiation,112.3,OK
2055-10-12T15:49:59Z,R-01,Tracked,Temperature,-42.3,OK
2055-10-12T15:50:00Z,R-04,Hover,Temperature,-63.3,OK
2055-10-12T15:50:01Z,R-03,Walker,Atmosphere,90.6,WARNING
2055-10-12T15:50:05Z,R-04,Hover,Temperature,-9999.0,ERROR
2055-10-12T15:50:10Z,R-05,Tracked,Atmosphere,91.1,ERROR
2055-10-12T15:50:15Z,R-01,Tracked,Radiation,224.0,OK
2055-10-12T15:50:19Z,R-01,Tracked,Atmosphere,96.9,OK
2055-10-12T15:50:21Z,R-04,Hover,Temperature,-23.5,OK
2055-10-12T15:50:22Z,R-01,Tracked,Temperature,-21.9,OK
2055-10-12T15:50:23Z,R-04,Hover,Atmosphere,98.4,OK
2055-10-12T15:50:26Z,R-03,Walker,Radiation,167.7,OK
2055-10-12T15:50:31Z,R-02,Hover,Atmosphere,90.5,OK
2055-10-12T15:50:32Z,R-05,Tracked,Atmosphere,94.3,OK
2055-10-12T15:50:34Z,R-05,Tracked,Atmosphere,92.5,ERROR
2055-10-12T15:50:38Z,R-02,Hover,Temperature,-39.8,OK
2055-10-12T15:50:41Z,R-04,Hover,Radiation,249.3,OK
2055-10-12T15:50:46Z,R-02,Hover,Radiation,222.0,OK
2055-10-12T15:50:51Z,R-02,Hover,Atmosphere,94.1,OK
2055-10-12T15:50:53Z,R-03,Walker,Radiation,264.5,OK
2055-10-12T15:50:54Z,R-04,Hover,Temperature,-14.9,OK
2055-10-12T15:50:56Z,R-04,Hover,Radiation,79.2,ERROR
2055-10-12T15:50:57Z,R-04,Hover,Temperature,-13.1,OK
2055-10-12T15:50:58Z,R-04,Hover,Temperature,-39.6,WARNING
2055-10-12T15:51:01Z,R-02,Hover,Temperature,-58.7,OK
2055-10-12T15:51:04Z,R-02,Hover,Radiation,166.0,OK
2055-10-12T15:51:08Z,R-02,Hover,Temperature,-37.3,OK
2055-10-12T15:51:13Z,R-04,Hover,Radiation,273.6,OK
2055-10-12T15:51:17Z,R-03,Walker,Temperature,-39.3,OK
2055-10-12T15:51:21Z,R-05,Tracked,Temperature,-11.3,OK
2055-10-12T15:51:22Z,R-01,Tracked,Radiation,88.1,OK
2055-10-12T15:51:24Z,R-04,Hover,Radiation,223.2,OK
2055-10-12T15:51:29Z,R-02,Hover,Radiation,77.0,OK
2055-10-12T15:51:31Z,R-05,Tracked,Radiation,156.7,OK
2055-10-12T15:51:34Z,R-01,Tracked,Radiation,249.0,OK
2055-10-12T15:51:35Z,R-02,Hover,Atmosphere,98.6,OK
2055-10-12T15:51:37Z,R-03,Walker,Atmosphere,95.3,OK
2055-10-12T15:51:38Z,R-05,Tracked,Radiation,108.4,OK
2055-10-12T15:51:41Z,R-01,Tracked,Atmosphere,91.3,OK
2055-10-12T15:51:46Z,R-03,Walker,Atmosphere,95.4,OK
2055-10-12T15:51:47Z,R-04,Hover,Atmosphere,97.8,OK
2055-10-12T15:51:49Z,R-05,Tracked,Atmosphere,90.9,WARNING
2055-10-12T15:51:53Z,R-02,Hover,Atmosphere,91.7,OK
2055-10-12T15:51:55Z,R-01,Tracked,Radiation,272.4,OK
2055-10-12T15:51:58Z,R-05,Tracked,Atmosphere,98.9,OK
2055-10-12T15:52:01Z,R-01,Tracked,Radiation,156.1,OK
2055-10-12T15:52:06Z,R-03,Walker,Temperature,-27.4,OK
2055-10-12T15:52:08Z,R-01,Tracked,Atmosphere,100.0,OK
2055-10-12T15:52:11Z,R-02,Hover,Temperature,-76.4,OK
2055-10-12T15:52:14Z,R-01,Tracked,Radiation,151.9,OK
2055-10-12T15:52:19Z,R-03,Walker,Temperature,-53.7,WARNING
2055-10-12T15:52:23Z,R-02,Hover,Atmosphere,90.5,OK
2055-10-12T15:52:24Z,R-01,Tracked,Temperature,-21.8,OK
2055-10-12T15:52:29Z,R-03,Walker,Radiation,260.1,OK
2055-10-12T15:52:32Z,R-03,Walker,Radiation,492.0,WARNING
2055-10-12T15:52:37Z,R-02,Hover,Atmosphere,96.4,OK
2055-10-12T15:52:40Z,R-01,Tracked,Temperature,5000.0,ERROR
2055-10-12T15:52:41Z,R-02,Hover,Radiation,274.3,OK
2055-10-12T15:52:45Z,R-01,Tracked,Atmosphere,,ERROR
2055-10-12T15:52:49Z,R-03,Walker,Radiation,,ERROR
2055-10-12T15:52:54Z,R-05,Tracked,Radiation,256.6,OK
2055-10-12T15:52:55Z,R-05,Tracked,Temperature,-74.4,OK
2055-10-12T15:52:57Z,R-05,Tracked,Atmosphere,95.3,OK
2055-10-12T15:52:59Z,R-02,Hover,Temperature,-53.1,OK
2055-10-12T15:53:04Z,R-04,Hover,Radiation,207.1,OK
2055-10-12T15:53:09Z,R-04,Hover,Atmosphere,90.2,OK
2055-10-12T15:53:11Z,R-01,Tracked,Radiation,77.4,OK
2055-10-12T15:53:13Z,R-03,Walker,Temperature,NULL,ERROR
2055-10-12T15:53:14Z,R-01,Tracked,Radiation,475.6,WARNING
2055-10-12T15:53:16Z,R-01,Tracked,Temperature,-10.0,OK
2055-10-12T15:53:19Z,R-02,Hover,Radiation,265.5,OK
2055-10-12T15:53:23Z,R-01,Tracked,Atmosphere,99.0,OK
2055-10-12T15:53:26Z,R-05,Tracked,Atmosphere,91.5,OK
2055-10-12T15:53:30Z,R-03,Walker,Temperature,#VALUE!,ERROR
2055-10-12T15:53:33Z,R-05,Tracked,Temperature,-19.3,ERROR
2055-10-12T15:53:37Z,R-01,Tracked,Temperature,,ERROR
2055-10-12T15:53:38Z,R-02,Hover,Temperature,-14.6,OK
2055-10-12T15:53:40Z,R-02,Hover,Atmosphere,95.2,OK
2055-10-12T15:53:41Z,R-05,Tracked,Temperature,-64.3,OK
2055-10-12T15:53:43Z,R-04,Hover,Temperature,-64.2,OK
2055-10-12T15:53:46Z,R-01,Tracked,Radiation,241.4,OK
2055-10-12T15:53:49Z,R-05,Tracked,Radiation,174.8,OK
2055-10-12T15:53:54Z,R-02,Hover,Radiation,263.1,OK
2055-10-12T15:53:57Z,R-04,Hover,Atmosphere,99.6,OK
2055-10-12T15:53:59Z,R-01,Tracked,Temperature,,ERROR
2055-10-12T15:54:04Z,R-05,Tracked,Atmosphere,96.0,OK
2055-10-12T15:54:05Z,R-01,Tracked,Temperature,-25.5,OK
2055-10-12T15:54:08Z,R-02,Hover,Radiation,466.6,WARNING
2055-10-12T15:54:10Z,R-01,Tracked,Atmosphere,90.1,OK
2055-10-12T15:54:11Z,R-04,Hover,Temperature,-18.6,OK
2055-10-12T15:54:12Z,R-03,Walker,Temperature,-10.1,OK
2055-10-12T15:54:14Z,R-05,Tracked,Temperature,-41.7,ERROR
2055-10-12T15:54:19Z,R-05,Tracked,Radiation,160.9,OK
2055-10-12T15:54:23Z,R-02,Hover,Temperature,-33.9,OK
2055-10-12T15:54:25Z,R-05,Tracked,Atmosphere,91.3,OK
2055-10-12T15:54:30Z,R-02,Hover,Temperature,-62.0,OK
2055-10-12T15:54:34Z,R-03,Walker,Atmosphere,98.1,OK
2055-10-12T15:54:37Z,R-05,Tracked,Radiation,243.0,OK
2055-10-12T15:54:42Z,R-01,Tracked,Atmosphere,90.9,OK
2055-10-12T15:54:46Z,R-03,Walker,Temperature,-71.2,OK
2055-10-12T15:54:49Z,R-03,Walker,Radiation,85.2,OK
2055-10-12T15:54:50Z,R-02,Hover,Atmosphere,N/A,ERROR
2055-10-12T15:54:55Z,R-01,Tracked,Temperature,-54.4,OK
2055-10-12T15:55:00Z,R-04,Hover,Radiation,169.0,OK
2055-10-12T15:55:01Z,R-05,Tracked,Temperature,-47.7,OK
2055-10-12T15:55:05Z,R-01,Tracked,Radiation,-100.0,ERROR
2055-10-12T15:55:10Z,R-03,Walker,Atmosphere,96.1,OK
2055-10-12T15:55:13Z,R-02,Hover,Temperature,-64.8,OK
2055-10-12T15:55:17Z,R-01,Tracked,Radiation,141.4,OK
2055-10-12T15:55:19Z,R-05,Tracked,Atmosphere,92.1,WARNING
2055-10-12T15:55:20Z,R-05,Tracked,Temperature,-24.7,OK
2055-10-12T15:55:25Z,R-05,Tracked,Temperature,-74.2,OK
2055-10-12T15:55:29Z,R-05,Tracked,Radiation,63.6,OK
2055-10-12T15:55:33Z,R-05,Tracked,Radiation,131.8,OK
2055-10-12T15:55:34Z,R-01,Tracked,Temperature,-33.9,OK
2055-10-12T15:55:39Z,R-03,Walker,Radiation,99999.0,ERROR
2055-10-12T15:55:44Z,R-02,Hover,Atmosphere,91.5,OK
2055-10-12T15:55:45Z,R-03,Walker,Atmosphere,96.9,OK
2055-10-12T15:55:48Z,R-01,Tracked,Radiation,-100.0,ERROR
2055-10-12T15:55:49Z,R-02,Hover,Radiation,,ERROR
2055-10-12T15:55:50Z,R-04,Hover,Temperature,-37.1,OK
2055-10-12T15:55:51Z,R-03,Walker,Temperature,-69.7,ERROR
2055-10-12T15:55:55Z,R-02,Hover,Radiation,169.1,OK
2055-10-12T15:55:56Z,R-02,Hover,Radiation,465.2,WARNING
2055-10-12T15:55:59Z,R-03,Walker,Radiation,58.8,OK
2055-10-12T15:56:00Z,R-05,Tracked,Radiation,467.3,WARNING
2055-10-12T15:56:03Z,R-05,Tracked,Radiation,190.6,OK
2055-10-12T15:56:08Z,R-05,Tracked,Radiation,278.8,OK
2055-10-12T15:56:13Z,R-05,Tracked,Temperature,ERR,ERROR
2055-10-12T15:56:14Z,R-04,Hover,Temperature,-40.6,OK
2055-10-12T15:56:15Z,R-05,Tracked,Radiation,141.4,OK
2055-10-12T15:56:17Z,R-05,Tracked,Atmosphere,99.1,OK
2055-10-12T15:56:18Z,R-01,Tracked,Radiation,152.8,OK
2055-10-12T15:56:23Z,R-01,Tracked,Temperature,-26.9,OK
2055-10-12T15:56:25Z,R-05,Tracked,Radiation,280.3,OK
2055-10-12T15:56:27Z,R-04,Hover,Temperature,ERR,ERROR
2055-10-12T15:56:30Z,R-05,Tracked,Radiation,167.7,OK
2055-10-12T15:56:32Z,R-05,Tracked,Temperature,-57.5,OK
2055-10-12T15:56:34Z,R-05,Tracked,Radiation,183.4,OK
2055-10-12T15:56:35Z,R-01,Tracked,Radiation,167.7,OK
2055-10-12T15:56:40Z,R-02,Hover,Radiation,-100.0,ERROR
2055-10-12T15:56:41Z,R-03,Walker,Temperature,-57.2,OK
2055-10-12T15:56:45Z,R-01,Tracked,Radiation,224.3,OK
2055-10-12T15:56:47Z,R-04,Hover,Radiation,87.1,OK
2055-10-12T15:56:50Z,R-02,Hover,Temperature,-79.0,ERROR
2055-10-12T15:56:52Z,R-01,Tracked,Radiation,181.3,OK
2055-10-12T15:56:56Z,R-04,Hover,Atmosphere,NaN,ERROR
2055-10-12T15:56:57Z,R-05,Tracked,Temperature,-10.6,OK
2055-10-12T15:57:02Z,R-05,Tracked,Temperature,-59.9,OK
2055-10-12T15:57:06Z,R-02,Hover,Temperature,-57.4,OK
2055-10-12T15:57:09Z,R-03,Walker,Radiation,84.1,OK
2055-10-12T15:57:14Z,R-03,Walker,Atmosphere,97.1,ERROR
2055-10-12T15:57:19Z,R-05,Tracked,Radiation,121.1,OK
2055-10-12T15:57:21Z,R-05,Tracked,Radiation,290.9,OK
2055-10-12T15:57:22Z,R-01,Tracked,Temperature,-35.9,OK
2055-10-12T15:57:26Z,R-04,Hover,Atmosphere,90.0,OK
2055-10-12T15:57:30Z,R-03,Walker,Radiation,180.7,OK
2055-10-12T15:57:33Z,R-05,Tracked,Temperature,-21.2,OK
2055-10-12T15:57:34Z,R-03,Walker,Atmosphere,93.9,OK
2055-10-12T15:57:38Z,R-03,Walker,Temperature,-9999.0,ERROR
2055-10-12T15:57:40Z,R-02,Hover,Atmosphere,97.6,OK
2055-10-12T15:57:43Z,R-01,Tracked,Radiation,286.1,OK
2055-10-12T15:57:46Z,R-01,Tracked,Temperature,-25.6,OK
2055-10-12T15:57:50Z,R-05,Tracked,Atmosphere,,ERROR
2055-10-12T15:57:52Z,R-03,Walker,Atmosphere,95.2,OK
2055-10-12T15:57:54Z,R-01,Tracked,Atmosphere,96.0,OK
2055-10-12T15:57:58Z,R-05,Tracked,Temperature,-68.5,OK
2055-10-12T15:58:03Z,R-05,Tracked,Atmosphere,N/A,ERROR
2055-10-12T15:58:05Z,R-01,Tracked,Radiation,-100.0,ERROR
2055-10-12T15:58:09Z,R-05,Tracked,Temperature,,ERROR
2055-10-12T15:58:10Z,R-04,Hover,Temperature,,ERROR
2055-10-12T15:58:12Z,R-02,Hover,Atmosphere,95.1,OK
2055-10-12T15:58:16Z,R-02,Hover,Temperature,-67.0,OK
2055-10-12T15:58:21Z,R-05,Tracked,Radiation,277.2,OK
2055-10-12T15:58:26Z,R-04,Hover,Atmosphere,98.0,OK
2055-10-12T15:58:27Z,R-04,Hover,Temperature,,ERROR
2055-10-12T15:58:32Z,R-01,Tracked,Atmosphere,96.9,OK
2055-10-12T15:58:37Z,R-01,Tracked,Atmosphere,92.5,OK
2055-10-12T15:58:39Z,R-02,Hover,Atmosphere,98.8,OK
2055-10-12T15:58:42Z,R-04,Hover,Temperature,-42.2,OK
2055-10-12T15:58:43Z,R-03,Walker,Atmosphere,97.4,OK
2055-10-12T15:58:47Z,R-03,Walker,Atmosphere,97.5,OK
2055-10-12T15:58:52Z,R-04,Hover,Temperature,-12.9,OK
2055-10-12T15:58:53Z,R-05,Tracked,Temperature,-35.6,OK
2055-10-12T15:58:58Z,R-04,Hover,Radiation,257.9,OK
2055-10-12T15:59:01Z,R-03,Walker,Atmosphere,94.9,OK
2055-10-12T15:59:03Z,R-03,Walker,Atmosphere,#VALUE!,ERROR
2055-10-12T15:59:05Z,R-03,Walker,Radiation,125.2,OK
2055-10-12T15:59:10Z,R-02,Hover,Temperature,-16.1,OK
2055-10-12T15:59:15Z,R-04,Hover,Radiation,98.0,OK
2055-10-12T15:59:20Z,R-04,Hover,Temperature,-25.0,OK
2055-10-12T15:59:24Z,R-01,Tracked,Temperature,-12.7,OK
2055-10-12T15:59:26Z,R-03,Walker,Temperature,-64.0,OK
2055-10-12T15:59:30Z,R-03,Walker,Radiation,199.9,OK
2055-10-12T15:59:33Z,R-01,Tracked,Radiation,438.9,WARNING
2055-10-12T15:59:35Z,R-04,Hover,Radiation,259.5,OK
2055-10-12T15:59:37Z,R-01,Tracked,Atmosphere,NaN,ERROR
2055-10-12T15:59:38Z,R-05,Tracked,Atmosphere,96.6,OK
2055-10-12T15:59:41Z,R-03,Walker,Radiation,189.0,OK
2055-10-12T15:59:44Z,R-01,Tracked,Radiation,167.5,OK
2055-10-12T15:59:48Z,R-05,Tracked,Atmosphere,92.5,ERROR
2055-10-12T15:59:53Z,R-03,Walker,Temperature,-12.5,OK
2055-10-12T15:59:58Z,R-04,Hover,Atmosphere,93.9,OK
2055-10-12T16:00:02Z,R-02,Hover,Temperature,ERR,ERROR
2055-10-12T16:00:04Z,R-04,Hover,Radiation,99999.0,ERROR
2055-10-12T16:00:06Z,R-02,Hover,Radiation,75.4,OK
2055-10-12T16:00:09Z,R-02,Hover,Atmosphere,98.9,OK
2055-10-12T16:00:10Z,R-03,Walker,Radiation,69.1,ERROR
2055-10-12T16:00:12Z,R-03,Walker,Atmosphere,92.6,OK
2055-10-12T16:00:17Z,R-03,Walker,Temperature,-53.7,WARNING
2055-10-12T16:00:22Z,R-03,Walker,Radiation,#VALUE!,ERROR
2055-10-12T16:00:24Z,R-05,Tracked,Atmosphere,91.1,OK
2055-10-12T16:00:26Z,R-02,Hover,Radiation,188.4,OK
2055-10-12T16:00:29Z,R-02,Hover,Atmosphere,93.5,OK
2055-10-12T16:00:31Z,R-05,Tracked,Radiation,167.7,OK
2055-10-12T16:00:34Z,R-04,Hover,Radiation,291.0,OK
2055-10-12T16:00:37Z,R-02,Hover,Temperature,-51.3,OK
2055-10-12T16:00:41Z,R-03,Walker,Atmosphere,97.2,OK
2055-10-12T16:00:43Z,R-05,Tracked,Atmosphere,98.0,OK
2055-10-12T16:00:46Z,R-03,Walker,Radiation,70.1,OK
2055-10-12T16:00:47Z,R-05,Tracked,Temperature,-13.9,OK
2055-10-12T16:00:51Z,R-01,Tracked,Temperature,-68.3,OK
2055-10-12T16:00:52Z,R-05,Tracked,Radiation,70.9,OK
2055-10-12T16:00:54Z,R-03,Walker,Radiation,-100.0,ERROR
2055-10-12T16:00:59Z,R-02,Hover,Atmosphere,N/A,ERROR
2055-10-12T16:01:04Z,R-02,Hover,Radiation,124.5,OK
2055-10-12T16:01:09Z,R-03,Walker,Temperature,-78.8,OK
2055-10-12T16:01:13Z,R-01,Tracked,Temperature,-26.8,OK
2055-10-12T16:01:18Z,R-02,Hover,Temperature,-76.7,OK
2055-10-12T16:01:19Z,R-05,Tracked,Temperature,-47.8,OK
2055-10-12T16:01:21Z,R-01,Tracked,Atmosphere,96.4,ERROR
2055-10-12T16:01:23Z,R-04,Hover,Radiation,ERR,ERROR
2055-10-12T16:01:25Z,R-01,Tracked,Radiation,299.9,OK
2055-10-12T16:01:26Z,R-01,Tracked,Atmosphere,97.0,ERROR
2055-10-12T16:01:28Z,R-02,Hover,Atmosphere,90.8,OK
2055-10-12T16:01:31Z,R-02,Hover,Temperature,-75.4,OK
2055-10-12T16:01:32Z,R-04,Hover,Atmosphere,100.0,OK
2055-10-12T16:01:35Z,R-04,Hover,Radiation,275.6,OK
2055-10-12T16:01:40Z,R-04,Hover,Atmosphere,90.3,OK
2055-10-12T16:01:44Z,R-05,Tracked,Radiation,144.6,OK
2055-10-12T16:01:49Z,R-03,Walker,Temperature,-32.0,WARNING
2055-10-12T16:01:51Z,R-03,Walker,Radiation,147.4,OK
2055-10-12T16:01:54Z,R-03,Walker,Atmosphere,#VALUE!,ERROR
2055-10-12T16:01:55Z,R-05,Tracked,Temperature,-37.1,OK
2055-10-12T16:01:58Z,R-04,Hover,Radiation,N/A,ERROR
2055-10-12T16:02:01Z,R-02,Hover,Atmosphere,99.5,OK
2055-10-12T16:02:05Z,R-01,Tracked,Radiation,281.3,OK
2055-10-12T16:02:09Z,R-02,Hover,Atmosphere,98.8,OK
2055-10-12T16:02:13Z,R-04,Hover,Atmosphere,98.7,OK
2055-10-12T16:02:16Z,R-04,Hover,Temperature,-65.2,WARNING
2055-10-12T16:02:20Z,R-02,Hover,Temperature,-58.9,OK
2055-10-12T16:02:25Z,R-02,Hover,Radiation,174.2,OK
2055-10-12T16:02:28Z,R-01,Tracked,Radiation,206.9,OK
2055-10-12T16:02:31Z,R-03,Walker,Atmosphere,92.4,ERROR
2055-10-12T16:02:32Z,R-02,Hover,Atmosphere,93.9,OK
2055-10-12T16:02:35Z,R-02,Hover,Radiation,113.1,OK
2055-10-12T16:02:38Z,R-04,Hover,Radiation,111.8,OK
2055-10-12T16:02:39Z,R-01,Tracked,Atmosphere,91.5,OK
2055-10-12T16:02:44Z,R-03,Walker,Atmosphere,95.1,OK
2055-10-12T16:02:48Z,R-01,Tracked,Radiation,235.5,OK
2055-10-12T16:02:52Z,R-02,Hover,Radiation,179.0,OK
2055-10-12T16:02:57Z,R-01,Tracked,Radiation,,ERROR
2055-10-12T16:03:01Z,R-02,Hover,Temperature,-74.6,OK
2055-10-12T16:03:06Z,R-02,Hover,Temperature,,ERROR
2055-10-12T16:03:08Z,R-02,Hover,Temperature,-14.7,OK
2055-10-12T16:03:10Z,R-04,Hover,Radiation,276.4,OK
2055-10-12T16:03:13Z,R-04,Hover,Temperature,-48.4,OK
2055-10-12T16:03:16Z,R-02,Hover,Temperature,-53.1,OK
2055-10-12T16:03:18Z,R-02,Hover,Temperature,-26.3,OK
2055-10-12T16:03:23Z,R-05,Tracked,Temperature,-68.3,OK
2055-10-12T16:03:28Z,R-02,Hover,Temperature,,ERROR
2055-10-12T16:03:30Z,R-03,Walker,Atmosphere,98.6,OK
2055-10-12T16:03:33Z,R-05,Tracked,Temperature,-77.9,OK
2055-10-12T16:03:35Z,R-02,Hover,Radiation,N/A,ERROR
2055-10-12T16:03:40Z,R-03,Walker,Atmosphere,92.6,OK
2055-10-12T16:03:45Z,R-01,Tracked,Radiation,264.5,OK
2055-10-12T16:03:49Z,R-05,Tracked,Temperature,-65.0,OK
2055-10-12T16:03:50Z,R-02,Hover,Atmosphere,98.1,OK
2055-10-12T16:03:51Z,R-02,Hover,Atmosphere,96.6,OK
2055-10-12T16:03:53Z,R-04,Hover,Radiation,135.8,OK
2055-10-12T16:03:54Z,R-02,Hover,Radiation,249.6,OK
2055-10-12T16:03:58Z,R-01,Tracked,Temperature,-55.5,WARNING
2055-10-12T16:04:00Z,R-01,Tracked,Atmosphere,,ERROR
2055-10-12T16:04:04Z,R-05,Tracked,Radiation,54.8,OK
2055-10-12T16:04:09Z,R-03,Walker,Temperature,-17.2,OK
2055-10-12T16:04:12Z,R-04,Hover,Atmosphere,,ERROR
2055-10-12T16:04:17Z,R-01,Tracked,Radiation,92.2,OK
2055-10-12T16:04:20Z,R-03,Walker,Temperature,-9999.0,ERROR
2055-10-12T16:04:25Z,R-03,Walker,Radiation,80.8,OK
2055-10-12T16:04:27Z,R-02,Hover,Atmosphere,93.3,OK
2055-10-12T16:04:32Z,R-03,Walker,Radiation,222.0,OK
2055-10-12T16:04:34Z,R-05,Tracked,Radiation,149.9,OK
2055-10-12T16:04:38Z,R-05,Tracked,Temperature,,ERROR
2055-10-12T16:04:42Z,R-01,Tracked,Atmosphere,96.0,OK
2055-10-12T16:04:47Z,R-04,Hover,Temperature,-68.3,OK
2055-10-12T16:04:50Z,R-02,Hover,Radiation,160.5,OK
2055-10-12T16:04:55Z,R-01,Tracked,Radiation,99999.0,ERROR
2055-10-12T16:04:59Z,R-05,Tracked,Atmosphere,96.7,OK
2055-10-12T16:05:04Z,R-04,Hover,Atmosphere,90.4,OK
2055-10-12T16:05:05Z,R-01,Tracked,Radiation,92.7,OK
2055-10-12T16:05:07Z,R-02,Hover,Radiation,263.0,OK
2055-10-12T16:05:09Z,R-05,Tracked,Temperature,-48.7,ERROR
2055-10-12T16:05:11Z,R-01,Tracked,Temperature,-28.7,OK
2055-10-12T16:05:16Z,R-01,Tracked,Radiation,97.3,OK
2055-10-12T16:05:19Z,R-05,Tracked,Atmosphere,93.9,OK
2055-10-12T16:05:20Z,R-05,Tracked,Radiation,177.3,OK
2055-10-12T16:05:23Z,R-01,Tracked,Temperature,-63.2,OK
2055-10-12T16:05:25Z,R-03,Walker,Temperature,-13.6,OK
2055-10-12T16:05:28Z,R-03,Walker,Radiation,148.8,OK
2055-10-12T16:05:29Z,R-05,Tracked,Temperature,-71.6,OK
2055-10-12T16:05:31Z,R-04,Hover,Radiation,159.0,OK
2055-10-12T16:05:33Z,R-05,Tracked,Radiation,,ERROR
2055-10-12T16:05:34Z,R-05,Tracked,Radiation,269.3,OK
2055-10-12T16:05:35Z,R-03,Walker,Temperature,-40.6,OK
2055-10-12T16:05:38Z,R-03,Walker,Temperature,-75.4,ERROR
2055-10-12T16:05:43Z,R-02,Hover,Radiation,78.9,OK
2055-10-12T16:05:46Z,R-04,Hover,Radiation,120.3,OK
2055-10-12T16:05:47Z,R-03,Walker,Radiation,260.9,OK
2055-10-12T16:05:52Z,R-02,Hover,Temperature,-75.9,OK
2055-10-12T16:05:57Z,R-01,Tracked,Temperature,-32.2,OK
2055-10-12T16:06:01Z,R-04,Hover,Temperature,,ERROR
2055-10-12T16:06:05Z,R-03,Walker,Radiation,213.0,OK
2055-10-12T16:06:10Z,R-05,Tracked,Atmosphere,96.1,OK
2055-10-12T16:06:12Z,R-04,Hover,Atmosphere,99.2,OK
2055-10-12T16:06:13Z,R-05,Tracked,Atmosphere,95.3,OK
2055-10-12T16:06:17Z,R-03,Walker,Temperature,N/A,ERROR
2055-10-12T16:06:21Z,R-01,Tracked,Atmosphere,95.0,OK
2055-10-12T16:06:26Z,R-05,Tracked,Temperature,-77.8,OK
2055-10-12T16:06:28Z,R-04,Hover,Radiation,212.0,OK
2055-10-12T16:06:31Z,R-02,Hover,Temperature,-16.8,OK
2055-10-12T16:06:33Z,R-02,Hover,Atmosphere,98.1,OK
2055-10-12T16:06:36Z,R-03,Walker,Radiation,478.3,WARNING
2055-10-12T16:06:39Z,R-01,Tracked,Atmosphere,100.0,OK
2055-10-12T16:06:44Z,R-04,Hover,Temperature,-28.1,OK
2055-10-12T16:06:49Z,R-01,Tracked,Atmosphere,,ERROR
2055-10-12T16:06:54Z,R-04,Hover,Temperature,-45.8,OK
2055-10-12T16:06:55Z,R-03,Walker,Radiation,149.2,OK
2055-10-12T16:07:00Z,R-02,Hover,Temperature,-79.7,OK
2055-10-12T16:07:04Z,R-04,Hover,Radiation,259.6,OK
2055-10-12T16:07:08Z,R-01,Tracked,Atmosphere,95.7,OK
2055-10-12T16:07:12Z,R-05,Tracked,Temperature,-47.8,OK
2055-10-12T16:07:15Z,R-02,Hover,Temperature,-66.1,OK
2055-10-12T16:07:16Z,R-04,Hover,Radiation,164.9,OK
2055-10-12T16:07:17Z,R-05,Tracked,Atmosphere,95.4,OK
2055-10-12T16:07:21Z,R-01,Tracked,Temperature,-36.5,OK
2055-10-12T16:07:24Z,R-02,Hover,Atmosphere,95.9,OK
2055-10-12T16:07:26Z,R-02,Hover,Radiation,147.9,OK
2055-10-12T16:07:27Z,R-02,Hover,Radiation,96.2,OK
2055-10-12T16:07:29Z,R-02,Hover,Radiation,69.2,OK
2055-10-12T16:07:33Z,R-01,Tracked,Atmosphere,94.7,OK
2055-10-12T16:07:34Z,R-01,Tracked,Temperature,-53.9,OK
2055-10-12T16:07:38Z,R-02,Hover,Radiation,66.5,OK
2055-10-12T16:07:41Z,R-02,Hover,Radiation,201.6,OK
2055-10-12T16:07:43Z,R-01,Tracked,Temperature,-64.1,OK
2055-10-12T16:07:44Z,R-04,Hover,Atmosphere,95.9,OK
2055-10-12T16:07:47Z,R-03,Walker,Atmosphere,,ERROR
2055-10-12T16:07:49Z,R-01,Tracked,Atmosphere,,ERROR
2055-10-12T16:07:54Z,R-03,Walker,Radiation,242.5,OK
2055-10-12T16:07:59Z,R-03,Walker,Radiation,-100.0,ERROR
2055-10-12T16:08:02Z,R-01,Tracked,Atmosphere,97.2,OK
2055-10-12T16:08:06Z,R-02,Hover,Temperature,,ERROR
2055-10-12T16:08:07Z,R-03,Walker,Atmosphere,91.0,OK
2055-10-12T16:08:11Z,R-03,Walker,Temperature,-61.5,OK
2055-10-12T16:08:12Z,R-01,Tracked,Atmosphere,94.1,OK
2055-10-12T16:08:16Z,R-04,Hover,Temperature,-65.8,OK
2055-10-12T16:08:21Z,R-05,Tracked,Temperature,-76.7,OK
2055-10-12T16:08:22Z,R-01,Tracked,Atmosphere,93.0,OK
2055-10-12T16:08:24Z,R-03,Walker,Radiation,218.4,OK
2055-10-12T16:08:26Z,R-01,Tracked,Radiation,498.6,WARNING
2055-10-12T16:08:27Z,R-04,Hover,Radiation,131.8,OK
2055-10-12T16:08:30Z,R-02,Hover,Radiation,252.0,OK
2055-10-12T16:08:34Z,R-02,Hover,Radiation,159.4,OK
2055-10-12T16:08:39Z,R-04,Hover,Radiation,219.3,OK
2055-10-12T16:08:44Z,R-05,Tracked,Radiation,432.3,WARNING
2055-10-12T16:08:45Z,R-02,Hover,Radiation,108.2,OK
2055-10-12T16:08:49Z,R-01,Tracked,Radiation,84.9,OK
2055-10-12T16:08:54Z,R-04,Hover,Temperature,-66.6,OK
2055-10-12T16:08:58Z,R-01,Tracked,Radiation,136.4,OK
2055-10-12T16:09:01Z,R-05,Tracked,Radiation,151.4,OK
2055-10-12T16:09:04Z,R-02,Hover,Atmosphere,99.0,ERROR
2055-10-12T16:09:09Z,R-04,Hover,Atmosphere,96.1,OK
2055-10-12T16:09:13Z,R-03,Walker,Atmosphere,93.8,OK
2055-10-12T16:09:16Z,R-04,Hover,Atmosphere,92.2,OK
2055-10-12T16:09:19Z,R-03,Walker,Temperature,-55.0,OK
2055-10-12T16:09:23Z,R-02,Hover,Temperature,-53.8,OK
2055-10-12T16:09:28Z,R-01,Tracked,Atmosphere,95.1,OK
2055-10-12T16:09:29Z,R-05,Tracked,Radiation,219.2,OK
2055-10-12T16:09:31Z,R-03,Walker,Temperature,-19.2,OK
2055-10-12T16:09:36Z,R-02,Hover,Temperature,-22.2,OK
2055-10-12T16:09:38Z,R-01,Tracked,Temperature,NULL,ERROR
2055-10-12T16:09:40Z,R-03,Walker,Temperature,-79.2,OK
2055-10-12T16:09:45Z,R-05,Tracked,Radiation,233.7,OK
2055-10-12T16:09:46Z,R-02,Hover,Atmosphere,97.0,OK
2055-10-12T16:09:50Z,R-03,Walker,Atmosphere,92.6,OK
2055-10-12T16:09:54Z,R-01,Tracked,Radiation,167.6,OK
2055-10-12T16:09:59Z,R-04,Hover,Radiation,74.4,OK
2055-10-12T16:10:04Z,R-01,Tracked,Atmosphere,94.4,OK
2055-10-12T16:10:08Z,R-05,Tracked,Radiation,133.6,OK
2055-10-12T16:10:13Z,R-04,Hover,Temperature,-17.0,OK
2055-10-12T16:10:14Z,R-04,Hover,Atmosphere,97.6,OK
2055-10-12T16:10:15Z,R-01,Tracked,Temperature,-45.4,OK
2055-10-12T16:10:18Z,R-03,Walker,Radiation,94.2,OK
2055-10-12T16:10:22Z,R-03,Walker,Temperature,-65.5,OK
2055-10-12T16:10:24Z,R-02,Hover,Temperature,-16.2,OK
2055-10-12T16:10:25Z,R-03,Walker,Temperature,-77.7,OK
2055-10-12T16:10:26Z,R-04,Hover,Atmosphere,91.7,OK
2055-10-12T16:10:27Z,R-04,Hover,Radiation,97.4,OK
2055-10-12T16:10:32Z,R-04,Hover,Temperature,-74.1,OK
2055-10-12T16:10:33Z,R-03,Walker,Atmosphere,95.4,OK
2055-10-12T16:10:35Z,R-03,Walker,Atmosphere,95.8,OK
2055-10-12T16:10:40Z,R-05,Tracked,Temperature,-43.4,OK
2055-10-12T16:10:43Z,R-03,Walker,Radiation,235.1,OK
2055-10-12T16:10:46Z,R-04,Hover,Radiation,136.1,OK
2055-10-12T16:10:49Z,R-05,Tracked,Radiation,-100.0,ERROR
2055-10-12T16:10:54Z,R-02,Hover,Radiation,178.7,OK
2055-10-12T16:10:57Z,R-03,Walker,Radiation,75.9,OK
2055-10-12T16:11:00Z,R-04,Hover,Radiation,196.0,OK
2055-10-12T16:11:04Z,R-03,Walker,Temperature,-56.4,OK
2055-10-12T16:11:08Z,R-03,Walker,Temperature,,ERROR
2055-10-12T16:11:11Z,R-01,Tracked,Atmosphere,92.8,OK
2055-10-12T16:11:16Z,R-05,Tracked,Atmosphere,91.3,OK
2055-10-12T16:11:19Z,R-02,Hover,Temperature,-59.8,OK
2055-10-12T16:11:23Z,R-02,Hover,Radiation,161.4,OK
2055-10-12T16:11:24Z,R-03,Walker,Radiation,148.3,OK
2055-10-12T16:11:26Z,R-02,Hover,Atmosphere,91.1,WARNING
2055-10-12T16:11:30Z,R-01,Tracked,Radiation,99999.0,ERROR
2055-10-12T16:11:31Z,R-05,Tracked,Radiation,107.7,OK
2055-10-12T16:11:33Z,R-03,Walker,Temperature,-13.4,OK
2055-10-12T16:11:36Z,R-04,Hover,Radiation,72.4,OK
2055-10-12T16:11:37Z,R-01,Tracked,Temperature,NULL,ERROR
2055-10-12T16:11:38Z,R-04,Hover,Radiation,179.3,OK
2055-10-12T16:11:41Z,R-02,Hover,Temperature,-32.4,ERROR
2055-10-12T16:11:45Z,R-03,Walker,Radiation,239.6,OK
2055-10-12T16:11:49Z,R-03,Walker,Radiation,60.5,OK
2055-10-12T16:11:54Z,R-01,Tracked,Radiation,179.1,OK
2055-10-12T16:11:58Z,R-02,Hover,Atmosphere,99.0,OK
2055-10-12T16:12:02Z,R-02,Hover,Radiation,253.3,OK
2055-10-12T16:12:03Z,R-03,Walker,Radiation,140.0,OK
2055-10-12T16:12:07Z,R-04,Hover,Radiation,97.4,OK
2055-10-12T16:12:09Z,R-05,Tracked,Radiation,230.4,OK
2055-10-12T16:12:10Z,R-02,Hover,Temperature,-22.7,OK
2055-10-12T16:12:15Z,R-05,Tracked,Atmosphere,,ERROR
2055-10-12T16:12:20Z,R-01,Tracked,Radiation,83.1,OK
2055-10-12T16:12:25Z,R-04,Hover,Radiation,242.0,OK
2055-10-12T16:12:26Z,R-03,Walker,Radiation,N/A,ERROR
2055-10-12T16:12:28Z,R-03,Walker,Temperature,-28.1,OK
2055-10-12T16:12:29Z,R-05,Tracked,Temperature,-30.7,OK
2055-10-12T16:12:34Z,R-05,Tracked,Temperature,-74.3,OK
2055-10-12T16:12:37Z,R-05,Tracked,Atmosphere,92.1,OK
2055-10-12T16:12:39Z,R-02,Hover,Temperature,-70.5,OK
2055-10-12T16:12:42Z,R-04,Hover,Radiation,266.0,OK
2055-10-12T16:12:43Z,R-01,Tracked,Radiation,99999.0,ERROR
2055-10-12T16:12:44Z,R-04,Hover,Temperature,-66.7,ERROR
2055-10-12T16:12:46Z,R-02,Hover,Radiation,186.9,OK
2055-10-12T16:12:49Z,R-01,Tracked,Radiation,186.9,OK
2055-10-12T16:12:52Z,R-05,Tracked,Temperature,-30.3,OK
2055-10-12T16:12:53Z,R-03,Walker,Atmosphere,91.6,OK
2055-10-12T16:12:56Z,R-05,Tracked,Radiation,153.7,OK
2055-10-12T16:13:00Z,R-04,Hover,Atmosphere,96.3,OK
2055-10-12T16:13:05Z,R-03,Walker,Radiation,183.8,OK
2055-10-12T16:13:10Z,R-05,Tracked,Temperature,-21.7,OK
2055-10-12T16:13:11Z,R-01,Tracked,Temperature,-73.2,OK
2055-10-12T16:13:14Z,R-02,Hover,Atmosphere,98.3,OK
2055-10-12T16:13:15Z,R-04,Hover,Radiation,145.5,OK
2055-10-12T16:13:16Z,R-04,Hover,Temperature,-64.6,OK
2055-10-12T16:13:21Z,R-05,Tracked,Atmosphere,93.2,OK
2055-10-12T16:13:22Z,R-03,Walker,Radiation,174.3,OK
2055-10-12T16:13:25Z,R-01,Tracked,Radiation,150.0,OK
2055-10-12T16:13:30Z,R-03,Walker,Temperature,-9999.0,ERROR
2055-10-12T16:13:35Z,R-05,Tracked,Radiation,165.8,OK
2055-10-12T16:13:38Z,R-02,Hover,Temperature,-54.6,OK
2055-10-12T16:13:39Z,R-05,Tracked,Radiation,-100.0,ERROR
2055-10-12T16:13:42Z,R-04,Hover,Temperature,-10.9,OK
2055-10-12T16:13:47Z,R-04,Hover,Atmosphere,99.7,OK
2055-10-12T16:13:48Z,R-03,Walker,Atmosphere,92.3,OK
2055-10-12T16:13:52Z,R-05,Tracked,Radiation,178.1,ERROR
2055-10-12T16:13:55Z,R-04,Hover,Temperature,5000.0,ERROR
2055-10-12T16:14:00Z,R-01,Tracked,Temperature,-62.8,OK
2055-10-12T16:14:03Z,R-04,Hover,Temperature,ERR,ERROR
2055-10-12T16:14:05Z,R-02,Hover,Temperature,-25.2,OK
2055-10-12T16:14:07Z,R-02,Hover,Radiation,101.4,OK
2055-10-12T16:14:08Z,R-01,Tracked,Atmosphere,97.9,OK
2055-10-12T16:14:13Z,R-02,Hover,Temperature,-47.6,OK
2055-10-12T16:14:15Z,R-04,Hover,Radiation,98.6,OK
2055-10-12T16:14:18Z,R-04,Hover,Temperature,-58.1,OK
2055-10-12T16:14:20Z,R-05,Tracked,Radiation,101.5,OK
2055-10-12T16:14:23Z,R-01,Tracked,Radiation,65.4,OK
2055-10-12T16:14:25Z,R-05,Tracked,Radiation,-100.0,ERROR
2055-10-12T16:14:27Z,R-01,Tracked,Atmosphere,93.7,OK
2055-10-12T16:14:32Z,R-02,Hover,Temperature,-39.4,OK
2055-10-12T16:14:35Z,R-05,Tracked,Temperature,-39.0,WARNING
2055-10-12T16:14:40Z,R-03,Walker,Atmosphere,,ERROR
2055-10-12T16:14:43Z,R-01,Tracked,Radiation,125.3,OK
2055-10-12T16:14:48Z,R-05,Tracked,Radiation,197.7,OK
2055-10-12T16:14:50Z,R-02,Hover,Temperature,-57.8,OK
2055-10-12T16:14:51Z,R-05,Tracked,Atmosphere,91.2,OK
2055-10-12T16:14:56Z,R-05,Tracked,Atmosphere,99.7,OK
2055-10-12T16:15:00Z,R-01,Tracked,Atmosphere,95.6,OK
2055-10-12T16:15:04Z,R-01,Tracked,Radiation,109.9,OK
2055-10-12T16:15:07Z,R-04,Hover,Temperature,-22.9,OK
2055-10-12T16:15:10Z,R-05,Tracked,Radiation,183.2,OK
2055-10-12T16:15:11Z,R-02,Hover,Temperature,-74.1,OK
2055-10-12T16:15:12Z,R-05,Tracked,Radiation,251.1,OK
2055-10-12T16:15:13Z,R-03,Walker,Radiation,182.4,OK
2055-10-12T16:15:14Z,R-05,Tracked,Radiation,298.5,OK
2055-10-12T16:15:16Z,R-04,Hover,Radiation,267.6,ERROR
2055-10-12T16:15:20Z,R-01,Tracked,Temperature,-20.4,WARNING
2055-10-12T16:15:24Z,R-04,Hover,Temperature,-18.9,OK
2055-10-12T16:15:29Z,R-05,Tracked,Radiation,118.6,OK
2055-10-12T16:15:30Z,R-03,Walker,Radiation,-100.0,ERROR
2055-10-12T16:15:31Z,R-04,Hover,Temperature,#VALUE!,ERROR
2055-10-12T16:15:33Z,R-04,Hover,Temperature,-53.5,OK
2055-10-12T16:15:37Z,R-02,Hover,Temperature,-74.4,OK
2055-10-12T16:15:42Z,R-05,Tracked,Temperature,-28.0,OK
2055-10-12T16:15:45Z,R-05,Tracked,Atmosphere,96.8,OK
2055-10-12T16:15:50Z,R-03,Walker,Temperature,-55.5,OK
2055-10-12T16:15:55Z,R-05,Tracked,Temperature,-31.2,OK
2055-10-12T16:15:58Z,R-04,Hover,Radiation,240.8,OK
2055-10-12T16:15:59Z,R-02,Hover,Atmosphere,#VALUE!,ERROR
2055-10-12T16:16:01Z,R-01,Tracked,Radiation,251.8,OK
2055-10-12T16:16:06Z,R-05,Tracked,Temperature,ERR,ERROR
2055-10-12T16:16:08Z,R-01,Tracked,Temperature,-69.5,OK
2055-10-12T16:16:13Z,R-03,Walker,Radiation,225.9,OK
2055-10-12T16:16:14Z,R-05,Tracked,Radiation,77.3,OK
2055-10-12T16:16:19Z,R-05,Tracked,Atmosphere,91.9,OK
2055-10-12T16:16:23Z,R-04,Hover,Radiation,121.0,OK
2055-10-12T16:16:24Z,R-01,Tracked,Radiation,261.9,OK
2055-10-12T16:16:25Z,R-03,Walker,Temperature,NaN,ERROR
2055-10-12T16:16:28Z,R-03,Walker,Temperature,-31.4,OK
2055-10-12T16:16:33Z,R-05,Tracked,Temperature,NULL,ERROR
2055-10-12T16:16:34Z,R-05,Tracked,Temperature,-54.5,OK
2055-10-12T16:16:38Z,R-05,Tracked,Radiation,121.7,OK
2055-10-12T16:16:43Z,R-02,Hover,Radiation,154.5,OK
2055-10-12T16:16:48Z,R-04,Hover,Radiation,125.0,OK
2055-10-12T16:16:51Z,R-02,Hover,Radiation,128.2,OK
2055-10-12T16:16:56Z,R-05,Tracked,Atmosphere,94.7,OK
2055-10-12T16:17:01Z,R-01,Tracked,Temperature,,ERROR
2055-10-12T16:17:05Z,R-01,Tracked,Temperature,-23.3,OK
2055-10-12T16:17:08Z,R-03,Walker,Atmosphere,92.2,WARNING
2055-10-12T16:17:10Z,R-05,Tracked,Radiation,246.9,OK
2055-10-12T16:17:11Z,R-01,Tracked,Temperature,-21.9,OK
2055-10-12T16:17:14Z,R-05,Tracked,Radiation,457.6,WARNING
2055-10-12T16:17:15Z,R-01,Tracked,Atmosphere,98.4,OK
2055-10-12T16:17:18Z,R-02,Hover,Temperature,-18.8,OK
2055-10-12T16:17:22Z,R-05,Tracked,Temperature,-24.6,OK
2055-10-12T16:17:27Z,R-01,Tracked,Temperature,-51.3,WARNING
2055-10-12T16:17:32Z,R-02,Hover,Radiation,172.4,OK
2055-10-12T16:17:35Z,R-05,Tracked,Radiation,70.8,OK
2055-10-12T16:17:39Z,R-03,Walker,Temperature,-72.8,OK
2055-10-12T16:17:40Z,R-02,Hover,Atmosphere,90.9,ERROR
2055-10-12T16:17:42Z,R-04,Hover,Radiation,86.4,OK
2055-10-12T16:17:45Z,R-03,Walker,Atmosphere,92.1,OK
2055-10-12T16:17:47Z,R-02,Hover,Atmosphere,,ERROR
2055-10-12T16:17:49Z,R-04,Hover,Temperature,-71.1,OK
2055-10-12T16:17:53Z,R-05,Tracked,Radiation,162.7,OK
2055-10-12T16:17:57Z,R-02,Hover,Atmosphere,91.3,OK
2055-10-12T16:17:59Z,R-02,Hover,Temperature,-62.3,OK
2055-10-12T16:18:01Z,R-02,Hover,Atmosphere,96.8,OK
2055-10-12T16:18:05Z,R-03,Walker,Radiation,121.8,ERROR
2055-10-12T16:18:10Z,R-05,Tracked,Radiation,149.8,OK
2055-10-12T16:18:11Z,R-02,Hover,Atmosphere,N/A,ERROR
2055-10-12T16:18:13Z,R-01,Tracked,Temperature,-11.6,OK
2055-10-12T16:18:17Z,R-02,Hover,Radiation,268.6,OK
2055-10-12T16:18:22Z,R-05,Tracked,Radiation,66.8,OK
2055-10-12T16:18:27Z,R-05,Tracked,Atmosphere,95.6,WARNING
2055-10-12T16:18:29Z,R-03,Walker,Atmosphere,90.9,OK
2055-10-12T16:18:31Z,R-02,Hover,Radiation,,ERROR
2055-10-12T16:18:33Z,R-05,Tracked,Radiation,64.6,OK
2055-10-12T16:18:38Z,R-03,Walker,Temperature,-55.9,OK
2055-10-12T16:18:42Z,R-04,Hover,Atmosphere,90.1,OK
2055-10-12T16:18:46Z,R-05,Tracked,Radiation,168.9,OK
2055-10-12T16:18:51Z,R-03,Walker,Temperature,-38.4,OK
2055-10-12T16:18:52Z,R-01,Tracked,Atmosphere,92.5,OK
2055-10-12T16:18:57Z,R-01,Tracked,Temperature,-67.1,OK
2055-10-12T16:18:58Z,R-03,Walker,Atmosphere,93.4,OK
2055-10-12T16:19:02Z,R-05,Tracked,Atmosphere,96.0,OK
2055-10-12T16:19:06Z,R-05,Tracked,Radiation,445.8,WARNING
2055-10-12T16:19:09Z,R-04,Hover,Atmosphere,94.6,OK
2055-10-12T16:19:10Z,R-04,Hover,Radiation,227.6,OK
2055-10-12T16:19:13Z,R-01,Tracked,Atmosphere,94.4,OK
2055-10-12T16:19:14Z,R-05,Tracked,Temperature,-79.9,OK
2055-10-12T16:19:16Z,R-02,Hover,Atmosphere,98.3,OK
2055-10-12T16:19:21Z,R-05,Tracked,Atmosphere,90.6,OK
2055-10-12T16:19:23Z,R-03,Walker,Temperature,-70.9,OK
2055-10-12T16:19:26Z,R-02,Hover,Radiation,155.4,OK
2055-10-12T16:19:30Z,R-03,Walker,Radiation,105.0,OK
2055-10-12T16:19:35Z,R-04,Hover,Temperature,-34.4,OK
2055-10-12T16:19:37Z,R-01,Tracked,Radiation,112.7,OK
2055-10-12T16:19:42Z,R-01,Tracked,Atmosphere,96.5,OK
2055-10-12T16:19:45Z,R-02,Hover,Atmosphere,98.9,ERROR
2055-10-12T16:19:50Z,R-03,Walker,Atmosphere,94.7,OK
2055-10-12T16:19:55Z,R-01,Tracked,Atmosphere,95.7,OK
2055-10-12T16:19:59Z,R-05,Tracked,Radiation,141.0,OK
2055-10-12T16:20:04Z,R-01,Tracked,Radiation,297.6,OK
2055-10-12T16:20:08Z,R-05,Tracked,Radiation,,ERROR
2055-10-12T16:20:10Z,R-02,Hover,Temperature,-15.4,OK
2055-10-12T16:20:12Z,R-04,Hover,Atmosphere,91.1,OK
2055-10-12T16:20:15Z,R-05,Tracked,Radiation,256.3,OK
2055-10-12T16:20:16Z,R-01,Tracked,Temperature,-61.3,OK
2055-10-12T16:20:18Z,R-02,Hover,Temperature,-57.7,OK
2055-10-12T16:20:19Z,R-01,Tracked,Atmosphere,91.4,OK
2055-10-12T16:20:23Z,R-04,Hover,Radiation,#VALUE!,ERROR
2055-10-12T16:20:27Z,R-03,Walker,Radiation,171.9,ERROR
2055-10-12T16:20:29Z,R-04,Hover,Radiation,94.9,OK
2055-10-12T16:20:30Z,R-05,Tracked,Radiation,130.5,OK
2055-10-12T16:20:32Z,R-02,Hover,Temperature,-34.9,OK
2055-10-12T16:20:37Z,R-05,Tracked,Radiation,123.3,OK
2055-10-12T16:20:40Z,R-05,Tracked,Temperature,-40.8,WARNING
2055-10-12T16:20:45Z,R-02,Hover,Radiation,242.0,OK
2055-10-12T16:20:48Z,R-05,Tracked,Atmosphere,96.6,OK
2055-10-12T16:20:53Z,R-03,Walker,Atmosphere,92.2,OK
2055-10-12T16:20:55Z,R-03,Walker,Atmosphere,95.4,OK
2055-10-12T16:20:57Z,R-04,Hover,Temperature,-14.9,OK
2055-10-12T16:21:00Z,R-04,Hover,Atmosphere,98.5,OK
2055-10-12T16:21:05Z,R-02,Hover,Radiation,225.4,OK
2055-10-12T16:21:06Z,R-01,Tracked,Radiation,67.7,OK
2055-10-12T16:21:10Z,R-04,Hover,Temperature,-41.2,OK
2055-10-12T16:21:14Z,R-03,Walker,Temperature,-59.6,OK
2055-10-12T16:21:18Z,R-02,Hover,Temperature,-79.2,OK
2055-10-12T16:21:19Z,R-01,Tracked,Temperature,-76.2,OK
2055-10-12T16:21:24Z,R-05,Tracked,Atmosphere,96.2,OK
2055-10-12T16:21:28Z,R-04,Hover,Temperature,#VALUE!,ERROR
